age,gender,marital_status,education,monthly_salary,employment_type,years_of_employment,company_type,house_type,monthly_rent,family_size,dependents,school_fees,college_fees,travel_expenses,groceries_utilities,other_monthly_expenses,existing_loans,current_emi_amount,credit_score,bank_balance,emergency_fund,emi_scenario,requested_amount,requested_tenure,emi_eligibility,max_monthly_emi
32.0,Male,Single,Professional,41100.0,Private,2.5,Startup,Rented,9000.0,2,1,11100.0,0.0,5100.0,10200.0,7200.0,No,0.0,716.0,159700.0,95600.0,E-commerce Shopping EMI,104000.0,15,Not_Eligible,500.0
48.0,Female,Married,Graduate,37900.0,Private,5.4,Large Indian,Rented,13000.0,4,3,0.0,0.0,3200.0,5900.0,5200.0,No,0.0,730.0,59700.0,24600.0,Personal Loan EMI,518000.0,57,Not_Eligible,4240.0
38.0,Female,Married,Graduate,39900.0,Private,0.5,MNC,Family,0.0,5,4,0.0,0.0,4000.0,10000.0,7000.0,Yes,11000.0,626.0,205300.0,61900.0,Vehicle EMI,900000.0,15,Not_Eligible,1769.6
27.0,Male,Single,Post Graduate,26000.0,Government,2.2,Mid-size,Family,0.0,1,0,0.0,0.0,3100.0,6800.0,4300.0,No,0.0,849.0,21300.0,11400.0,E-commerce Shopping EMI,198000.0,7,Not_Eligible,5664.0
27.0,Female,Single,Post Graduate,71600.0,Government,0.6,Mid-size,Family,0.0,2,1,7700.0,8100.0,9800.0,16900.0,6200.0,Yes,9500.0,706.0,54700.0,31600.0,Home Appliances EMI,226000.0,27,Not_Eligible,3752.0
38.0,Male,Married,Post Graduate,112800.0,Private,0.9,Startup,Rented,17500.0,4,3,0.0,16400.0,16100.0,31200.0,8000.0,Yes,33300.0,738.0,402700.0,240000.0,E-commerce Shopping EMI,27000.0,24,Not_Eligible,500.0
58.0,Male,Married,Graduate,33400.0,Private,2.7,Large Indian,Family,0.0,3,2,8100.0,0.0,2100.0,7400.0,4700.0,Yes,6100.0,719.0,206900.0,85000.0,Education EMI,342000.0,31,Not_Eligible,1925.0
48.0,Female,Single,Professional,53200.0,Government,3.7,MNC,Own,0.0,1,0,0.0,0.0,4600.0,13100.0,6900.0,No,0.0,673.0,387300.0,165100.0,Home Appliances EMI,252000.0,36,Eligible,17303.0
58.0,Male,Married,Graduate,44100.0,Government,14.6,Large Indian,Own,0.0,3,2,11200.0,7600.0,4000.0,10000.0,2700.0,Yes,11300.0,680.0,211200.0,60400.0,Education EMI,214000.0,22,Not_Eligible,500.0
27.0,Male,Single,Graduate,33900.0,Private,1.0,Large Indian,Family,0.0,1,0,0.0,0.0,2900.0,8400.0,1900.0,Yes,7600.0,,242800.0,83600.0,Home Appliances EMI,133000.0,30,Not_Eligible,5043.5
32.0,Male,Married,Graduate,95900.0,Government,2.2,Startup,Family,0.0,2,1,14300.0,0.0,14100.0,26000.0,15500.0,No,0.0,763.0,288600.0,170500.0,Vehicle EMI,1.394e+06,32,Not_Eligible,15600.0
27.0,Male,Single,Graduate,82700.0,Private,0.8,Small,Family,0.0,1,0,0.0,0.0,12200.0,12700.0,13300.0,No,0.0,689.0,331200.0,88700.0,Home Appliances EMI,110000.0,34,Eligible,17800.0
48.0,Male,Married,Professional,99100.0,Private,2.5,Mid-size,Rented,20900.0,2,1,3200.0,0.0,7500.0,18200.0,17100.0,No,0.0,720.0,350300.0,137900.0,Education EMI,383000.0,48,Eligible,16100.0
38.0,Male,Married,Graduate,32100.0,Private,10.0,MNC,Rented,7700.0,4,3,0.0,7400.0,2200.0,6900.0,4700.0,No,0.0,735.0,128200.0,68800.0,Personal Loan EMI,393000.0,22,Not_Eligible,1600.0
27.0,Female,Married,Post Graduate,107500.0,Private,1.1,Large Indian,Family,0.0,3,2,0.0,24900.0,13400.0,23800.0,8700.0,Yes,26000.0,666.0,137900.0,38200.0,Home Appliances EMI,134000.0,13,Not_Eligible,2996.0
58.0,Female,Married,Professional,91500.0,Government,13.0,Large Indian,Rented,19000.0,2,1,3700.0,24300.0,10100.0,19400.0,9800.0,Yes,14400.0,684.0,368500.0,217800.0,Personal Loan EMI,101000.0,35,Not_Eligible,500.0
58.0,Male,Married,Graduate,29800.0,Private,7.7,MNC,Own,0.0,4,3,5500.0,10500.0,3200.0,8700.0,2900.0,No,0.0,713.0,216700.0,110800.0,Vehicle EMI,870000.0,72,Not_Eligible,500.0
32.0,Male,Married,Graduate,41200.0,Private,2.5,Mid-size,Own,0.0,2,1,11000.0,0.0,5900.0,7500.0,4000.0,No,0.0,632.0,262500.0,149200.0,Home Appliances EMI,174000.0,31,Not_Eligible,5632.0
48.0,Male,Married,Post Graduate,68100.0,Private,7.7,Large Indian,Own,0.0,3,2,5500.0,0.0,6300.0,15400.0,6400.0,Yes,13300.0,620.0,327000.0,169800.0,Personal Loan EMI,459000.0,54,Not_Eligible,5936.0
27.0,Male,Single,Graduate,50800.0,Government,1.2,Startup,Own,0.0,3,2,11000.0,6900.0,3100.0,13000.0,3100.0,No,0.0,796.0,319500.0,155200.0,Home Appliances EMI,109000.0,14,High_Risk,9042.0
32.0,Male,Married,Professional,66500.0,Government,5.1,Large Indian,Rented,15600.0,5,4,0.0,0.0,4000.0,12700.0,4400.0,Yes,16300.0,737.0,450100.0,133000.0,Home Appliances EMI,245000.0,6,Not_Eligible,5717.25
58.0,Male,Single,Post Graduate,46700.0,Private,5.7,Large Indian,Own,0.0,1,0,0.0,0.0,4200.0,7600.0,3000.0,No,0.0,726.0,245300.0,141000.0,Education EMI,127000.0,37,Eligible,15950.0
48.0,Male,Married,Graduate,33300.0,Government,1.1,Startup,Own,0.0,3,2,0.0,8900.0,2100.0,8700.0,6100.0,Yes,8700.0,722.0,102900.0,33400.0,Personal Loan EMI,775000.0,58,Not_Eligible,500.0
32.0,Female,Married,Graduate,22700.0,Government,1.2,Mid-size,Family,0.0,4,3,0.0,19300.0,2000.0,5100.0,3500.0,No,0.0,701.0,110400.0,28600.0,Vehicle EMI,1.209e+06,18,Not_Eligible,500.0
32.0,Male,Married,Post Graduate,39300.0,Private,0.5,Mid-size,Own,0.0,4,3,8400.0,7500.0,5800.0,9600.0,4800.0,No,0.0,685.0,170300.0,72200.0,Vehicle EMI,705000.0,75,Not_Eligible,1280.0
27.0,Male,Single,Post Graduate,86500.0,Private,0.5,Small,Family,0.0,2,1,3800.0,0.0,6700.0,22500.0,13700.0,No,0.0,715.0,279900.0,143100.0,Vehicle EMI,1.35e+06,24,Not_Eligible,15920.0
48.0,Male,Married,Professional,22500.0,Government,2.1,Large Indian,Rented,4800.0,2,1,2400.0,0.0,1700.0,4000.0,3800.0,Yes,3000.0,679.0,130800.0,39700.0,E-commerce Shopping EMI,155000.0,10,Not_Eligible,980.0
38.0,Male,Married,Post Graduate,45200.0,Government,5.9,MNC,Family,0.0,5,4,0.0,0.0,4200.0,12600.0,4800.0,No,0.0,702.0,347100.0,185000.0,Personal Loan EMI,516000.0,25,Not_Eligible,14278.0
38.0,Male,Married,Graduate,35400.0,Private,2.3,Mid-size,Rented,10800.0,3,2,5000.0,14100.0,4800.0,9600.0,5200.0,Yes,10600.0,642.0,247000.0,106100.0,Home Appliances EMI,292000.0,19,Not_Eligible,500.0
48.0,Male,Married,Post Graduate,71800.0,Self-employed,3.5,Large Indian,Rented,20400.0,2,1,0.0,0.0,7400.0,17100.0,5200.0,Yes,8100.0,713.0,358600.0,151800.0,Home Appliances EMI,47000.0,35,Eligible,4284.0
48.0,Male,Married,Post Graduate,125400.0,Private,3.0,Startup,Rented,24700.0,3,2,10100.0,0.0,9200.0,29800.0,21100.0,No,0.0,738.0,996300.0,340300.0,Personal Loan EMI,588000.0,24,Not_Eligible,16775.0
38.0,Female,Single,High School,29600.0,Government,5.8,Startup,Own,0.0,3,2,5400.0,0.0,3300.0,5300.0,1800.0,No,0.0,639.0,44200.0,13600.0,Education EMI,347000.0,32,Not_Eligible,4857.6
32.0,Female,Single,High School,61200.0,Private,2.0,MNC,Rented,18500.0,2,1,3400.0,20300.0,3700.0,10400.0,11600.0,Yes,12400.0,717.0,227400.0,134800.0,Education EMI,401000.0,7,Not_Eligible,500.0
27.0,Female,Single,High School,27500.0,Government,0.5,Startup,Family,0.0,3,2,6900.0,0.0,2500.0,7400.0,5100.0,Yes,5600.0,745.0,55900.0,13900.0,Personal Loan EMI,445000.0,14,Not_Eligible,500.0
38.0,Male,Married,Graduate,57700.0,Government,1.6,MNC,Family,0.0,2,1,8400.0,19000.0,8500.0,9900.0,6600.0,No,0.0,711.0,196800.0,49800.0,Education EMI,265000.0,9,Not_Eligible,2650.0
27.0,Male,Single,Professional,57800.0,Private,0.5,Startup,Rented,18600.0,2,1,0.0,0.0,5300.0,14000.0,7600.0,Yes,10400.0,643.0,227300.0,135000.0,Education EMI,102000.0,43,Not_Eligible,500.0
38.0,Male,Married,Post Graduate,70200.0,Government,1.9,Startup,Rented,17000.0,5,4,2800.0,0.0,5500.0,11000.0,7900.0,Yes,19100.0,685.0,320500.0,79700.0,Vehicle EMI,729000.0,41,Not_Eligible,2415.0
38.0,Female,Married,Graduate,18000.0,Private,4.1,MNC,Rented,5500.0,3,2,6400.0,10700.0,1100.0,3300.0,2800.0,Yes,4600.0,606.0,21600.0,12800.0,Education EMI,82000.0,23,Not_Eligible,500.0
32.0,Female,Married,Professional,94700.0,Private,0.7,MNC,Own,0.0,4,3,6900.0,0.0,9900.0,14500.0,15200.0,No,0.0,718.0,568500.0,325400.0,E-commerce Shopping EMI,91000.0,19,Eligible,21208.0
32.0,Female,Married,Professional,53600.0,Private,3.1,MNC,Rented,9400.0,3,2,0.0,0.0,6400.0,15300.0,4500.0,No,0.0,633.0,427000.0,211100.0,Home Appliances EMI,136000.0,35,Eligible,7920.0
48.0,Male,Married,Post Graduate,71300.0,Private,0.5,MNC,Family,0.0,2,1,4200.0,0.0,9100.0,21200.0,11800.0,Yes,10000.0,663.0,41100.0,18900.0,Vehicle EMI,1.485e+06,44,Not_Eligible,3360.0
48.0,Male,Married,Graduate,28000.0,Self-employed,26.0,MNC,Rented,7800.0,3,2,9600.0,0.0,2100.0,8300.0,3000.0,Yes,7300.0,559.0,104400.0,61200.0,Education EMI,113000.0,34,Not_Eligible,500.0
32.0,Male,Married,Graduate,52300.0,Private,0.7,MNC,Own,0.0,3,2,0.0,24400.0,7600.0,11000.0,9200.0,No,0.0,639.0,212500.0,49200.0,Education EMI,383000.0,34,Not_Eligible,500.0
27.0,Female,Single,Post Graduate,76600.0,Private,0.5,Large Indian,Rented,24900.0,1,0,0.0,0.0,7000.0,19300.0,4200.0,No,0.0,789.0,195300.0,59700.0,Personal Loan EMI,830000.0,44,Not_Eligible,10176.0
32.0,Female,Married,Post Graduate,50100.0,Government,3.8,Large Indian,Family,0.0,4,3,5300.0,11200.0,3800.0,10000.0,8500.0,No,0.0,709.0,238100.0,124900.0,Personal Loan EMI,993000.0,27,Not_Eligible,6215.0
27.0,Male,Single,Professional,97400.0,Private,3.1,Large Indian,Own,0.0,1,0,0.0,0.0,12000.0,20500.0,10300.0,No,0.0,689.0,681700.0,260000.0,Education EMI,235000.0,11,Eligible,30030.0
27.0,Male,Married,Graduate,57600.0,Private,0.5,MNC,Own,0.0,4,3,14300.0,0.0,8500.0,17300.0,10000.0,No,0.0,677.0,44300.0,17200.0,Home Appliances EMI,288000.0,11,Not_Eligible,2400.0
27.0,Female,Single,Graduate,44000.0,Private,0.7,MNC,Own,0.0,1,0,0.0,0.0,5300.0,7700.0,2700.0,No,0.0,558.0,350200.0,154200.0,Vehicle EMI,637000.0,41,Not_Eligible,9961.6
58.0,Male,Married,Graduate,40700.0,Private,23.9,Large Indian,Family,0.0,2,1,7500.0,0.0,3600.0,6800.0,4700.0,Yes,5800.0,687.0,61800.0,27200.0,Vehicle EMI,1.489e+06,59,Not_Eligible,3444.0
48.0,Male,Married,Graduate,35800.0,Private,6.2,Startup,Own,0.0,3,2,0.0,12200.0,3700.0,6600.0,2600.0,No,0.0,644.0,75200.0,44400.0,E-commerce Shopping EMI,128000.0,23,Not_Eligible,4280.0
27.0,Female,Single,Graduate,31100.0,Private,2.0,Large Indian,Family,0.0,1,0,0.0,0.0,3500.0,7800.0,5400.0,No,0.0,766.0,211700.0,96500.0,Home Appliances EMI,123000.0,28,Eligible,9504.0
38.0,Male,Married,High School,45300.0,Private,0.6,Mid-size,Family,0.0,4,3,2100.0,0.0,2400.0,9300.0,4700.0,No,0.0,680.0,102500.0,49900.0,E-commerce Shopping EMI,73000.0,18,Eligible,10720.0
48.0,Female,Married,Professional,75100.0,Private,3.7,Mid-size,Rented,23300.0,4,3,6400.0,0.0,8800.0,20600.0,4900.0,Yes,21900.0,685.0,263500.0,142900.0,E-commerce Shopping EMI,182000.0,16,Not_Eligible,500.0
38.0,Female,Single,Post Graduate,43700.0,Government,10.4,Mid-size,Own,0.0,2,1,2500.0,14800.0,4100.0,10800.0,3500.0,No,0.0,739.0,111400.0,61600.0,E-commerce Shopping EMI,114000.0,21,Not_Eligible,4400.0
27.0,Female,Married,Post Graduate,43000.0,Self-employed,1.7,Large Indian,Own,0.0,3,2,12600.0,0.0,2300.0,10700.0,7900.0,No,0.0,705.0,197200.0,64500.0,Education EMI,170000.0,17,Not_Eligible,4275.0
38.0,Female,Married,Graduate,59200.0,Private,16.0,MNC,Own,0.0,5,4,10500.0,15100.0,6100.0,17400.0,4800.0,No,0.0,669.0,179600.0,92800.0,Home Appliances EMI,176000.0,8,Not_Eligible,2650.0
38.0,Male,Married,Graduate,15000.0,Private,3.5,MNC,Family,0.0,4,3,8800.0,10000.0,2200.0,3800.0,1300.0,Yes,3400.0,622.0,10600.0,3800.0,Home Appliances EMI,289000.0,15,Not_Eligible,500.0
38.0,Female,Married,Graduate,54600.0,Private,2.9,Large Indian,Own,0.0,3,2,14600.0,0.0,7900.0,16000.0,9500.0,Yes,7900.0,565.0,179000.0,92700.0,Education EMI,88000.0,7,Not_Eligible,500.0
27.0,Female,Single,Graduate,36800.0,Self-employed,1.1,Mid-size,Own,0.0,3,2,4600.0,0.0,2400.0,10400.0,5400.0,No,0.0,669.0,281500.0,150300.0,Education EMI,350000.0,13,Not_Eligible,6930.0
32.0,Male,Single,Post Graduate,112600.0,Private,6.5,Mid-size,Family,0.0,1,0,0.0,0.0,11500.0,30100.0,21700.0,No,0.0,785.0,664900.0,280200.0,Home Appliances EMI,69000.0,26,Eligible,29580.0
32.0,Male,Single,Graduate,69100.0,Private,6.2,Mid-size,Rented,16300.0,2,1,13000.0,0.0,6200.0,19300.0,6300.0,Yes,15700.0,679.0,542600.0,239400.0,Education EMI,401000.0,24,Not_Eligible,500.0
38.0,Male,Married,Graduate,7247.0,Private,11.4,MNC,Own,0.0,2,1,12000.0,8900.0,4300.0,8500.0,3400.0,No,0.0,658.0,214700.0,124500.0,Home Appliances EMI,41000.0,31,Eligible,6500.0
27.0,Female,Single,Professional,27000.0,Private,5.0,MNC,Own,0.0,1,0,0.0,0.0,3800.0,5300.0,2300.0,Yes,7900.0,999.0,46500.0,12600.0,E-commerce Shopping EMI,21000.0,6,Not_Eligible,1724.8
32.0,Female,Married,Graduate,59100.0,Self-employed,1.1,Mid-size,Own,0.0,4,3,0.0,0.0,8300.0,15000.0,10800.0,No,0.0,749.0,42600.0,21500.0,Personal Loan EMI,565000.0,60,Not_Eligible,9000.0
48.0,Female,Single,Post Graduate,50800.0,Private,3.0,Large Indian,Own,0.0,1,0,0.0,0.0,6300.0,11100.0,6500.0,Yes,5700.0,618.0,274400.0,152200.0,Home Appliances EMI,260000.0,16,Not_Eligible,5936.0
27.0,Male,Single,High School,54600.0,Private,1.1,MNC,Family,0.0,1,0,0.0,0.0,5500.0,16000.0,7300.0,Yes,8200.0,675.0,215500.0,65600.0,E-commerce Shopping EMI,25000.0,18,Eligible,6160.0
32.0,Female,Married,Graduate,61400.0,Private,1.3,Startup,Rented,14900.0,5,4,0.0,0.0,4300.0,17400.0,6000.0,Yes,14400.0,725.0,362100.0,203600.0,Personal Loan EMI,831000.0,38,Not_Eligible,1540.0
32.0,Female,Married,Graduate,65100.0,Private,0.5,Mid-size,Rented,19900.0,4,3,8200.0,0.0,7300.0,11600.0,9600.0,Yes,11900.0,622.0,365800.0,188800.0,Vehicle EMI,385000.0,52,Not_Eligible,500.0
58.0,Female,Married,Graduate,52000.0,Government,10.9,Startup,Own,0.0,3,2,7900.0,16100.0,5300.0,9900.0,8800.0,Yes,14700.0,817.0,300100.0,112200.0,Personal Loan EMI,854000.0,54,Not_Eligible,500.0
38.0,Female,Married,Graduate,38200.0,Private,5.6,Large Indian,Own,0.0,3,2,6400.0,0.0,2800.0,7500.0,5500.0,No,0.0,737.0,159700.0,80300.0,Home Appliances EMI,206000.0,12,Not_Eligible,8000.0
26.0,Male,Married,Professional,105881.0,Self-employed,4.6,Mid-size,Own,0.0,3,2,9200.0,0.0,9600.0,29600.0,11600.0,Yes,20200.0,686.0,653100.0,351200.0,Home Appliances EMI,282000.0,30,Not_Eligible,8454.6
58.0,Male,Married,Graduate,88800.0,Private,28.3,Large Indian,Rented,22700.0,2,1,6900.0,0.0,10200.0,25400.0,7200.0,Yes,19400.0,721.0,384300.0,192600.0,Vehicle EMI,349000.0,81,Not_Eligible,500.0
48.0,Female,Married,Professional,91300.0,Private,26.0,Mid-size,Rented,20800.0,3,2,0.0,0.0,7700.0,25600.0,18100.0,No,0.0,743.0,674000.0,287200.0,Home Appliances EMI,83000.0,11,Eligible,10505.0
38.0,Female,Married,Graduate,71300.0,Private,5.4,Startup,Rented,22900.0,4,3,9200.0,0.0,5600.0,12500.0,12800.0,No,0.0,831.0,328800.0,170500.0,Education EMI,77000.0,20,High_Risk,4980.0
32.0,Male,Single,Graduate,68600.0,Private,1.6,Large Indian,Rented,22700.0,2,1,0.0,0.0,6900.0,16600.0,12100.0,No,0.0,808.0,60200.0,30200.0,Education EMI,334000.0,25,Not_Eligible,4944.0
27.0,Male,Married,Graduate,60000.0,Private,0.5,Large Indian,Own,0.0,4,3,12100.0,0.0,4600.0,17100.0,8200.0,No,0.0,717.0,228600.0,134900.0,E-commerce Shopping EMI,14000.0,21,Eligible,7200.0
33.0,Male,Single,Graduate,33803.0,Government,10.0,MNC,Own,0.0,1,0,0.0,0.0,2900.0,7600.0,2000.0,No,0.0,737.0,175900.0,102900.0,Home Appliances EMI,246000.0,33,Eligible,12595.0
27.0,Male,Single,Post Graduate,63400.0,Private,0.5,Mid-size,Rented,18100.0,3,2,13400.0,22600.0,5100.0,16800.0,10600.0,Yes,12700.0,600.0,273300.0,64400.0,Home Appliances EMI,32000.0,19,Not_Eligible,500.0
32.0,Male,Single,Post Graduate,73200.0,Government,3.5,Mid-size,Family,0.0,2,1,2300.0,15200.0,10900.0,11500.0,6300.0,Yes,16800.0,698.0,259000.0,79000.0,Vehicle EMI,1.403e+06,24,Not_Eligible,3927.0
32.0,Female,Married,Graduate,65500.0,Self-employed,1.2,Large Indian,Rented,11900.0,2,1,5300.0,0.0,8500.0,14100.0,6200.0,No,0.0,790.0,490800.0,189200.0,Personal Loan EMI,730000.0,25,Not_Eligible,11583.0
58.0,Male,Married,Graduate,33300.0,Private,7.7,Mid-size,Own,0.0,3,2,0.0,0.0,2300.0,8200.0,1700.0,Yes,6000.0,741.0,41100.0,19200.0,Personal Loan EMI,343000.0,50,Not_Eligible,4228.0
48.0,Male,Married,Graduate,31200.0,Private,0.5,Startup,Own,0.0,3,2,14500.0,0.0,2600.0,6900.0,2100.0,No,0.0,693.0,84800.0,43200.0,Personal Loan EMI,742000.0,49,Not_Eligible,2040.0
27.0,Male,Single,Graduate,22600.0,Private,0.5,Large Indian,Own,0.0,1,0,0.0,0.0,2100.0,5800.0,1600.0,No,0.0,753.0,141800.0,76400.0,Vehicle EMI,632000.0,69,Not_Eligible,6916.8
32.0,Male,Married,Graduate,68700.0,Private,10.0,Mid-size,Own,0.0,3,2,10800.0,0.0,4700.0,19300.0,7100.0,Yes,8900.0,731.0,163900.0,82400.0,E-commerce Shopping EMI,18000.0,3,High_Risk,6265.0
27.0,Male,Single,Graduate,44700.0,Private,0.5,MNC,Family,0.0,3,2,0.0,0.0,5100.0,6700.0,8000.0,Yes,9100.0,567.0,221100.0,100000.0,E-commerce Shopping EMI,69000.0,13,Not_Eligible,3539.2
48.0,Female,Single,Graduate,81800.0,Private,12.6,Startup,Rented,20900.0,1,0,0.0,0.0,6100.0,15000.0,6000.0,Yes,19100.0,836.0,512000.0,146000.0,Vehicle EMI,1.386e+06,38,Not_Eligible,6791.4
58.0,Male,Married,Graduate,46700.0,Private,2.7,MNC,Rented,8800.0,4,3,5500.0,16400.0,6300.0,13500.0,5200.0,No,0.0,1200.0,328900.0,84500.0,Vehicle EMI,1.484e+06,39,Not_Eligible,500.0
32.0,Male,Married,Professional,62900.0,Private,5.2,Mid-size,Own,0.0,5,4,2500.0,9000.0,5700.0,18800.0,3500.0,Yes,11700.0,674.0,446500.0,165000.0,Education EMI,122000.0,33,High_Risk,4504.5
38.0,Male,Single,Graduate,56800.0,Private,0.5,Large Indian,Family,,1,0,0.0,0.0,5400.0,16600.0,5100.0,No,0.0,837.0,132400.0,31000.0,Personal Loan EMI,199000.0,49,Eligible,14256.0
27.0,Male,Single,Graduate,96600.0,Private,5.0,Mid-size,Own,0.0,1,0,0.0,0.0,7300.0,27500.0,8900.0,No,0.0,648.0,220700.0,91200.0,Home Appliances EMI,202000.0,28,Eligible,21160.0
48.0,Male,Married,Professional,138800.0,Government,1.7,MNC,Own,0.0,2,1,5400.0,0.0,10000.0,37300.0,15300.0,Yes,14100.0,719.0,90400.0,40200.0,Education EMI,333000.0,22,Not_Eligible,15876.0
38.0,Male,Married,High School,17800.0,Government,1.6,MNC,Rented,3900.0,3,2,6300.0,0.0,900.0,4000.0,3200.0,Yes,4900.0,707.0,130400.0,76600.0,Vehicle EMI,327000.0,68,Not_Eligible,500.0
48.0,Male,Married,High School,57300.0,Self-employed,2.4,Mid-size,Family,0.0,3,2,0.0,0.0,3600.0,9200.0,9400.0,No,0.0,736.0,158200.0,63300.0,Home Appliances EMI,168000.0,25,Eligible,15795.0
32.0,Female,Married,Graduate,30900.0,Private,1.0,Large Indian,Rented,4800.0,2,1,4000.0,9400.0,4500.0,7800.0,5100.0,Yes,5100.0,702.0,62900.0,31400.0,Home Appliances EMI,226000.0,11,Not_Eligible,500.0
27.0,Male,Married,High School,43800.0,Private,3.5,MNC,Rented,10300.0,2,1,0.0,0.0,2700.0,8100.0,5200.0,No,0.0,635.0,99300.0,45400.0,Vehicle EMI,577000.0,74,Not_Eligible,7000.0
32.0,Female,Married,High School,33100.0,Private,6.4,Startup,Rented,9400.0,2,1,12100.0,0.0,3400.0,6500.0,5700.0,No,0.0,750.0,183000.0,92500.0,Home Appliances EMI,152000.0,22,Not_Eligible,500.0
58.0,Male,Married,Graduate,52200.0,Private,16.4,MNC,Rented,14100.0,2,1,0.0,0.0,6000.0,9300.0,10200.0,Yes,5700.0,703.0,313500.0,128500.0,Education EMI,314000.0,35,Not_Eligible,2656.5
38.0,Female,Married,Graduate,43200.0,Private,6.8,Large Indian,Rented,10900.0,3,2,4100.0,0.0,4200.0,7300.0,2200.0,Yes,7900.0,639.0,340400.0,75400.0,Home Appliances EMI,70000.0,29,Not_Eligible,2032.8
58.0,Male,Married,Graduate,42700.0,Government,1.6,Mid-size,Rented,8800.0,3,2,7600.0,0.0,4200.0,6900.0,3400.0,Yes,10900.0,643.0,144700.0,67700.0,E-commerce Shopping EMI,49000.0,18,Not_Eligible,500.0
27.0,Male,Single,Graduate,40900.0,Private,1.1,Large Indian,Rented,12500.0,2,1,9500.0,0.0,4000.0,10600.0,7100.0,No,0.0,619.0,260800.0,62100.0,E-commerce Shopping EMI,65000.0,13,Not_Eligible,500.0
27.0,Male,Single,Graduate,60200.0,Government,0.6,Large Indian,Own,0.0,2,1,0.0,0.0,8900.0,9600.0,6800.0,No,0.0,783.0,315300.0,91100.0,Education EMI,168000.0,25,Eligible,20940.0
48.0,Male,Married,High School,53800.0,Private,17.9,Mid-size,Family,0.0,2,1,11100.0,0.0,5700.0,12200.0,7800.0,No,0.0,819.0,310200.0,118500.0,Vehicle EMI,1.233e+06,69,Not_Eligible,10200.0
48.0,Male,Single,Professional,91000.0,Private,11.9,Large Indian,Own,0.0,2,1,8500.0,0.0,6300.0,19100.0,13400.0,No,0.0,850.0,412600.0,104300.0,Vehicle EMI,1.29e+06,27,Not_Eligible,26220.0
38.0,Female,Married,Post Graduate,125900.0,Private,5.3,MNC,Own,0.0,4,3,0.0,0.0,7100.0,34900.0,13500.0,No,0.0,784.0,786400.0,341200.0,E-commerce Shopping EMI,58000.0,10,Eligible,46464.0
32.0,Male,Married,Post Graduate,70100.0,Private,0.5,Mid-size,Rented,22400.0,4,3,0.0,0.0,7100.0,15300.0,8300.0,No,0.0,626.0,441900.0,239600.0,Personal Loan EMI,480000.0,29,Not_Eligible,5984.0
38.0,Male,Married,Professional,69500.0,Private,6.5,MNC,Own,0.0,3,2,11600.0,0.0,7700.0,11500.0,10300.0,Yes,15000.0,679.0,135300.0,50400.0,Personal Loan EMI,879000.0,58,Not_Eligible,3752.0
38.0,Female,Married,High School,81900.0,Private,0.5,MNC,Own,0.0,3,2,0.0,13800.0,12000.0,16700.0,7100.0,Yes,19700.0,736.0,378100.0,183200.0,Personal Loan EMI,207000.0,37,Not_Eligible,3528.0
48.0,Male,Single,High School,48100.0,Private,3.4,Large Indian,Family,0.0,1,0,0.0,0.0,3700.0,9300.0,5500.0,No,0.0,718.0,267900.0,58200.0,E-commerce Shopping EMI,148000.0,3,Not_Eligible,14800.0
58.0,Female,Married,Graduate,64300.0,Private,16.8,Mid-size,Family,0.0,3,2,0.0,0.0,9400.0,9800.0,9000.0,No,0.0,657.0,322600.0,142800.0,E-commerce Shopping EMI,191000.0,15,Eligible,18050.0
48.0,Male,Married,High School,37700.0,Private,5.3,MNC,Family,0.0,4,3,12700.0,14600.0,4700.0,6900.0,4500.0,Yes,9900.0,683.0,39900.0,17400.0,Personal Loan EMI,861000.0,38,Not_Eligible,500.0
38.0,Male,Single,Graduate,73000.0,Private,1.7,Startup,Rented,15000.0,1,0,0.0,0.0,5200.0,12900.0,9100.0,No,0.0,589.0,490800.0,281900.0,Education EMI,64000.0,27,Eligible,13552.0
27.0,Female,Married,High School,31200.0,Private,1.8,Mid-size,Rented,7000.0,3,2,0.0,0.0,2300.0,6600.0,2800.0,No,0.0,731.0,26300.0,13200.0,Vehicle EMI,1.498e+06,24,Not_Eligible,5000.0
27.0,Male,Single,High School,33400.0,Private,1.9,Large Indian,Family,0.0,3,2,0.0,0.0,2700.0,7200.0,2000.0,No,0.0,736.0,108900.0,56100.0,E-commerce Shopping EMI,81000.0,6,Not_Eligible,10750.0
32.0,Male,Married,Graduate,15000.0,Private,0.7,Large Indian,Own,0.0,2,1,9200.0,0.0,2200.0,3500.0,2100.0,No,0.0,663.0,41900.0,24600.0,Home Appliances EMI,52000.0,32,Not_Eligible,500.0
48.0,Male,Married,Graduate,65500.0,Government,4.9,Mid-size,Own,0.0,3,2,0.0,0.0,3500.0,10600.0,11000.0,No,0.0,834.0,243300.0,56900.0,E-commerce Shopping EMI,65000.0,15,Eligible,26664.0
38.0,Male,Married,High School,59500.0,Private,16.0,Mid-size,Family,0.0,4,3,0.0,19400.0,4000.0,17100.0,9800.0,No,0.0,730.0,81300.0,30100.0,Personal Loan EMI,224000.0,60,Not_Eligible,3680.0
58.0,Male,Single,Post Graduate,84300.0,Private,7.2,Mid-size,Rented,20800.0,1,0,0.0,0.0,5600.0,17900.0,8000.0,Yes,19300.0,695.0,336800.0,169500.0,Education EMI,166000.0,35,Not_Eligible,4445.0
38.0,Female,Married,High School,87900.0,Private,5.5,MNC,Rented,24300.0,3,2,8500.0,19500.0,9800.0,20000.0,12000.0,No,0.0,780.0,585200.0,284800.0,Education EMI,436000.0,27,Not_Eligible,500.0
38.0,Male,Married,Graduate,53000.0,Government,2.6,MNC,Own,0.0,4,3,0.0,0.0,3800.0,9100.0,10100.0,Yes,10500.0,642.0,204600.0,91100.0,Vehicle EMI,713000.0,25,Not_Eligible,5460.0
32.0,Female,Married,Graduate,15000.0,Private,1.7,Mid-size,Family,0.0,3,2,6000.0,0.0,1900.0,3900.0,1400.0,Yes,2100.0,665.0,80500.0,28500.0,Home Appliances EMI,214000.0,9,Not_Eligible,500.0
48.0,Female,Married,Graduate,58400.0,Private,8.2,Large Indian,Rented,18200.0,3,2,0.0,0.0,3700.0,14300.0,6500.0,Yes,15900.0,602.0,198800.0,113500.0,Home Appliances EMI,54000.0,27,Not_Eligible,500.0
48.0,Male,Single,Graduate,53200.0,Private,1.7,Startup,Family,0.0,1,0,0.0,0.0,7900.0,9900.0,6200.0,Yes,13000.0,635.0,338000.0,80600.0,Personal Loan EMI,928000.0,16,Not_Eligible,4989.6
48.0,Male,Married,Post Graduate,53400.0,Private,7.1,Mid-size,Rented,13500.0,2,1,9300.0,0.0,6900.0,14600.0,4900.0,No,0.0,650.0,405100.0,90800.0,Personal Loan EMI,62000.0,51,Eligible,2310.0
38.0,Male,Married,Post Graduate,91700.0,Self-employed,0.5,MNC,Rented,20200.0,4,3,12800.0,11900.0,6800.0,17100.0,7900.0,No,0.0,692.0,216700.0,50500.0,E-commerce Shopping EMI,24000.0,19,Eligible,6750.0
27.0,Male,Married,Post Graduate,129800.0,Self-employed,0.8,MNC,Own,0.0,4,3,5600.0,0.0,18300.0,31800.0,13700.0,No,0.0,795.0,750900.0,332300.0,Personal Loan EMI,767000.0,32,High_Risk,32616.0
48.0,Male,Married,Post Graduate,78700.0,Private,2.3,Startup,Rented,19200.0,5,4,0.0,15200.0,4100.0,16200.0,14900.0,No,0.0,710.0,65100.0,33900.0,Personal Loan EMI,727000.0,31,Not_Eligible,3640.0
27.0,Male,Single,High School,42700.0,Private,0.6,Small,Rented,7000.0,3,2,0.0,0.0,3300.0,9600.0,7200.0,No,0.0,607.0,280100.0,157900.0,Education EMI,117000.0,41,Eligible,5491.2
32.0,Female,Single,Post Graduate,97300.0,Private,0.9,MNC,Rented,32700.0,1,0,0.0,0.0,9800.0,20000.0,5000.0,Yes,22900.0,639.0,724000.0,303700.0,Vehicle EMI,925000.0,45,Not_Eligible,1700.16
27.0,Male,Married,Post Graduate,67500.0,Private,0.5,Mid-size,Rented,11800.0,3,2,6300.0,0.0,3500.0,18500.0,13400.0,No,0.0,756.0,511200.0,155600.0,E-commerce Shopping EMI,197000.0,11,Not_Eligible,7392.0
27.0,Male,Married,Graduate,39700.0,Private,3.3,Large Indian,Rented,8800.0,3,2,5800.0,9100.0,4900.0,6200.0,2500.0,Yes,7200.0,734.0,153600.0,37300.0,E-commerce Shopping EMI,15000.0,24,Not_Eligible,500.0
32.0,Male,Married,Graduate,49400.0,Government,1.4,Large Indian,Own,0.0,4,3,0.0,14900.0,4000.0,11000.0,6700.0,No,0.0,824.0,233800.0,78000.0,Home Appliances EMI,167000.0,21,Not_Eligible,7680.0
32.0,Male,Married,Graduate,20000.0,Private,3.9,Large Indian,Own,0.0,3,2,2200.0,0.0,2600.0,5400.0,3900.0,Yes,2900.0,718.0,127900.0,41600.0,Vehicle EMI,1.117e+06,17,Not_Eligible,1155.0
58.0,Male,Married,Graduate,17900.0,Private,6.9,Mid-size,Own,0.0,4,3,0.0,0.0,900.0,5400.0,900.0,No,0.0,668.0,32900.0,12400.0,E-commerce Shopping EMI,179000.0,16,Not_Eligible,4280.0
27.0,Male,Single,Post Graduate,56100.0,Private,1.5,MNC,Rented,10500.0,2,1,9000.0,0.0,6800.0,16400.0,6200.0,Yes,7000.0,603.0,384100.0,102600.0,Vehicle EMI,1.158e+06,50,Not_Eligible,500.0
32.0,Male,Married,Graduate,28400.0,Private,1.1,Large Indian,Own,0.0,2,1,0.0,0.0,3800.0,6500.0,3200.0,Yes,3600.0,656.0,163200.0,59000.0,Vehicle EMI,1.172e+06,49,Not_Eligible,3955.0
48.0,Male,Married,Graduate,57900.0,Government,9.7,Small,Own,0.0,4,3,0.0,24200.0,7300.0,14300.0,9700.0,No,0.0,810.0,287600.0,112800.0,E-commerce Shopping EMI,74000.0,4,Not_Eligible,1584.0
58.0,Male,Single,Post Graduate,68300.0,Government,1.2,Large Indian,Family,0.0,3,2,0.0,0.0,9600.0,13700.0,11900.0,No,0.0,685.0,220600.0,61100.0,Personal Loan EMI,636000.0,22,Not_Eligible,16550.0
48.0,Male,Married,Post Graduate,56000.0,Private,26.0,Large Indian,Own,0.0,3,2,12500.0,0.0,6500.0,12000.0,5500.0,No,0.0,706.0,271700.0,116300.0,Vehicle EMI,1.122e+06,20,Not_Eligible,9750.0
32.0,Female,Married,High School,17900.0,Private,4.3,MNC,Family,0.0,3,2,0.0,0.0,1600.0,4600.0,2700.0,Yes,3700.0,681.0,121300.0,43300.0,Education EMI,301000.0,23,Not_Eligible,2040.5
32.0,Female,Married,Graduate,85500.0,Government,0.9,Mid-size,Rented,20200.0,4,3,0.0,9800.0,5800.0,15100.0,13100.0,Yes,18300.0,704.0,472500.0,210700.0,Education EMI,164000.0,12,Not_Eligible,1120.0
32.0,Male,Married,Post Graduate,56100.0,Government,2.3,MNC,Rented,17900.0,2,1,0.0,0.0,7800.0,12100.0,4300.0,No,0.0,680.0,291800.0,156500.0,Personal Loan EMI,332000.0,46,Not_Eligible,7000.0
32.0,Female,Married,Graduate,64100.0,Government,0.5,Small,Rented,15900.0,4,3,10700.0,12200.0,3500.0,14200.0,8900.0,No,0.0,681.0,169300.0,74800.0,E-commerce Shopping EMI,158000.0,21,Not_Eligible,500.0
58.0,Male,Married,High School,92500.0,Private,1.5,Large Indian,Rented,28500.0,3,2,6800.0,0.0,8300.0,19400.0,18300.0,No,0.0,828.0,464400.0,250600.0,E-commerce Shopping EMI,146000.0,12,Not_Eligible,6720.0
32.0,Male,Married,Graduate,40800.0,Self-employed,4.6,Large Indian,Rented,10000.0,3,2,8600.0,0.0,5100.0,10700.0,2400.0,No,0.0,633.0,149200.0,39600.0,Vehicle EMI,984000.0,53,Not_Eligible,1440.0
38.0,Female,Married,Graduate,77500.0,Private,2.4,Mid-size,Own,0.0,2,1,4100.0,0.0,9000.0,19100.0,6300.0,No,0.0,812.0,483100.0,264400.0,Home Appliances EMI,102000.0,31,Eligible,25740.0
27.0,Male,Single,Graduate,86500.0,Private,3.7,Mid-size,Own,0.0,2,1,10800.0,0.0,4500.0,21900.0,16500.0,Yes,20100.0,665.0,608400.0,263800.0,Home Appliances EMI,121000.0,6,Not_Eligible,4889.5
48.0,Male,Married,Professional,6493.0,Self-employed,3.8,Large Indian,Rented,20300.0,3,2,0.0,0.0,8100.0,10600.0,8100.0,Yes,18000.0,630.0,286000.0,94300.0,E-commerce Shopping EMI,178000.0,17,Not_Eligible,500.0
58.0,Male,Married,Post Graduate,56200.0,Private,1.4,MNC,Own,0.0,2,1,14900.0,0.0,8300.0,14900.0,8600.0,No,0.0,753.0,156700.0,69300.0,Personal Loan EMI,814000.0,26,Not_Eligible,5700.0
38.0,Female,Married,High School,38300.0,Private,16.0,MNC,Rented,11500.0,4,3,0.0,0.0,5500.0,6300.0,6200.0,No,0.0,747.0,184000.0,47200.0,Education EMI,337000.0,36,Not_Eligible,4400.0
58.0,FEMALE,Married,Graduate,26900.0,Government,12.9,Mid-size,Rented,7400.0,5,4,6000.0,12300.0,4000.0,7400.0,3400.0,Yes,3600.0,641.0,123600.0,72600.0,Vehicle EMI,562000.0,29,Not_Eligible,500.0
38.0,Male,Married,Graduate,47400.0,Private,8.5,MNC,Family,0.0,4,3,3900.0,0.0,2800.0,13900.0,8900.0,Yes,10400.0,677.0,99100.0,27000.0,Education EMI,490000.0,39,Not_Eligible,2625.0
32.0,Female,Single,Professional,43100.0,Private,0.7,Small,Own,0.0,1,0,0.0,0.0,5200.0,6600.0,4700.0,No,0.0,672.0,98100.0,38600.0,E-commerce Shopping EMI,159000.0,19,High_Risk,10640.0
27.0,Female,Single,High School,37600.0,Private,0.5,Small,Rented,9700.0,2,1,8600.0,0.0,5400.0,9600.0,5300.0,No,0.0,590.0,274700.0,83800.0,Vehicle EMI,293000.0,18,Not_Eligible,500.0
38.0,Female,Married,Post Graduate,108900.0,Government,4.4,Large Indian,Rented,18200.0,4,3,9800.0,0.0,15600.0,24300.0,17700.0,No,0.0,741.0,251100.0,130400.0,Education EMI,53000.0,30,Eligible,12815.0
48.0,Male,Married,High School,63900.0,Government,7.5,Large Indian,Rented,14100.0,4,3,0.0,7300.0,4500.0,13900.0,10700.0,Yes,9400.0,655.0,329100.0,111000.0,Education EMI,376000.0,22,Not_Eligible,1540.0
32.0,Male,Married,Post Graduate,109100.0,Private,1.2,MNC,Own,0.0,4,3,0.0,0.0,8900.0,26500.0,16400.0,No,0.0,612.0,479800.0,213200.0,Home Appliances EMI,236000.0,8,Not_Eligible,22920.0
38.0,Male,Married,Professional,100500.0,Private,3.7,Mid-size,Family,0.0,5,4,0.0,8500.0,13000.0,20100.0,12800.0,Yes,23200.0,686.0,111100.0,55200.0,Vehicle EMI,862000.0,58,Not_Eligible,6412.0
48.0,Female,Married,High School,23800.0,Private,3.5,MNC,Family,0.0,4,3,2200.0,0.0,1800.0,4900.0,4100.0,Yes,3000.0,698.0,44200.0,19900.0,Home Appliances EMI,228000.0,23,Not_Eligible,2184.0
32.0,Male,Married,High School,10052.0,Self-employed,2.2,MNC,Family,0.0,5,4,0.0,0.0,4200.0,7800.0,3000.0,Yes,6400.0,632.0,59600.0,15000.0,E-commerce Shopping EMI,178000.0,18,Not_Eligible,2016.0
32.0,Female,Married,Professional,112200.0,Private,6.7,Startup,Family,0.0,4,3,11000.0,0.0,12600.0,21600.0,13800.0,Yes,20600.0,731.0,495600.0,219700.0,Home Appliances EMI,208000.0,33,Eligible,11410.0
27.0,Female,Single,Graduate,47000.0,Private,1.7,Large Indian,Own,0.0,1,0,0.0,0.0,3800.0,10900.0,6000.0,No,0.0,581.0,38400.0,22900.0,Vehicle EMI,837000.0,45,Not_Eligible,8416.0
38.0,Female,Married,Professional,98100.0,Private,0.5,Small,Own,0.0,4,3,0.0,0.0,14100.0,26700.0,9200.0,Yes,19400.0,607.0,159900.0,32800.0,Home Appliances EMI,251000.0,31,Not_Eligible,5143.04
58.0,Female,Single,High School,22800.0,Private,36.0,Small,Rented,5100.0,2,1,12700.0,0.0,3000.0,4700.0,3100.0,No,0.0,621.0,149000.0,66900.0,Vehicle EMI,1.206e+06,17,Not_Eligible,500.0
48.0,Female,Married,Graduate,27400.0,Private,4.2,Large Indian,Rented,5400.0,4,3,0.0,19200.0,4100.0,7900.0,5000.0,No,0.0,668.0,173400.0,64900.0,Education EMI,488000.0,13,Not_Eligible,500.0
48.0,Male,Married,High School,53200.0,Private,1.7,Small,Own,0.0,3,2,7100.0,0.0,7600.0,13600.0,8300.0,Yes,10800.0,1200.0,370800.0,106300.0,E-commerce Shopping EMI,145000.0,11,Not_Eligible,1786.4
48.0,Male,Married,Graduate,79700.0,Private,8.2,Mid-size,Rented,14400.0,3,2,13400.0,0.0,9000.0,19000.0,6800.0,Yes,14700.0,688.0,591100.0,141900.0,Personal Loan EMI,793000.0,51,Not_Eligible,924.0
32.0,Male,Married,Post Graduate,98600.0,Private,0.6,MNC,Rented,18700.0,4,3,7200.0,0.0,10700.0,18500.0,10900.0,No,0.0,850.0,745700.0,254600.0,E-commerce Shopping EMI,27000.0,4,Eligible,17212.8
38.0,Male,Married,Graduate,50400.0,Government,1.3,MNC,Own,0.0,3,2,0.0,0.0,2900.0,14800.0,2900.0,Yes,8000.0,750.0,185700.0,109900.0,E-commerce Shopping EMI,42000.0,22,Eligible,9156.0
32.0,Male,Married,Post Graduate,84800.0,Private,3.7,Mid-size,Own,0.0,3,2,6400.0,0.0,5900.0,24600.0,11600.0,Yes,9500.0,678.0,243300.0,84200.0,E-commerce Shopping EMI,121000.0,18,High_Risk,9380.0
38.0,Female,Married,Graduate,72000.0,Private,10.2,Large Indian,Family,0.0,4,3,0.0,0.0,7800.0,14800.0,4200.0,Yes,7900.0,615.0,226300.0,96000.0,E-commerce Shopping EMI,111000.0,16,Eligible,10444.0
27.0,Male,Single,High School,23200.0,Self-employed,0.5,MNC,Rented,3500.0,1,0,0.0,0.0,2700.0,5000.0,2600.0,Yes,5300.0,640.0,36900.0,16900.0,Education EMI,54000.0,41,Not_Eligible,826.56
58.0,Female,Married,Professional,78300.0,Private,14.2,MNC,Own,0.0,4,3,10400.0,0.0,6200.0,20800.0,6700.0,No,0.0,776.0,210900.0,57200.0,Vehicle EMI,424000.0,82,Eligible,20520.0
32.0,Female,Married,High School,26800.0,Private,6.9,MNC,Rented,5300.0,3,2,0.0,0.0,2300.0,7600.0,5200.0,No,0.0,678.0,136100.0,29400.0,E-commerce Shopping EMI,103000.0,20,Not_Eligible,3200.0
32.0,Male,Single,Graduate,45600.0,Government,3.4,MNC,Rented,15300.0,1,0,0.0,0.0,5600.0,7000.0,3600.0,Yes,5400.0,593.0,49700.0,20000.0,E-commerce Shopping EMI,184000.0,13,Not_Eligible,2143.68
48.0,Male,Married,Graduate,74200.0,Government,4.3,Large Indian,Family,0.0,4,3,3500.0,0.0,4400.0,22200.0,11500.0,No,0.0,787.0,571900.0,324000.0,Education EMI,478000.0,27,High_Risk,23667.6
32.0,Female,Married,Post Graduate,64300.0,Private,6.1,Large Indian,Family,0.0,4,3,9700.0,0.0,7900.0,10000.0,6900.0,No,0.0,804.0,103700.0,49100.0,Vehicle EMI,527000.0,55,High_Risk,14304.0
38.0,Male,Married,Post Graduate,90700.0,Private,16.0,Mid-size,Rented,24500.0,3,2,0.0,0.0,10800.0,15600.0,6400.0,No,0.0,802.0,165200.0,92400.0,Vehicle EMI,558000.0,26,Not_Eligible,16032.0
48.0,Male,Married,Graduate,57900.0,Self-employed,1.5,MNC,Own,0.0,3,2,8400.0,22400.0,8400.0,15600.0,3500.0,No,0.0,688.0,275300.0,127500.0,Education EMI,439000.0,12,Not_Eligible,500.0
27.0,Female,Single,High School,52200.0,Self-employed,0.7,Small,Rented,15500.0,3,2,0.0,0.0,5100.0,14900.0,7600.0,No,0.0,581.0,332700.0,181000.0,E-commerce Shopping EMI,37000.0,18,Eligible,3603.6
32.0,Male,Single,Professional,151100.0,Government,0.9,MNC,Own,0.0,1,0,0.0,0.0,7800.0,26300.0,26800.0,No,0.0,677.0,828600.0,442200.0,Vehicle EMI,330000.0,12,Eligible,45100.0
32.0,Male,Married,High School,40300.0,Private,0.6,Startup,Rented,10100.0,3,2,9000.0,0.0,5000.0,10400.0,5800.0,Yes,7900.0,794.0,78700.0,45300.0,Education EMI,108000.0,22,Not_Eligible,500.0
32.0,Male,Married,Post Graduate,101400.0,Private,1.2,Small,Family,8978.0,3,2,0.0,12200.0,12800.0,24600.0,9000.0,No,0.0,719.0,722600.0,320900.0,Personal Loan EMI,429000.0,27,High_Risk,23540.0
38.0,Female,Married,Post Graduate,79600.0,Private,1.3,Mid-size,Own,0.0,2,1,0.0,0.0,9000.0,21100.0,12300.0,No,0.0,796.0,466300.0,230000.0,Vehicle EMI,631000.0,80,Eligible,22320.0
27.0,Male,Single,Post Graduate,84300.0,Government,0.5,Large Indian,Rented,24200.0,3,2,6000.0,0.0,5100.0,22300.0,15800.0,Yes,14500.0,759.0,593300.0,155300.0,E-commerce Shopping EMI,141000.0,22,Not_Eligible,500.0
32.0,Female,Married,High School,42400.0,Private,2.7,Startup,Own,0.0,3,2,9300.0,23200.0,5200.0,9500.0,5900.0,Yes,10800.0,637.0,126500.0,31500.0,Vehicle EMI,607000.0,45,Not_Eligible,500.0
38.0,Female,Married,Graduate,54800.0,Self-employed,5.6,MNC,Rented,14700.0,3,2,4200.0,0.0,4900.0,8300.0,6300.0,No,0.0,779.0,38700.0,21600.0,Personal Loan EMI,188000.0,41,High_Risk,7084.8
27.0,Male,Single,Graduate,34700.0,Self-employed,1.4,Mid-size,Rented,10600.0,2,1,10200.0,24600.0,3300.0,6000.0,3900.0,Yes,5300.0,705.0,109500.0,32900.0,Personal Loan EMI,124000.0,15,Not_Eligible,500.0
38.0,Female,Married,High School,36700.0,Private,15.2,Large Indian,Family,0.0,4,3,0.0,6000.0,4400.0,8000.0,4700.0,No,0.0,772.0,228200.0,56200.0,Education EMI,436000.0,14,Not_Eligible,8976.0
38.0,Female,Married,Graduate,85800.0,Private,5.1,MNC,Rented,27400.0,3,2,6700.0,0.0,5200.0,21200.0,6500.0,Yes,11800.0,697.0,88500.0,29300.0,Home Appliances EMI,282000.0,16,Not_Eligible,1960.0
58.0,Male,Married,Post Graduate,89500.0,Government,4.3,Small,Own,0.0,4,3,0.0,0.0,5200.0,22200.0,13200.0,Yes,16100.0,679.0,200200.0,48900.0,Vehicle EMI,964000.0,71,Not_Eligible,12628.0
48.0,Female,Married,High School,42600.0,Private,5.4,Large Indian,Family,0.0,4,3,6700.0,22500.0,6200.0,12700.0,3900.0,No,0.0,712.0,265000.0,129500.0,E-commerce Shopping EMI,20000.0,17,Not_Eligible,500.0
48.0,Female,Married,Graduate,41000.0,Private,2.6,Mid-size,Own,0.0,3,2,13000.0,24900.0,4000.0,11000.0,6200.0,Yes,5700.0,662.0,187300.0,49300.0,Home Appliances EMI,50000.0,19,Not_Eligible,500.0
38.0,Female,Married,Graduate,40600.0,Private,2.2,Large Indian,Own,0.0,3,2,9000.0,10300.0,4200.0,7000.0,7900.0,No,0.0,739.0,111300.0,63000.0,Personal Loan EMI,913000.0,12,Not_Eligible,1100.0
38.0,Male,Married,Professional,102400.0,Private,0.5,Mid-size,Rented,21100.0,2,1,11900.0,0.0,8700.0,22400.0,14200.0,No,0.0,739.0,224700.0,68000.0,Education EMI,441000.0,23,Not_Eligible,9640.0
58.0,Female,Married,Post Graduate,52800.0,Self-employed,5.2,Large Indian,Rented,10800.0,5,4,13700.0,19600.0,7300.0,14900.0,7800.0,No,0.0,689.0,119900.0,69200.0,Personal Loan EMI,190000.0,45,Not_Eligible,500.0
32.0,Female,Married,Post Graduate,110900.0,Self-employed,5.9,Large Indian,Rented,18400.0,3,2,2900.0,0.0,16600.0,31700.0,18400.0,No,0.0,674.0,756200.0,367300.0,Home Appliances EMI,65000.0,16,Eligible,11335.5
27.0,Male,Married,Professional,44100.0,Government,1.1,Startup,Rented,6700.0,4,3,7300.0,0.0,6400.0,6700.0,5900.0,No,0.0,690.0,244800.0,119900.0,Home Appliances EMI,142000.0,8,Not_Eligible,5550.0
32.0,Male,Single,Professional,74800.0,Private,1.2,Large Indian,Rented,12100.0,2,1,7900.0,22900.0,8900.0,21100.0,10400.0,No,0.0,679.0,55600.0,24900.0,Home Appliances EMI,260000.0,7,Not_Eligible,500.0
38.0,Male,Married,High School,49200.0,Private,6.3,Mid-size,Family,0.0,3,2,8400.0,0.0,5300.0,9800.0,7400.0,Yes,4900.0,582.0,64600.0,18200.0,Home Appliances EMI,106000.0,28,Not_Eligible,3001.6
58.0,Male,Married,Graduate,20500.0,Private,3.3,MNC,Rented,3500.0,5,4,8300.0,0.0,2600.0,3200.0,3100.0,Yes,5700.0,623.0,120900.0,63100.0,Vehicle EMI,491000.0,83,Not_Eligible,500.0
48.0,Male,Married,,72800.0,Government,0.7,Mid-size,Rented,19900.0,4,3,0.0,0.0,8800.0,14800.0,10400.0,No,0.0,691.0,458000.0,118000.0,Home Appliances EMI,277000.0,30,Not_Eligible,10395.0
27.0,Male,Single,Professional,118400.0,Government,1.6,Large Indian,Rented,40700.0,1,0,0.0,0.0,9500.0,23200.0,14700.0,No,0.0,781.0,856100.0,243800.0,Personal Loan EMI,793000.0,15,Not_Eligible,19998.0
38.0,Female,Married,High School,86500.0,Private,2.2,Mid-size,Own,0.0,5,4,8200.0,0.0,8200.0,24900.0,7100.0,Yes,13800.0,714.0,271500.0,145800.0,Personal Loan EMI,493000.0,46,Not_Eligible,8505.0
32.0,Female,Single,Post Graduate,69300.0,Private,2.6,Small,Rented,24100.0,1,0,0.0,0.0,6600.0,12900.0,4700.0,No,0.0,654.0,515300.0,255100.0,Home Appliances EMI,72000.0,18,Eligible,11550.0
48.0,Male,Single,Professional,73400.0,Private,12.9,Mid-size,Own,0.0,3,2,0.0,0.0,10100.0,16800.0,10700.0,No,0.0,644.0,550100.0,299800.0,Personal Loan EMI,832000.0,30,Not_Eligible,15752.0
32.0,Male,Married,High School,96700.0,Self-employed,10.0,Large Indian,Own,17929.0,4,3,3900.0,0.0,14300.0,23800.0,8200.0,No,0.0,825.0,499200.0,236600.0,E-commerce Shopping EMI,72000.0,16,Eligible,25110.0
58.0,Male,Married,High School,73000.0,Government,3.4,Startup,Family,0.0,2,1,3500.0,9300.0,7400.0,21300.0,12300.0,Yes,18000.0,605.0,171200.0,85600.0,Personal Loan EMI,530000.0,26,Not_Eligible,500.0
38.0,Female,Married,Graduate,26200.0,Government,0.7,Small,Own,0.0,4,3,9300.0,0.0,2500.0,4700.0,2900.0,No,0.0,820.0,79600.0,21800.0,Education EMI,84000.0,7,Not_Eligible,4080.0
58.0,Female,Single,Graduate,77200.0,Private,7.8,Large Indian,Rented,19000.0,1,0,0.0,0.0,4800.0,20700.0,10300.0,No,0.0,653.0,175400.0,79700.0,Vehicle EMI,701000.0,51,Not_Eligible,11200.0
32.0,Female,Married,Post Graduate,142900.0,Private,1.7,Startup,Rented,37600.0,3,2,0.0,0.0,9500.0,36000.0,22400.0,No,0.0,696.0,453100.0,173000.0,Vehicle EMI,354000.0,74,Eligible,18700.0
32.0,Male,Married,,67500.0,Government,7.7,MNC,Rented,12800.0,5,4,10400.0,0.0,6900.0,13100.0,9100.0,Yes,11800.0,663.0,278100.0,87600.0,E-commerce Shopping EMI,35000.0,15,Not_Eligible,1309.0
38.0,Female,Married,Graduate,80400.0,Private,16.0,MNC,Rented,19300.0,2,1,3000.0,0.0,5500.0,22500.0,7700.0,Yes,13600.0,631.0,55900.0,21700.0,Home Appliances EMI,71000.0,30,Not_Eligible,1971.2
32.0,Female,Single,Professional,133400.0,Private,6.0,Startup,Rented,40900.0,1,0,0.0,0.0,10000.0,38700.0,24600.0,No,0.0,598.0,293300.0,145800.0,Education EMI,461000.0,31,Not_Eligible,7680.0
27.0,Male,Single,Post Graduate,28500.0,Private,1.0,Mid-size,Family,0.0,3,2,0.0,17600.0,3100.0,5700.0,5300.0,No,0.0,712.0,33100.0,14500.0,Vehicle EMI,104000.0,26,Not_Eligible,500.0
32.0,Female,Married,Graduate,304550.0,Private,5.1,Small,Own,0.0,2,1,0.0,0.0,4700.0,13500.0,4500.0,No,0.0,728.0,388100.0,196400.0,Home Appliances EMI,278000.0,34,Eligible,24650.0
27.0,Female,Single,Post Graduate,25000.0,Private,4.6,MNC,Family,0.0,2,1,3200.0,14200.0,3100.0,7200.0,4500.0,No,0.0,560.0,19700.0,10100.0,Home Appliances EMI,110000.0,14,Not_Eligible,500.0
32.0,Female,Married,Professional,32600.0,Private,3.2,MNC,Rented,7600.0,3,2,0.0,0.0,3200.0,9100.0,5800.0,No,0.0,585.0,229900.0,107200.0,Vehicle EMI,498000.0,13,Not_Eligible,3036.0
32.0,Female,Single,Graduate,41800.0,Government,0.5,Mid-size,Own,0.0,2,1,0.0,0.0,4300.0,8100.0,3200.0,No,0.0,653.0,161300.0,50100.0,Education EMI,354000.0,17,Not_Eligible,13100.0
38.0,Female,Married,Professional,147800.0,Private,16.0,Large Indian,Rented,41600.0,3,2,0.0,0.0,12400.0,22800.0,24200.0,No,0.0,752.0,267800.0,109000.0,Vehicle EMI,1.265e+06,18,Not_Eligible,22464.0
48.0,Female,Married,Post Graduate,66500.0,Private,10.6,Mid-size,Own,0.0,4,3,14200.0,0.0,7600.0,16500.0,12800.0,No,0.0,793.0,259700.0,137300.0,Education EMI,213000.0,25,Not_Eligible,9240.0
38.0,Female,Married,Professional,93600.0,Government,7.0,Mid-size,Own,0.0,3,2,13700.0,9700.0,5000.0,27800.0,16300.0,No,0.0,689.0,262300.0,76800.0,Personal Loan EMI,161000.0,38,Eligible,11605.0
48.0,Male,Married,Post Graduate,5441.0,Private,3.8,Startup,Own,0.0,2,1,4200.0,0.0,3600.0,10500.0,5500.0,Yes,13500.0,706.0,360300.0,159800.0,Vehicle EMI,682000.0,72,Not_Eligible,8365.0
32.0,Female,Married,High School,33300.0,Private,4.0,Large Indian,Rented,9200.0,3,2,8700.0,0.0,3600.0,9800.0,3800.0,Yes,4400.0,671.0,59900.0,33000.0,Home Appliances EMI,47000.0,11,Not_Eligible,500.0
32.0,Male,Married,Graduate,28000.0,Private,0.8,Startup,Rented,5400.0,5,4,0.0,0.0,3700.0,7800.0,3600.0,No,0.0,695.0,187000.0,69600.0,Personal Loan EMI,248000.0,35,Not_Eligible,3300.0
32.0,Male,Married,Post Graduate,60600.0,Private,7.9,Large Indian,Rented,15300.0,3,2,0.0,0.0,5700.0,12900.0,11300.0,Yes,7400.0,679.0,322600.0,181200.0,Personal Loan EMI,334000.0,28,Not_Eligible,2800.0
48.0,Male,Single,Professional,66900.0,Government,2.9,Large Indian,Family,0.0,1,0,0.0,0.0,3900.0,10800.0,9100.0,No,0.0,999.0,458900.0,120200.0,E-commerce Shopping EMI,55000.0,6,Eligible,23705.0
32.0,Male,Married,Graduate,52100.0,Private,2.0,Mid-size,Own,0.0,5,4,0.0,0.0,3000.0,9000.0,4100.0,Yes,8600.0,631.0,369900.0,90500.0,Education EMI,354000.0,32,Not_Eligible,8439.2
32.0,MALE,Married,Graduate,56900.0,Private,1.2,MNC,Own,0.0,5,4,0.0,0.0,8500.0,9500.0,9200.0,Yes,12100.0,688.0,96400.0,42200.0,E-commerce Shopping EMI,69000.0,10,Not_Eligible,4928.0
32.0,Male,Married,Graduate,146000.0,Private,1.4,Mid-size,Rented,45200.0,4,3,0.0,8400.0,14800.0,38800.0,22000.0,No,0.0,743.0,228000.0,62500.0,E-commerce Shopping EMI,75000.0,9,Not_Eligible,6720.0
48.0,Male,Married,High School,78000.0,Private,26.0,Small,Family,0.0,3,2,0.0,20800.0,11600.0,18500.0,10900.0,No,0.0,700.0,369200.0,102200.0,Home Appliances EMI,149000.0,34,Eligible,8100.0
58.0,Male,Married,Professional,52500.0,Government,7.5,Large Indian,Rented,15700.0,4,3,13800.0,0.0,6400.0,14800.0,4200.0,No,0.0,748.0,147500.0,40500.0,Vehicle EMI,167000.0,20,Not_Eligible,500.0
32.0,Female,Married,High School,44900.0,Government,4.5,Large Indian,Family,0.0,3,2,8500.0,0.0,3000.0,11700.0,8800.0,No,0.0,728.0,330300.0,67400.0,E-commerce Shopping EMI,56000.0,9,High_Risk,7804.5
32.0,Female,Married,High School,30400.0,Private,0.5,MNC,Own,0.0,5,4,0.0,0.0,4000.0,4800.0,4200.0,Yes,6300.0,778.0,56500.0,17000.0,Home Appliances EMI,213000.0,19,Not_Eligible,2983.68
58.0,Female,Married,Post Graduate,23500.0,Private,19.6,Startup,Family,0.0,3,2,0.0,0.0,3400.0,6000.0,2500.0,No,0.0,725.0,147100.0,40300.0,Home Appliances EMI,209000.0,15,Not_Eligible,6380.0
38.0,Female,Married,Graduate,127400.0,Private,3.1,MNC,Family,0.0,3,2,0.0,0.0,8600.0,20200.0,24000.0,No,0.0,730.0,826500.0,380300.0,Personal Loan EMI,243000.0,46,Eligible,41030.0
32.0,Male,Married,High School,21800.0,Private,1.7,Large Indian,Family,0.0,4,3,14300.0,22800.0,3000.0,6300.0,3100.0,Yes,6000.0,673.0,69800.0,15400.0,Home Appliances EMI,112000.0,7,Not_Eligible,500.0
38.0,Male,Married,Post Graduate,93900.0,Private,1.2,Large Indian,Family,0.0,4,3,11100.0,0.0,4800.0,18900.0,15500.0,No,0.0,717.0,690800.0,209200.0,Vehicle EMI,500000.0,72,Eligible,23980.0
48.0,Female,Married,Professional,61900.0,Self-employed,8.4,Small,Rented,9900.0,3,2,0.0,0.0,4800.0,11000.0,3400.0,No,0.0,672.0,293500.0,138100.0,Vehicle EMI,217000.0,40,Eligible,14760.0
27.0,Male,Single,Graduate,50100.0,Self-employed,0.6,MNC,Family,0.0,1,0,0.0,0.0,4100.0,12500.0,3400.0,Yes,8800.0,695.0,57600.0,34500.0,Vehicle EMI,285000.0,21,Not_Eligible,5367.6
32.0,Male,Married,Graduate,44000.0,Government,0.5,Large Indian,Own,0.0,4,3,0.0,14600.0,6000.0,9300.0,8100.0,No,0.0,837.0,41800.0,8900.0,Vehicle EMI,362000.0,75,Not_Eligible,2880.0
48.0,Male,Married,Professional,92800.0,Private,18.5,Large Indian,Own,0.0,3,2,0.0,0.0,6000.0,17000.0,9000.0,No,0.0,830.0,432300.0,110200.0,Education EMI,479000.0,16,High_Risk,36480.0
58.0,Female,Married,Graduate,63100.0,Government,6.7,MNC,Rented,20000.0,3,2,0.0,0.0,6900.0,11800.0,9900.0,No,0.0,766.0,88500.0,40500.0,E-commerce Shopping EMI,28000.0,4,High_Risk,7656.0
32.0,Female,Married,Post Graduate,35600.0,Government,0.5,MNC,Family,0.0,2,1,14400.0,0.0,2900.0,8700.0,2400.0,No,0.0,787.0,35100.0,12000.0,E-commerce Shopping EMI,131000.0,11,Not_Eligible,3456.0
48.0,Male,Married,Graduate,23700.0,Private,7.3,Mid-size,Rented,4600.0,4,3,0.0,16800.0,2700.0,6500.0,1900.0,No,0.0,745.0,33800.0,14000.0,Education EMI,293000.0,11,Not_Eligible,500.0
58.0,Female,Married,Post Graduate,38500.0,Self-employed,5.7,Startup,Own,0.0,3,2,13400.0,14700.0,3500.0,5900.0,6300.0,No,0.0,632.0,58700.0,14500.0,E-commerce Shopping EMI,15000.0,16,Not_Eligible,500.0
48.0,Female,Married,Post Graduate,37300.0,Private,1.9,MNC,Rented,11400.0,2,1,0.0,0.0,4700.0,6400.0,4300.0,Yes,7500.0,655.0,84600.0,48000.0,E-commerce Shopping EMI,189000.0,22,Not_Eligible,1050.0
32.0,Male,Married,Professional,70300.0,Private,2.6,MNC,Rented,14400.0,3,2,10100.0,0.0,7800.0,14700.0,9000.0,No,0.0,815.0,118800.0,65200.0,Vehicle EMI,524000.0,32,Not_Eligible,6864.0
32.0,Female,Married,Graduate,43500.0,Private,6.0,Mid-size,Own,0.0,4,3,0.0,0.0,3600.0,11000.0,6400.0,No,0.0,791.0,63200.0,23400.0,Personal Loan EMI,975000.0,55,Not_Eligible,10800.0
38.0,Male,Married,High School,16200.0,Private,0.5,Mid-size,Rented,4600.0,3,2,0.0,7500.0,2300.0,4300.0,2200.0,No,0.0,769.0,44100.0,13100.0,Home Appliances EMI,132000.0,29,Not_Eligible,500.0
27.0,Male,Single,Professional,50100.0,Private,0.5,Mid-size,Own,0.0,2,1,0.0,0.0,5800.0,11300.0,6600.0,No,0.0,688.0,394500.0,131700.0,Personal Loan EMI,790000.0,49,Not_Eligible,11616.0
27.0,Male,Single,Professional,41500.0,Private,2.1,Mid-size,Rented,8900.0,1,0,0.0,0.0,2400.0,10700.0,4700.0,No,0.0,792.0,35600.0,8000.0,Education EMI,428000.0,41,Not_Eligible,7104.0
27.0,Male,Married,Graduate,18000.0,Self-employed,0.9,Large Indian,Family,0.0,5,4,7800.0,20600.0,2500.0,3600.0,1600.0,No,0.0,641.0,143200.0,72800.0,Vehicle EMI,1.383e+06,81,Not_Eligible,500.0
27.0,Male,Single,Post Graduate,373566.0,Government,0.5,Mid-size,Own,0.0,3,2,0.0,22200.0,4400.0,13300.0,4400.0,No,0.0,819.0,433100.0,139900.0,Home Appliances EMI,34000.0,11,Eligible,17358.0
48.0,Female,Married,Graduate,34900.0,Private,0.5,Large Indian,Family,0.0,4,3,14700.0,0.0,3900.0,7300.0,3100.0,No,0.0,657.0,222700.0,103900.0,Education EMI,490000.0,35,Not_Eligible,2596.0
27.0,Male,Married,Graduate,70500.0,Private,3.0,Large Indian,Family,0.0,4,3,0.0,0.0,9200.0,14000.0,5100.0,No,0.0,670.0,338700.0,105600.0,Personal Loan EMI,938000.0,60,Not_Eligible,21100.0
32.0,Female,Single,Professional,32100.0,Private,6.7,Startup,Rented,7500.0,3,2,0.0,19300.0,3300.0,8800.0,2700.0,No,0.0,669.0,100500.0,58300.0,Vehicle EMI,1.08e+06,63,Not_Eligible,500.0
27.0,Male,Single,Post Graduate,154600.0,Government,0.5,Mid-size,Rented,48600.0,2,1,0.0,0.0,21100.0,30400.0,18900.0,No,0.0,774.0,804700.0,419100.0,E-commerce Shopping EMI,72000.0,22,Eligible,21360.0
38.0,Male,Married,Graduate,26800.0,Private,1.5,MNC,Family,0.0,3,2,12900.0,0.0,2000.0,4600.0,2400.0,Yes,4400.0,601.0,175000.0,53100.0,E-commerce Shopping EMI,108000.0,7,Not_Eligible,500.0
48.0,Female,Single,Post Graduate,55000.0,Private,8.9,Mid-size,Own,0.0,3,2,7500.0,0.0,3600.0,10500.0,7400.0,No,0.0,652.0,390000.0,134600.0,Education EMI,495000.0,31,Not_Eligible,14300.0
27.0,Female,Single,High School,31800.0,Private,2.6,Mid-size,Rented,9100.0,2,1,0.0,0.0,2600.0,7700.0,4000.0,No,0.0,850.0,43300.0,20800.0,Education EMI,495000.0,13,Not_Eligible,4032.0
32.0,Male,Married,Graduate,97800.0,Private,0.5,Mid-size,Rented,29500.0,4,3,4900.0,6400.0,12400.0,23400.0,6300.0,No,0.0,704.0,763300.0,378800.0,Vehicle EMI,1.106e+06,38,Not_Eligible,6556.0
48.0,Female,Married,High School,51200.0,Private,4.8,MNC,Own,0.0,3,2,4500.0,24700.0,6800.0,9900.0,8100.0,No,0.0,677.0,61600.0,22300.0,Home Appliances EMI,134000.0,31,Not_Eligible,500.0
38.0,Male,Married,Graduate,27800.0,Private,4.9,Large Indian,Rented,6700.0,3,2,0.0,0.0,1800.0,4500.0,3900.0,No,0.0,673.0,108900.0,38200.0,Education EMI,414000.0,32,Not_Eligible,5450.0
32.0,Female,Single,Graduate,40100.0,Private,10.0,Startup,Rented,11400.0,2,1,7900.0,0.0,5000.0,9000.0,3300.0,No,0.0,659.0,78300.0,46000.0,E-commerce Shopping EMI,75000.0,16,Not_Eligible,1400.0
48.0,Male,Married,Graduate,19900.0,Private,26.0,MNC,Own,0.0,3,2,6800.0,0.0,2500.0,3900.0,2500.0,No,0.0,774.0,110900.0,43200.0,Home Appliances EMI,133000.0,33,Not_Eligible,2520.0
38.0,Male,Single,Graduate,64000.0,Private,4.4,Large Indian,Family,0.0,3,2,3200.0,9900.0,8000.0,18100.0,7300.0,No,0.0,722.0,386000.0,159900.0,E-commerce Shopping EMI,28000.0,13,Eligible,9625.0
32.0,Male,Married,Post Graduate,35900.0,Private,0.5,Large Indian,Rented,7500.0,3,2,5400.0,0.0,2000.0,6300.0,6300.0,Yes,3700.0,709.0,186400.0,100900.0,Home Appliances EMI,264000.0,24,Not_Eligible,1316.0
58.0,Female,Married,Graduate,38600.0,Private,5.4,Large Indian,Rented,5800.0,4,3,0.0,0.0,2100.0,8300.0,5200.0,No,0.0,811.0,235800.0,72800.0,Home Appliances EMI,80000.0,16,Eligible,11352.0
27.0,Female,Single,Graduate,48500.0,Self-employed,1.0,Large Indian,Family,0.0,1,0,0.0,0.0,5100.0,10500.0,8100.0,No,0.0,661.0,204900.0,67200.0,E-commerce Shopping EMI,108000.0,4,Not_Eligible,11160.0
58.0,Male,Single,Post Graduate,92600.0,Self-employed,31.3,Large Indian,Own,0.0,1,0,0.0,0.0,10500.0,16600.0,8700.0,Yes,20300.0,738.0,516600.0,184100.0,Home Appliances EMI,297000.0,20,Not_Eligible,11497.5
48.0,Male,Married,Post Graduate,129700.0,Private,0.7,Startup,Rented,33400.0,4,3,0.0,0.0,18800.0,37500.0,23900.0,No,0.0,768.0,947700.0,554400.0,Home Appliances EMI,74000.0,35,Eligible,8500.8
38.0,Male,Married,Graduate,42000.0,Self-employed,9.0,Large Indian,Own,0.0,4,3,4000.0,0.0,5400.0,7100.0,4400.0,Yes,9000.0,578.0,145700.0,81100.0,E-commerce Shopping EMI,142000.0,14,Not_Eligible,3049.2
58.0,Male,Married,Graduate,51000.0,Government,2.4,Large Indian,Family,0.0,2,1,0.0,0.0,7000.0,13800.0,6900.0,No,0.0,753.0,369800.0,80400.0,Vehicle EMI,424000.0,80,Eligible,15378.0
27.0,Female,Married,High School,55400.0,Government,0.5,Large Indian,Rented,12900.0,3,2,9700.0,16400.0,7800.0,11100.0,6300.0,Yes,14400.0,707.0,386000.0,112400.0,Home Appliances EMI,204000.0,18,Not_Eligible,500.0
32.0,Male,Married,Graduate,66400.0,Private,4.2,Large Indian,Family,0.0,4,3,6100.0,0.0,7900.0,10100.0,8100.0,Yes,18800.0,623.0,457700.0,242800.0,Education EMI,161000.0,10,Not_Eligible,4743.2
32.0,Female,Single,Post Graduate,30900.0,Private,4.6,Large Indian,Family,0.0,3,2,2200.0,0.0,2400.0,8500.0,2100.0,No,0.0,714.0,166300.0,51200.0,Vehicle EMI,1.448e+06,15,Not_Eligible,7850.0
48.0,Male,Married,Post Graduate,102100.0,Private,3.8,MNC,Own,0.0,3,2,10100.0,23300.0,9300.0,30300.0,5400.0,Yes,28200.0,719.0,54800.0,31800.0,Personal Loan EMI,992000.0,51,Not_Eligible,500.0
48.0,Male,Single,High School,12000.0,Private,7.2,Large Indian,Family,0.0,1,0,0.0,0.0,1300.0,3600.0,700.0,Yes,3300.0,646.0,59600.0,27600.0,Education EMI,231000.0,24,Not_Eligible,868.0
58.0,Female,Married,Graduate,34100.0,Private,0.5,Mid-size,Rented,10600.0,3,2,2100.0,0.0,3100.0,5300.0,1800.0,Yes,3500.0,545.0,117600.0,67600.0,Personal Loan EMI,379000.0,16,Not_Eligible,1078.0
38.0,Male,Married,Graduate,35700.0,Private,3.7,Startup,Rented,5700.0,3,2,0.0,0.0,2600.0,7200.0,6800.0,Yes,7200.0,623.0,171900.0,90400.0,Vehicle EMI,1.403e+06,80,Not_Eligible,1736.0
32.0,Male,Married,Graduate,78400.0,Private,1.4,Mid-size,Own,0.0,4,3,5100.0,0.0,4500.0,22400.0,4100.0,No,0.0,707.0,479800.0,171200.0,Home Appliances EMI,85000.0,31,Eligible,23265.0
48.0,Female,Married,Post Graduate,38500.0,Government,11.9,Mid-size,Rented,10700.0,3,2,0.0,0.0,2200.0,7400.0,6400.0,No,0.0,756.0,213800.0,49900.0,Education EMI,454000.0,28,Not_Eligible,7788.0
48.0,Male,Married,Professional,58800.0,Private,3.6,Startup,Own,0.0,5,4,6700.0,0.0,6900.0,16100.0,5500.0,Yes,8100.0,585.0,277900.0,115400.0,Home Appliances EMI,125000.0,33,Not_Eligible,4340.0
38.0,Male,Married,Post Graduate,10796.0,Private,8.8,Mid-size,Own,0.0,4,3,0.0,0.0,6400.0,23400.0,13600.0,No,0.0,670.0,66800.0,14200.0,Education EMI,53000.0,13,Eligible,14120.0
27.0,Male,Single,Post Graduate,66900.0,Private,0.5,Large Indian,Own,0.0,1,0,0.0,0.0,5300.0,16000.0,6800.0,Yes,15900.0,686.0,472800.0,255600.0,Vehicle EMI,277000.0,29,Not_Eligible,7053.2
38.0,Male,Married,Graduate,27000.0,Private,2.8,Mid-size,Own,0.0,5,4,3800.0,0.0,2500.0,7300.0,2500.0,No,0.0,598.0,160500.0,96000.0,Personal Loan EMI,592000.0,13,Not_Eligible,4360.0
32.0,Female,Married,Post Graduate,30900.0,Government,1.4,MNC,Rented,7000.0,2,1,8000.0,0.0,2700.0,8000.0,3600.0,Yes,7000.0,702.0,19300.0,8200.0,Home Appliances EMI,76000.0,12,Not_Eligible,500.0
32.0,Female,Single,Post Graduate,103200.0,Government,4.2,Mid-size,Family,0.0,3,2,3500.0,0.0,11900.0,23200.0,11800.0,Yes,20600.0,730.0,238900.0,122200.0,E-commerce Shopping EMI,119000.0,8,Not_Eligible,12397.0
32.0,Male,Married,Graduate,60100.0,Private,10.0,Large Indian,Own,0.0,3,2,7400.0,0.0,4600.0,9600.0,10200.0,Yes,14700.0,683.0,358300.0,187900.0,E-commerce Shopping EMI,135000.0,18,Not_Eligible,4760.0
48.0,Male,Single,Post Graduate,57200.0,Private,1.5,Startup,Family,0.0,2,1,0.0,0.0,4000.0,14200.0,4900.0,Yes,9900.0,640.0,376200.0,155900.0,Education EMI,355000.0,19,Not_Eligible,7453.6
32.0,Male,Married,Post Graduate,21300.0,Government,4.8,Mid-size,Rented,4300.0,3,2,11900.0,10700.0,2400.0,6000.0,2200.0,No,0.0,751.0,40300.0,14800.0,Vehicle EMI,344000.0,74,Not_Eligible,500.0
32.0,Male,Single,High School,45283.0,Government,6.3,Large Indian,Own,0.0,2,1,6500.0,18700.0,3700.0,12000.0,4000.0,Yes,5000.0,701.0,204600.0,103200.0,Home Appliances EMI,45000.0,28,Not_Eligible,500.0
48.0,Male,Married,Professional,72400.0,Private,1.5,Large Indian,Rented,17600.0,4,3,0.0,0.0,6900.0,17300.0,7500.0,No,0.0,627.0,458300.0,180800.0,Personal Loan EMI,325000.0,52,High_Risk,10164.0
38.0,Male,Single,Post Graduate,27300.0,Government,5.6,Mid-size,Rented,8700.0,3,2,10200.0,0.0,3100.0,7600.0,5100.0,No,0.0,765.0,99100.0,44900.0,Vehicle EMI,1.322e+06,62,Not_Eligible,500.0
32.0,Female,Married,Post Graduate,99600.0,Private,7.4,MNC,Rented,27800.0,3,2,10300.0,0.0,12200.0,22100.0,14500.0,Yes,27200.0,768.0,188200.0,100200.0,Education EMI,97000.0,19,Not_Eligible,500.0
48.0,Female,Married,Graduate,15600.0,Private,6.5,Startup,Rented,5200.0,2,1,4500.0,0.0,2100.0,4600.0,800.0,No,0.0,714.0,27400.0,13100.0,Personal Loan EMI,666000.0,12,Not_Eligible,500.0
32.0,MALE,Married,Graduate,15000.0,Government,2.5,Startup,Own,0.0,5,4,0.0,0.0,2000.0,3400.0,900.0,No,0.0,595.0,8700.0,2100.0,Home Appliances EMI,292000.0,13,Not_Eligible,2784.0
48.0,Male,Single,Graduate,107400.0,Private,9.1,Mid-size,Family,0.0,3,2,2600.0,0.0,9500.0,25300.0,10100.0,Yes,31600.0,747.0,797200.0,289500.0,Education EMI,93000.0,13,Eligible,10895.5
38.0,Female,Married,High School,74100.0,Private,2.8,MNC,Rented,21300.0,2,1,0.0,8000.0,10300.0,13700.0,10600.0,No,0.0,760.0,452600.0,180500.0,Home Appliances EMI,239000.0,20,Not_Eligible,6732.0
38.0,Male,Married,High School,25900.0,Self-employed,0.5,Mid-size,Family,0.0,2,1,7800.0,0.0,1600.0,5600.0,3300.0,No,0.0,773.0,40700.0,18700.0,Personal Loan EMI,484000.0,58,Not_Eligible,3283.2
48.0,Male,Single,Graduate,39600.0,Private,15.2,MNC,Family,0.0,2,1,0.0,18700.0,4200.0,8700.0,6900.0,No,0.0,720.0,219200.0,113000.0,Vehicle EMI,1.385e+06,41,Not_Eligible,550.0
38.0,Male,Married,Post Graduate,44400.0,Private,5.0,Large Indian,Rented,9200.0,3,2,0.0,0.0,3300.0,10200.0,3700.0,Yes,10700.0,554.0,93000.0,44600.0,Vehicle EMI,1.368e+06,62,Not_Eligible,2044.0
48.0,Female,Married,Post Graduate,38700.0,Private,0.9,Large Indian,Family,0.0,5,4,0.0,0.0,4500.0,8100.0,3000.0,No,0.0,637.0,162300.0,57600.0,Education EMI,395000.0,23,Not_Eligible,7392.0
38.0,Male,Married,Post Graduate,67100.0,Private,0.5,Small,Family,0.0,3,2,5500.0,8300.0,5900.0,17100.0,11800.0,Yes,14900.0,784.0,84200.0,42900.0,E-commerce Shopping EMI,45000.0,4,Not_Eligible,967.68
32.0,Female,Married,Professional,137900.0,Private,3.9,MNC,Rented,35300.0,3,2,6700.0,0.0,11700.0,26300.0,20300.0,Yes,19700.0,636.0,1.0439e+06,610700.0,Home Appliances EMI,113000.0,17,Not_Eligible,5513.2
48.0,Male,Married,High School,21300.0,Private,1.0,Mid-size,Family,0.0,4,3,3600.0,0.0,1600.0,3500.0,1800.0,Yes,4600.0,735.0,152100.0,35000.0,Education EMI,60000.0,8,Not_Eligible,2387.0
48.0,Female,Married,Post Graduate,19500.0,Private,15.1,Mid-size,Own,0.0,2,1,7100.0,0.0,2300.0,4200.0,3000.0,Yes,2600.0,578.0,105400.0,39800.0,Education EMI,110000.0,18,Not_Eligible,500.0
48.0,Female,Married,Professional,177900.0,Private,8.0,Large Indian,Rented,58600.0,4,3,0.0,0.0,25100.0,42900.0,28200.0,Yes,30400.0,747.0,718500.0,251600.0,E-commerce Shopping EMI,100000.0,22,Not_Eligible,500.0
58.0,Male,Married,Graduate,52000.0,Private,5.8,Startup,Own,0.0,4,3,6800.0,24300.0,5100.0,10600.0,3600.0,Yes,5600.0,751.0,168400.0,72400.0,Education EMI,416000.0,20,Not_Eligible,500.0
38.0,Female,Married,Graduate,45000.0,Private,5.3,Large Indian,Own,0.0,4,3,11600.0,21800.0,3100.0,6900.0,6400.0,No,0.0,717.0,327100.0,96100.0,Vehicle EMI,117000.0,81,Not_Eligible,500.0
32.0,Female,Married,Graduate,398169.0,Government,5.9,MNC,Rented,8300.0,3,2,7300.0,0.0,1900.0,6500.0,5400.0,Yes,9200.0,850.0,77100.0,31100.0,E-commerce Shopping EMI,165000.0,23,Not_Eligible,500.0
38.0,Female,Married,Graduate,38300.0,Private,0.5,Mid-size,Rented,9600.0,5,4,0.0,0.0,4800.0,6000.0,2500.0,No,0.0,683.0,40300.0,9400.0,Vehicle EMI,419000.0,53,Not_Eligible,4928.0
32.0,Male,Single,Professional,62700.0,Private,2.9,Mid-size,Family,0.0,2,1,0.0,0.0,3600.0,15900.0,12400.0,Yes,13400.0,709.0,171300.0,101700.0,Vehicle EMI,730000.0,12,Not_Eligible,6090.0
38.0,Male,Married,Graduate,62401.0,Private,0.5,Startup,Rented,15100.0,4,3,0.0,0.0,6300.0,17300.0,6500.0,Yes,7100.0,775.0,431300.0,170600.0,Education EMI,202000.0,41,Not_Eligible,3511.2
38.0,Female,Married,Graduate,46900.0,Private,10.1,Large Indian,Rented,13900.0,4,3,8100.0,0.0,5800.0,11700.0,6700.0,No,0.0,644.0,74200.0,32500.0,Vehicle EMI,454000.0,78,Not_Eligible,500.0
38.0,Male,Married,Post Graduate,32900.0,Private,0.6,Mid-size,Own,0.0,3,2,0.0,0.0,2500.0,5100.0,6100.0,No,0.0,683.0,128800.0,40700.0,Personal Loan EMI,833000.0,33,Not_Eligible,7680.0
58.0,Male,Married,Professional,75700.0,Private,1.2,MNC,Family,0.0,2,1,0.0,0.0,8600.0,20600.0,15100.0,Yes,19100.0,698.0,126800.0,36300.0,Education EMI,324000.0,21,Not_Eligible,3444.0
38.0,Male,Married,High School,58200.0,Private,0.5,Mid-size,Rented,14100.0,2,1,13200.0,0.0,5600.0,9100.0,7700.0,Yes,14000.0,621.0,211000.0,111000.0,Education EMI,54000.0,11,Not_Eligible,500.0
38.0,Male,Married,High School,42100.0,Private,2.2,Mid-size,Rented,7000.0,5,4,3600.0,21000.0,5000.0,10900.0,3800.0,Yes,12200.0,684.0,106300.0,54100.0,Personal Loan EMI,422000.0,22,Not_Eligible,500.0
32.0,Male,Married,High School,31400.0,Private,5.6,Small,Rented,10200.0,3,2,8200.0,0.0,2200.0,9200.0,2500.0,No,0.0,628.0,173700.0,45700.0,Personal Loan EMI,945000.0,22,Not_Eligible,500.0
32.0,Female,Married,Graduate,36200.0,Private,5.3,Mid-size,Rented,10200.0,2,1,0.0,0.0,2600.0,7600.0,4600.0,No,0.0,786.0,49900.0,26900.0,Education EMI,60000.0,29,Eligible,5376.0
48.0,Female,Married,Professional,90400.0,Private,0.5,MNC,Rented,28500.0,3,2,0.0,0.0,10600.0,20200.0,17400.0,No,0.0,759.0,457700.0,152300.0,Education EMI,55000.0,41,Eligible,6576.0
32.0,Male,Married,Graduate,28200.0,Government,2.5,Large Indian,Family,0.0,3,2,0.0,23500.0,2100.0,6400.0,3000.0,No,0.0,632.0,178000.0,99000.0,Education EMI,487000.0,42,Not_Eligible,500.0
38.0,Male,Married,Graduate,48800.0,Private,7.8,Large Indian,Own,0.0,3,2,2100.0,0.0,3000.0,12200.0,4700.0,No,0.0,656.0,200600.0,61600.0,Vehicle EMI,1.064e+06,43,Not_Eligible,13400.0
32.0,F,Married,Post Graduate,55500.0,Private,4.4,Mid-size,Rented,12200.0,4,3,12600.0,0.0,3200.0,12700.0,4100.0,No,0.0,696.0,288300.0,70300.0,Vehicle EMI,263000.0,44,Not_Eligible,5350.0
27.0,Male,Single,Post Graduate,57200.0,Private,0.5,MNC,Own,0.0,1,0,0.0,0.0,4400.0,10100.0,4300.0,Yes,9700.0,667.0,110300.0,55700.0,Vehicle EMI,1.335e+06,33,Not_Eligible,6428.8
32.0,Male,Married,Professional,139900.0,Government,0.5,Startup,Family,0.0,2,1,12800.0,0.0,10600.0,30000.0,10300.0,No,0.0,747.0,112400.0,64300.0,E-commerce Shopping EMI,122000.0,22,Eligible,30480.0
58.0,Male,Married,Graduate,143500.0,Private,9.1,Small,Own,0.0,3,2,0.0,0.0,19300.0,30200.0,27700.0,No,0.0,829.0,1.1243e+06,512200.0,E-commerce Shopping EMI,199000.0,17,Eligible,43758.0
38.0,Male,Married,Graduate,57700.0,Private,1.7,Mid-size,Family,0.0,3,2,0.0,0.0,3600.0,9100.0,4500.0,No,0.0,800.0,233400.0,47100.0,Vehicle EMI,889000.0,52,High_Risk,24300.0
32.0,Male,Married,Graduate,18000.0,Private,4.0,Mid-size,Family,0.0,2,1,14100.0,12800.0,1600.0,5100.0,1500.0,No,0.0,742.0,50000.0,13900.0,Personal Loan EMI,70000.0,39,Not_Eligible,500.0
32.0,Female,Married,Graduate,46500.0,Private,2.7,Startup,Rented,10000.0,5,4,9500.0,0.0,5000.0,8600.0,5300.0,Yes,12800.0,595.0,49800.0,28800.0,Vehicle EMI,193000.0,49,Not_Eligible,500.0
38.0,Male,Married,Graduate,70300.0,Private,2.0,Startup,Family,0.0,2,1,9500.0,0.0,3800.0,17700.0,10900.0,No,0.0,600.0,474100.0,118200.0,E-commerce Shopping EMI,157000.0,5,Not_Eligible,12496.0
32.0,Male,Married,High School,16000.0,Private,3.1,Mid-size,Rented,5100.0,3,2,0.0,0.0,2100.0,4600.0,1000.0,No,0.0,601.0,125700.0,38600.0,Vehicle EMI,457000.0,25,Not_Eligible,1408.0
27.0,Male,Single,High School,62600.0,Self-employed,1.1,MNC,Rented,17600.0,2,1,3600.0,0.0,6200.0,15000.0,6000.0,No,0.0,611.0,101600.0,53600.0,Home Appliances EMI,147000.0,20,Not_Eligible,4089.6
38.0,Female,Married,High School,54000.0,Self-employed,4.6,Large Indian,Rented,14000.0,2,1,13600.0,13800.0,4200.0,13100.0,5100.0,No,0.0,618.0,41600.0,17300.0,Vehicle EMI,1.248e+06,37,Not_Eligible,500.0
38.0,Female,Married,Graduate,21300.0,Private,7.3,Large Indian,Family,0.0,4,3,5100.0,0.0,2200.0,5200.0,3900.0,Yes,6400.0,718.0,117300.0,68600.0,Education EMI,152000.0,18,Not_Eligible,500.0
38.0,Male,Married,Professional,108800.0,Self-employed,0.6,Mid-size,Rented,27700.0,3,2,12000.0,20600.0,5500.0,31500.0,10800.0,Yes,31900.0,673.0,85100.0,26000.0,Personal Loan EMI,109000.0,55,Not_Eligible,500.0
27.0,Female,Married,Graduate,29200.0,Government,0.5,Startup,Rented,5000.0,5,4,0.0,0.0,3000.0,8000.0,4500.0,No,0.0,693.0,109600.0,40900.0,Vehicle EMI,1.054e+06,58,Not_Eligible,4350.0
38.0,Male,Married,Graduate,89100.0,Private,4.3,Mid-size,Own,0.0,2,1,10700.0,12900.0,6300.0,24100.0,12000.0,Yes,17400.0,615.0,550600.0,302900.0,Home Appliances EMI,216000.0,14,Not_Eligible,1755.6
32.0,Female,Single,High School,80700.0,Self-employed,1.6,Startup,Rented,26000.0,2,1,0.0,0.0,7800.0,15000.0,5600.0,No,0.0,758.0,206700.0,104900.0,Home Appliances EMI,127000.0,15,Eligible,14202.0
32.0,Female,Married,Graduate,25600.0,Private,10.0,Startup,Rented,6700.0,3,2,4900.0,5200.0,3000.0,7200.0,4700.0,No,0.0,720.0,25400.0,13600.0,E-commerce Shopping EMI,96000.0,14,Not_Eligible,500.0
58.0,Female,Married,High School,83200.0,Private,36.0,Mid-size,Rented,25200.0,3,2,4600.0,0.0,8900.0,24400.0,7600.0,No,0.0,706.0,473200.0,109600.0,Vehicle EMI,996000.0,80,Not_Eligible,6250.0
32.0,Female,Married,Post Graduate,53900.0,Private,0.5,Mid-size,Rented,14900.0,3,2,0.0,23700.0,5300.0,11400.0,8600.0,Yes,8800.0,644.0,223500.0,101300.0,Personal Loan EMI,660000.0,45,Not_Eligible,500.0
38.0,Male,Married,Post Graduate,43800.0,Private,5.2,Large Indian,Own,0.0,5,4,8500.0,20600.0,2300.0,9400.0,2900.0,No,0.0,773.0,328400.0,159800.0,Home Appliances EMI,164000.0,29,Not_Eligible,500.0
38.0,Female,Married,Professional,27000.0,Private,1.7,Large Indian,Rented,5700.0,3,2,0.0,17300.0,1700.0,7400.0,5100.0,No,0.0,710.0,151400.0,74900.0,Home Appliances EMI,121000.0,35,Not_Eligible,500.0
38.0,Male,Married,Graduate,64300.0,Government,7.3,Large Indian,Rented,15800.0,4,3,8700.0,0.0,8100.0,17800.0,10200.0,No,0.0,770.0,408200.0,155200.0,E-commerce Shopping EMI,127000.0,8,Not_Eligible,2686.2
32.0,Male,Married,Graduate,104100.0,Private,0.6,Mid-size,Family,0.0,3,2,11700.0,6400.0,14600.0,25900.0,7200.0,No,0.0,751.0,113700.0,47600.0,Vehicle EMI,321000.0,41,Eligible,14707.2
58.0,Female,Married,Graduate,24600.0,Private,1.0,Startup,Own,0.0,3,2,6900.0,19000.0,1900.0,6100.0,4600.0,Yes,4700.0,673.0,159900.0,59400.0,Home Appliances EMI,213000.0,20,Not_Eligible,500.0
27.0,Male,Single,High School,36900.0,Self-employed,0.7,Startup,Rented,10100.0,2,1,3200.0,0.0,4100.0,9100.0,2600.0,Yes,7500.0,754.0,70700.0,38100.0,Home Appliances EMI,218000.0,20,Not_Eligible,500.0
48.0,Female,Married,Graduate,47600.0,Government,15.3,Large Indian,Own,0.0,2,1,2200.0,0.0,5600.0,11000.0,7900.0,No,0.0,734.0,259300.0,134400.0,E-commerce Shopping EMI,55000.0,11,Eligible,11495.0
32.0,Female,Married,Professional,126100.0,Government,0.5,MNC,Own,0.0,2,1,3700.0,0.0,10800.0,28100.0,12100.0,No,0.0,847.0,84000.0,21700.0,E-commerce Shopping EMI,35000.0,7,Eligible,34272.0
38.0,Female,Married,Professional,82400.0,Government,4.0,MNC,Rented,15300.0,3,2,3200.0,16200.0,9400.0,13100.0,14900.0,No,0.0,830.0,457100.0,241800.0,Personal Loan EMI,862000.0,39,Not_Eligible,6798.0
38.0,Male,Single,Graduate,50900.0,Private,3.0,Startup,Own,0.0,1,0,0.0,0.0,6000.0,9400.0,8000.0,No,0.0,734.0,118900.0,28900.0,Home Appliances EMI,288000.0,9,Not_Eligible,13750.0
48.0,Male,Married,Post Graduate,82500.0,Private,1.5,MNC,Own,0.0,3,2,0.0,0.0,5400.0,19500.0,5900.0,Yes,10500.0,644.0,228900.0,68800.0,E-commerce Shopping EMI,34000.0,22,Eligible,11536.0
38.0,Female,Married,High School,31400.0,Government,5.9,Large Indian,Own,,4,3,13300.0,0.0,4600.0,5200.0,4000.0,Yes,4300.0,729.0,42800.0,24200.0,Vehicle EMI,1.021e+06,17,Not_Eligible,500.0
27.0,Female,Single,Graduate,37900.0,Private,1.1,Mid-size,Rented,11800.0,3,2,9600.0,15000.0,5400.0,7600.0,2700.0,Yes,4500.0,606.0,182600.0,102500.0,Personal Loan EMI,677000.0,28,Not_Eligible,500.0
38.0,Male,Married,Professional,431883.0,Government,1.7,MNC,Family,16297.0,4,3,0.0,14100.0,6000.0,12400.0,4600.0,Yes,18000.0,765.0,189100.0,104300.0,E-commerce Shopping EMI,103000.0,3,Not_Eligible,4536.0
28.0,Male,Married,Graduate,17242.0,Private,2.3,Large Indian,Own,0.0,3,2,12700.0,0.0,1400.0,5000.0,3500.0,Yes,4200.0,711.0,107000.0,40600.0,E-commerce Shopping EMI,23000.0,5,Not_Eligible,500.0
32.0,Female,Single,Post Graduate,144000.0,Private,1.3,Large Indian,Family,0.0,3,2,4200.0,0.0,12000.0,23900.0,28600.0,Yes,42400.0,678.0,763400.0,292000.0,Education EMI,106000.0,6,Not_Eligible,11515.0
38.0,Male,Married,Graduate,41200.0,Private,1.5,MNC,Family,0.0,5,4,14000.0,0.0,3000.0,8800.0,5700.0,Yes,4100.0,635.0,271800.0,97400.0,Personal Loan EMI,852000.0,41,Not_Eligible,1724.8
32.0,Male,Single,Graduate,59400.0,Private,1.1,Mid-size,Rented,19000.0,1,0,0.0,0.0,6200.0,16400.0,8700.0,Yes,15300.0,675.0,185100.0,97900.0,E-commerce Shopping EMI,186000.0,5,Not_Eligible,500.0
48.0,Male,Single,Graduate,30500.0,Government,4.2,MNC,Rented,9200.0,2,1,0.0,0.0,3900.0,6500.0,1900.0,Yes,8500.0,633.0,200700.0,101900.0,Education EMI,483000.0,43,Not_Eligible,500.0
38.0,Male,Married,Post Graduate,40300.0,Private,0.5,MNC,Family,0.0,2,1,10800.0,0.0,3000.0,10500.0,8000.0,Yes,7100.0,664.0,84700.0,48300.0,E-commerce Shopping EMI,100000.0,8,Not_Eligible,500.0
32.0,Female,Married,Graduate,67000.0,Self-employed,0.5,Startup,Family,0.0,3,2,0.0,6500.0,6200.0,18000.0,8800.0,Yes,13400.0,593.0,505100.0,106000.0,Education EMI,255000.0,44,Not_Eligible,3908.52
58.0,Female,Married,Post Graduate,19500.0,Government,1.0,Large Indian,Rented,4100.0,4,3,0.0,13900.0,1100.0,5600.0,1300.0,No,0.0,733.0,64100.0,20000.0,Vehicle EMI,309000.0,82,Not_Eligible,500.0
38.0,Male,Married,Post Graduate,92000.0,Government,15.2,Mid-size,Rented,27300.0,2,1,0.0,0.0,11900.0,18400.0,11400.0,No,0.0,741.0,704000.0,211300.0,Vehicle EMI,150000.0,65,Eligible,13915.0
38.0,Male,Married,Graduate,20900.0,Self-employed,1.2,MNC,Own,0.0,3,2,2500.0,0.0,2700.0,4400.0,1200.0,No,0.0,727.0,47000.0,22000.0,Vehicle EMI,93000.0,45,Eligible,4545.0
48.0,Male,Married,Professional,136500.0,Private,13.6,Mid-size,Rented,35500.0,2,1,6900.0,0.0,17200.0,32800.0,10300.0,No,0.0,719.0,1.0141e+06,493400.0,Education EMI,84000.0,15,Eligible,18590.0
32.0,Male,Married,High School,64900.0,Private,10.0,Mid-size,Own,0.0,3,2,0.0,0.0,6200.0,15200.0,11700.0,Yes,14700.0,609.0,42600.0,8600.0,Personal Loan EMI,782000.0,34,Not_Eligible,3830.4
48.0,Female,Married,Graduate,93300.0,Private,4.1,Mid-size,Rented,25200.0,3,2,7400.0,0.0,11800.0,22600.0,13600.0,Yes,14300.0,664.0,650300.0,309900.0,Home Appliances EMI,141000.0,14,Not_Eligible,500.0
38.0,Male,Married,Graduate,22700.0,Government,1.4,Large Indian,Own,0.0,3,2,0.0,0.0,3200.0,6500.0,1900.0,Yes,3800.0,699.0,108800.0,47300.0,Education EMI,114000.0,20,Not_Eligible,2555.0
32.0,Male,Married,Graduate,69000.0,Private,0.5,Mid-size,Family,0.0,3,2,0.0,0.0,5700.0,14700.0,12400.0,Yes,19400.0,692.0,71100.0,32000.0,E-commerce Shopping EMI,21000.0,18,Eligible,3763.2
38.0,Male,Married,Graduate,74700.0,Private,7.3,Mid-size,Family,0.0,3,2,4400.0,0.0,10200.0,11500.0,13200.0,No,0.0,683.0,303400.0,160900.0,Home Appliances EMI,188000.0,29,Eligible,17700.0
38.0,Male,Married,Graduate,74200.0,Private,3.7,Large Indian,Rented,17800.0,2,1,8700.0,0.0,8400.0,17200.0,10900.0,No,0.0,723.0,244600.0,137700.0,E-commerce Shopping EMI,74000.0,3,Not_Eligible,5600.0
27.0,Male,Married,High School,81200.0,Government,0.9,Small,Own,0.0,3,2,0.0,0.0,7000.0,12300.0,15600.0,Yes,22800.0,717.0,240300.0,52000.0,Personal Loan EMI,669000.0,52,Not_Eligible,8225.0
38.0,Male,Married,Graduate,32100.0,Self-employed,2.3,Mid-size,Family,0.0,3,2,12700.0,0.0,4100.0,5000.0,2900.0,No,0.0,601.0,69200.0,26000.0,Education EMI,410000.0,31,Not_Eligible,2664.0
38.0,Male,Married,Graduate,30300.0,Private,1.0,Small,Family,0.0,2,1,0.0,0.0,3200.0,4700.0,5700.0,Yes,9000.0,657.0,42600.0,19300.0,Vehicle EMI,487000.0,65,Not_Eligible,2156.0
27.0,Female,Single,Graduate,72900.0,Private,2.9,Startup,Family,0.0,1,0,0.0,0.0,5700.0,20800.0,10600.0,No,0.0,697.0,85600.0,43300.0,Vehicle EMI,1.164e+06,55,Not_Eligible,14320.0
38.0,Male,Married,Graduate,44500.0,Government,5.2,Mid-size,Rented,10300.0,3,2,12600.0,13000.0,3600.0,9300.0,5200.0,Yes,7600.0,779.0,242300.0,88800.0,Home Appliances EMI,131000.0,13,Not_Eligible,500.0
32.0,Male,Married,Graduate,51600.0,Government,1.2,Startup,Rented,11200.0,3,2,10500.0,0.0,5000.0,13900.0,10200.0,No,0.0,722.0,344900.0,125900.0,Vehicle EMI,1.314e+06,44,Not_Eligible,500.0
38.0,Male,Married,Professional,5240.0,Private,16.0,Mid-size,Own,0.0,4,3,14300.0,0.0,7000.0,21100.0,10200.0,Yes,9400.0,728.0,261000.0,129000.0,Vehicle EMI,1.34e+06,69,Not_Eligible,5005.0
48.0,Male,Married,Graduate,32100.0,Private,4.3,Large Indian,Family,0.0,4,3,5000.0,0.0,2600.0,9500.0,6300.0,No,0.0,671.0,226600.0,125000.0,Education EMI,499000.0,30,Not_Eligible,4785.0
38.0,Male,Married,Post Graduate,59300.0,Government,3.5,MNC,Own,0.0,4,3,0.0,0.0,4100.0,10700.0,10400.0,Yes,11600.0,635.0,404200.0,184800.0,E-commerce Shopping EMI,69000.0,11,High_Risk,7623.0
32.0,Male,Married,Graduate,35400.0,Private,2.3,Startup,Rented,8400.0,4,3,0.0,7500.0,3200.0,7100.0,3800.0,Yes,5700.0,628.0,250700.0,99100.0,Vehicle EMI,1.108e+06,19,Not_Eligible,500.0
38.0,Male,Married,Graduate,56200.0,Private,8.2,Startup,Family,0.0,2,1,0.0,0.0,3900.0,13700.0,11000.0,Yes,14800.0,717.0,364700.0,81500.0,Home Appliances EMI,171000.0,20,Not_Eligible,4928.0
27.0,Male,Single,Graduate,47100.0,Government,3.7,Startup,Rented,7100.0,2,1,7400.0,0.0,6400.0,7800.0,4700.0,Yes,13700.0,739.0,28900.0,10900.0,Vehicle EMI,288000.0,74,Not_Eligible,500.0
27.0,Female,Married,Graduate,69700.0,Government,1.0,Mid-size,Rented,11200.0,2,1,5500.0,0.0,4900.0,16100.0,7600.0,No,0.0,705.0,252200.0,97000.0,Education EMI,249000.0,30,High_Risk,12200.0
38.0,Male,Married,High School,60300.0,Self-employed,3.1,Large Indian,Rented,14900.0,2,1,2700.0,0.0,8400.0,17700.0,5800.0,No,0.0,704.0,75100.0,16300.0,Personal Loan EMI,309000.0,56,Not_Eligible,3888.0
48.0,Male,Married,Graduate,37300.0,Self-employed,6.7,MNC,Own,0.0,4,3,0.0,0.0,2900.0,5700.0,4500.0,Yes,9400.0,694.0,115800.0,32600.0,E-commerce Shopping EMI,45000.0,24,Eligible,4662.0
38.0,Female,Married,Professional,59200.0,Private,6.1,MNC,Rented,18900.0,3,2,6100.0,0.0,4100.0,13200.0,4300.0,No,0.0,777.0,397800.0,147400.0,Home Appliances EMI,164000.0,22,Not_Eligible,8316.0
32.0,Male,Married,Professional,91600.0,Private,4.0,Mid-size,Rented,26800.0,4,3,0.0,0.0,11300.0,20400.0,13000.0,Yes,21000.0,757.0,346800.0,121000.0,Vehicle EMI,581000.0,79,Not_Eligible,500.0
48.0,Female,Married,Graduate,20000.0,Private,3.3,Mid-size,Rented,5400.0,4,3,0.0,11700.0,2100.0,3500.0,2800.0,No,0.0,740.0,24700.0,12100.0,E-commerce Shopping EMI,171000.0,8,Not_Eligible,500.0
38.0,Male,Married,Graduate,101400.0,Private,3.4,Small,Rented,16400.0,3,2,4700.0,17800.0,5900.0,20000.0,9500.0,Yes,12500.0,661.0,635600.0,144800.0,Home Appliances EMI,101000.0,31,Eligible,5621.0
32.0,Male,Married,High School,18300.0,Government,8.2,Startup,Rented,3700.0,4,3,0.0,19000.0,1600.0,3900.0,3000.0,No,0.0,777.0,146100.0,73900.0,Education EMI,245000.0,43,Not_Eligible,500.0
32.0,Male,Single,Professional,67900.0,Private,2.7,Large Indian,Own,0.0,1,0,0.0,0.0,4600.0,10400.0,6300.0,No,0.0,706.0,170600.0,84400.0,Home Appliances EMI,92000.0,8,Eligible,23300.0
27.0,Male,Married,Graduate,20500.0,Private,3.5,Mid-size,Rented,5500.0,2,1,9900.0,0.0,2600.0,3900.0,3900.0,No,0.0,659.0,96600.0,27600.0,E-commerce Shopping EMI,133000.0,8,Not_Eligible,500.0
38.0,Male,Married,Graduate,42000.0,Government,6.5,Large Indian,Own,0.0,5,4,3100.0,0.0,4700.0,11100.0,2800.0,No,0.0,748.0,146100.0,,E-commerce Shopping EMI,75000.0,16,Eligible,11165.0
48.0,Male,Married,Graduate,51100.0,Self-employed,5.9,Small,Family,0.0,2,1,0.0,0.0,7000.0,8000.0,7900.0,No,0.0,,188300.0,51100.0,Home Appliances EMI,66000.0,30,Eligible,12690.0
58.0,Male,Single,Graduate,61000.0,Private,0.5,Mid-size,Own,0.0,2,1,0.0,0.0,3500.0,15600.0,5600.0,Yes,14100.0,603.0,210100.0,105600.0,Personal Loan EMI,459000.0,37,Not_Eligible,4972.8
48.0,Male,Single,Post Graduate,70900.0,Private,7.5,Mid-size,Rented,19300.0,1,0,0.0,0.0,9900.0,16600.0,12200.0,No,0.0,697.0,129100.0,34900.0,E-commerce Shopping EMI,45000.0,24,Eligible,5160.0
38.0,MALE,Married,Post Graduate,140100.0,Private,1.6,Large Indian,Own,0.0,4,3,4700.0,0.0,12700.0,40500.0,23800.0,Yes,36600.0,653.0,557500.0,137300.0,Home Appliances EMI,165000.0,36,Eligible,7630.0
32.0,Male,Single,Graduate,54000.0,Private,0.5,MNC,Own,0.0,1,0,0.0,0.0,5500.0,15700.0,6500.0,Yes,12500.0,665.0,333900.0,163700.0,Home Appliances EMI,266000.0,23,Not_Eligible,4250.4
58.0,Female,Married,Post Graduate,52300.0,Government,17.8,MNC,Own,0.0,3,2,6800.0,21600.0,7400.0,13600.0,3700.0,Yes,7600.0,757.0,261800.0,152000.0,Personal Loan EMI,313000.0,56,Not_Eligible,500.0
48.0,Female,Married,Professional,22547.0,Government,1.4,Startup,Rented,4600.0,3,2,5200.0,0.0,2700.0,4700.0,3200.0,Yes,6400.0,727.0,81800.0,42600.0,Education EMI,294000.0,36,Not_Eligible,500.0
32.0,Male,Married,Graduate,67800.0,Private,5.2,Startup,Family,0.0,2,1,0.0,0.0,6800.0,11700.0,9900.0,Yes,11900.0,594.0,530000.0,115400.0,E-commerce Shopping EMI,39000.0,18,Eligible,8470.0
32.0,Male,Married,Graduate,41800.0,Private,1.9,Large Indian,Family,,4,3,0.0,0.0,5800.0,9700.0,2100.0,No,0.0,785.0,74400.0,30900.0,Personal Loan EMI,138000.0,22,Eligible,11616.0
58.0,Male,Married,Graduate,58600.0,Private,4.0,MNC,Family,0.0,3,2,10700.0,16700.0,6600.0,12400.0,6200.0,No,0.0,663.0,397100.0,122800.0,Education EMI,326000.0,36,Not_Eligible,3300.0
32.0,Female,Married,Professional,9244.0,Private,0.6,Mid-size,Rented,10500.0,3,2,0.0,0.0,2800.0,13500.0,7500.0,No,0.0,755.0,175000.0,72300.0,E-commerce Shopping EMI,71000.0,18,Eligible,8256.0
32.0,Male,Married,Post Graduate,67300.0,Private,1.6,MNC,Own,0.0,4,3,4400.0,0.0,10000.0,16300.0,7600.0,Yes,12200.0,689.0,484700.0,118800.0,Vehicle EMI,1.228e+06,49,Not_Eligible,6468.0
48.0,Male,Married,Graduate,35300.0,Private,5.1,MNC,Rented,6500.0,3,2,0.0,25000.0,3100.0,6700.0,6300.0,Yes,5800.0,735.0,278500.0,151900.0,Personal Loan EMI,994000.0,15,Not_Eligible,500.0
38.0,Male,Married,Post Graduate,118800.0,Private,2.4,Mid-size,Rented,28400.0,4,3,0.0,0.0,8800.0,27400.0,6100.0,No,0.0,703.0,199300.0,98200.0,Education EMI,190000.0,29,Eligible,19240.0
27.0,Female,Married,Professional,132300.0,Private,0.5,Startup,Family,0.0,3,2,12900.0,0.0,10400.0,30700.0,6800.0,No,0.0,702.0,780500.0,382900.0,Personal Loan EMI,624000.0,48,Eligible,28600.0
32.0,Male,Married,High School,376512.0,Private,1.6,MNC,Rented,4900.0,3,2,8800.0,15100.0,1600.0,4800.0,2000.0,No,0.0,770.0,121500.0,62100.0,Education EMI,100000.0,42,Not_Eligible,500.0
48.0,Male,Married,Post Graduate,60700.0,Private,3.8,MNC,Family,0.0,5,4,5600.0,16900.0,4600.0,14200.0,11700.0,No,0.0,709.0,263900.0,60100.0,Education EMI,162000.0,44,Not_Eligible,3850.0
27.0,Male,Married,Post Graduate,60300.0,Private,1.2,MNC,Own,0.0,4,3,0.0,5600.0,4600.0,10200.0,5500.0,No,0.0,686.0,184300.0,42000.0,Vehicle EMI,764000.0,24,Not_Eligible,17200.0
38.0,Male,Married,Graduate,30800.0,Private,3.6,MNC,Rented,5900.0,2,1,0.0,17500.0,4000.0,6500.0,1700.0,Yes,3600.0,606.0,171800.0,54600.0,Personal Loan EMI,634000.0,33,Not_Eligible,500.0
38.0,Female,Single,Professional,97900.0,Self-employed,2.5,Large Indian,Own,0.0,3,2,0.0,22600.0,6000.0,16700.0,10500.0,No,0.0,837.0,433400.0,145000.0,Personal Loan EMI,626000.0,52,Eligible,22734.0
32.0,Male,Single,Graduate,15000.0,Private,3.6,Mid-size,Rented,2800.0,2,1,0.0,6700.0,1700.0,3300.0,1000.0,No,0.0,646.0,19200.0,9600.0,Education EMI,259000.0,7,Not_Eligible,500.0
48.0,Male,Married,Professional,105500.0,Private,0.9,Large Indian,Rented,24800.0,2,1,3200.0,10400.0,10200.0,18900.0,8900.0,Yes,26200.0,621.0,93500.0,35200.0,Home Appliances EMI,195000.0,14,Not_Eligible,519.68
32.0,Male,Married,Graduate,107300.0,Private,6.0,Mid-size,Rented,28700.0,3,2,3900.0,0.0,14900.0,26700.0,20300.0,No,0.0,716.0,419300.0,178100.0,Personal Loan EMI,608000.0,54,Not_Eligible,6400.0
32.0,Male,Married,Graduate,64800.0,Private,5.4,Large Indian,Family,0.0,3,2,0.0,0.0,8500.0,17000.0,12600.0,Yes,17600.0,618.0,237000.0,88000.0,Education EMI,283000.0,26,Not_Eligible,2548.0
27.0,Male,Single,Post Graduate,52000.0,Government,5.0,Mid-size,Own,0.0,1,0,0.0,0.0,5400.0,8800.0,4500.0,Yes,14200.0,706.0,227300.0,64400.0,Personal Loan EMI,967000.0,30,Not_Eligible,7353.5
48.0,Female,Single,Graduate,61100.0,Private,24.0,Small,Own,0.0,2,1,2700.0,0.0,3400.0,9700.0,10900.0,No,0.0,0.0,198200.0,70300.0,Vehicle EMI,368000.0,59,Eligible,17200.0
48.0,Female,Married,High School,26900.0,Government,20.4,MNC,Own,0.0,2,1,0.0,22600.0,3800.0,6200.0,2700.0,No,0.0,720.0,15400.0,5100.0,Home Appliances EMI,176000.0,18,Not_Eligible,500.0
27.0,Male,Single,Graduate,20000.0,Private,0.6,Small,Rented,6600.0,1,0,0.0,0.0,1500.0,5200.0,3700.0,No,0.0,674.0,67900.0,34200.0,E-commerce Shopping EMI,77000.0,14,Not_Eligible,1200.0
38.0,Female,Married,Graduate,68900.0,Self-employed,6.0,Startup,Own,0.0,3,2,0.0,0.0,4200.0,10900.0,12100.0,No,0.0,702.0,149800.0,68800.0,Personal Loan EMI,360000.0,60,Eligible,18765.0
38.0,Male,Married,Post Graduate,67100.0,Government,7.2,Mid-size,Rented,12800.0,3,2,0.0,0.0,8700.0,16600.0,13300.0,No,0.0,675.0,369700.0,130500.0,Personal Loan EMI,598000.0,37,Not_Eligible,8635.0
27.0,Female,Single,Post Graduate,70400.0,Private,1.3,Mid-size,Rented,19100.0,1,0,0.0,0.0,6000.0,21000.0,6500.0,No,0.0,765.0,331100.0,188000.0,Vehicle EMI,286000.0,40,Eligible,10680.0
32.0,Male,Married,Post Graduate,65800.0,Private,9.4,Small,Own,0.0,3,2,0.0,0.0,5200.0,18900.0,12100.0,Yes,18000.0,660.0,209700.0,98100.0,E-commerce Shopping EMI,116000.0,15,Not_Eligible,4060.0
38.0,Male,Married,Graduate,54200.0,Government,12.5,Large Indian,Own,0.0,2,1,5000.0,0.0,6600.0,14100.0,5500.0,No,0.0,847.0,399000.0,130000.0,Home Appliances EMI,89000.0,34,Eligible,16698.0
27.0,Female,Single,Professional,58700.0,Government,0.5,Large Indian,Rented,16400.0,2,1,0.0,0.0,3400.0,11700.0,8700.0,Yes,8900.0,739.0,230900.0,103700.0,E-commerce Shopping EMI,107000.0,8,Not_Eligible,3360.0
32.0,Female,Married,Graduate,20000.0,Private,3.2,Large Indian,Own,0.0,3,2,3300.0,0.0,2000.0,5900.0,2000.0,No,0.0,803.0,21500.0,4900.0,Vehicle EMI,1.165e+06,75,Not_Eligible,3264.0
32.0,Male,Single,Graduate,80200.0,Private,2.6,Large Indian,Rented,20600.0,2,1,12000.0,0.0,9100.0,16300.0,14700.0,No,0.0,708.0,553200.0,166500.0,Personal Loan EMI,780000.0,13,Not_Eligible,4125.0
38.0,Male,Married,Graduate,22400.0,Private,1.1,Large Indian,Rented,7500.0,4,3,0.0,0.0,3000.0,4500.0,3400.0,No,0.0,740.0,62300.0,17900.0,Personal Loan EMI,966000.0,33,Not_Eligible,2000.0
48.0,Male,Married,High School,43500.0,Government,2.6,MNC,Rented,7000.0,3,2,13400.0,16300.0,2400.0,12900.0,8100.0,Yes,12600.0,767.0,276100.0,161100.0,Education EMI,268000.0,32,Not_Eligible,500.0
27.0,Male,Married,Graduate,68100.0,Private,0.5,Large Indian,Family,0.0,3,2,0.0,0.0,6100.0,19400.0,4800.0,No,0.0,674.0,471300.0,137300.0,Personal Loan EMI,59000.0,23,Eligible,16632.0
32.0,Male,Single,Post Graduate,147200.0,Private,0.5,Startup,Own,0.0,1,0,0.0,0.0,20700.0,25100.0,27200.0,Yes,38600.0,550.0,689200.0,409600.0,Home Appliances EMI,60000.0,20,Eligible,7974.4
32.0,Female,Married,Graduate,91800.0,Private,0.8,Small,Own,0.0,3,2,0.0,0.0,9100.0,15600.0,13100.0,Yes,15100.0,656.0,338000.0,117900.0,Vehicle EMI,1.376e+06,51,Not_Eligible,10892.0
38.0,Female,Married,Post Graduate,27100.0,Private,15.5,Large Indian,Rented,4900.0,3,2,3200.0,13900.0,1700.0,4400.0,1800.0,Yes,5600.0,757.0,194400.0,40100.0,Vehicle EMI,1.23e+06,74,Not_Eligible,500.0
38.0,Male,Married,Post Graduate,56500.0,Private,5.9,Large Indian,Rented,16000.0,4,3,0.0,24900.0,7100.0,13300.0,8200.0,No,0.0,797.0,117500.0,69800.0,E-commerce Shopping EMI,93000.0,14,Not_Eligible,500.0
32.0,Female,Single,Graduate,33400.0,Private,0.5,Mid-size,Family,0.0,1,0,0.0,0.0,2400.0,5400.0,4300.0,No,0.0,566.0,212100.0,77300.0,Personal Loan EMI,180000.0,32,High_Risk,7497.6
32.0,Female,Married,Professional,88000.0,Private,0.5,Small,Own,0.0,4,3,0.0,0.0,11000.0,23300.0,14500.0,Yes,12100.0,663.0,493000.0,230600.0,Vehicle EMI,597000.0,25,Not_Eligible,7588.0
27.0,Male,Single,Graduate,118600.0,Private,0.6,Startup,Family,,1,0,0.0,0.0,8600.0,19300.0,17900.0,No,0.0,749.0,547600.0,252500.0,Home Appliances EMI,31000.0,9,Eligible,29120.0
38.0,Male,Married,Graduate,48100.0,Private,0.5,Startup,Rented,12500.0,5,4,8400.0,0.0,6500.0,12500.0,5900.0,No,0.0,648.0,350400.0,172000.0,Personal Loan EMI,883000.0,40,Not_Eligible,809.6
32.0,Female,Married,Graduate,18000.0,Private,1.8,Large Indian,Own,0.0,4,3,13000.0,0.0,1400.0,3100.0,1400.0,Yes,3400.0,707.0,93900.0,44600.0,Vehicle EMI,223000.0,54,Not_Eligible,500.0
38.0,Male,Married,Professional,106400.0,Private,2.6,Startup,Own,0.0,3,2,0.0,0.0,5600.0,17300.0,19400.0,Yes,23400.0,616.0,442300.0,175000.0,Education EMI,319000.0,41,High_Risk,11396.0
38.0,Male,Married,High School,36000.0,Private,0.5,MNC,Rented,10100.0,3,2,3100.0,0.0,4800.0,9600.0,2100.0,Yes,4800.0,684.0,31800.0,10900.0,E-commerce Shopping EMI,105000.0,10,Not_Eligible,500.0
38.0,Female,Married,Graduate,45300.0,Private,1.3,Mid-size,Rented,11900.0,4,3,0.0,0.0,5600.0,8900.0,4400.0,No,0.0,644.0,329200.0,98400.0,Home Appliances EMI,213000.0,32,Not_Eligible,6380.0
58.0,Male,Married,High School,94800.0,Private,1.3,Mid-size,Own,0.0,4,3,0.0,21500.0,8200.0,20100.0,18800.0,Yes,20600.0,555.0,261600.0,59500.0,Home Appliances EMI,117000.0,8,Not_Eligible,1568.0
48.0,Male,Married,Post Graduate,30500.0,Government,2.0,Startup,Rented,10200.0,3,2,0.0,19700.0,1500.0,6200.0,4500.0,No,0.0,747.0,48000.0,19300.0,Personal Loan EMI,463000.0,41,Not_Eligible,500.0
58.0,Female,Single,High School,48900.0,Government,0.7,Mid-size,Family,0.0,2,1,0.0,0.0,3000.0,14600.0,8900.0,No,0.0,733.0,385400.0,226900.0,Personal Loan EMI,851000.0,50,Not_Eligible,12320.0
38.0,Male,Married,Post Graduate,108800.0,Government,1.1,MNC,Family,0.0,4,3,7400.0,7900.0,13300.0,17700.0,13100.0,Yes,21300.0,807.0,191200.0,88600.0,Home Appliances EMI,146000.0,34,Eligible,9441.6
27.0,Female,Married,Graduate,61900.0,Private,0.8,Mid-size,Own,0.0,4,3,6900.0,0.0,7600.0,18300.0,3200.0,No,0.0,765.0,493100.0,138600.0,Vehicle EMI,806000.0,20,Not_Eligible,13675.2
48.0,Male,Married,Professional,72000.0,Private,5.6,Large Indian,Own,0.0,3,2,0.0,0.0,7600.0,21300.0,11000.0,No,0.0,786.0,387900.0,122200.0,Home Appliances EMI,190000.0,14,Eligible,19260.0
38.0,Male,Married,Graduate,59300.0,Self-employed,1.0,Large Indian,Family,0.0,2,1,0.0,0.0,5100.0,14800.0,8700.0,No,0.0,721.0,170200.0,38500.0,Personal Loan EMI,874000.0,35,Not_Eligible,13815.0
32.0,Male,Married,Professional,41500.0,Self-employed,3.3,MNC,Own,0.0,2,1,8600.0,0.0,3600.0,7900.0,2600.0,Yes,12100.0,686.0,185200.0,59700.0,Personal Loan EMI,653000.0,41,Not_Eligible,2110.5
27.0,Male,Single,Post Graduate,112700.0,Private,1.9,Large Indian,Family,0.0,3,2,4400.0,16700.0,12800.0,23900.0,12700.0,Yes,22900.0,704.0,551800.0,202500.0,Home Appliances EMI,229000.0,27,Not_Eligible,6755.0
38.0,Female,Single,Graduate,50700.0,Private,3.6,Large Indian,Rented,13700.0,1,0,0.0,0.0,4600.0,14900.0,2600.0,No,0.0,598.0,343900.0,103700.0,Personal Loan EMI,229000.0,53,High_Risk,6556.0
48.0,Female,Married,High School,38100.0,Private,0.9,Startup,Rented,6700.0,3,2,3200.0,0.0,2900.0,11000.0,3200.0,No,0.0,625.0,259100.0,119800.0,Home Appliances EMI,184000.0,21,Not_Eligible,3907.2
48.0,Female,Married,Professional,70400.0,Private,1.4,Large Indian,Own,0.0,4,3,8200.0,12500.0,5700.0,18500.0,8600.0,No,0.0,728.0,221700.0,84200.0,E-commerce Shopping EMI,167000.0,12,Not_Eligible,8450.0
27.0,Male,Married,Graduate,72700.0,Private,1.0,Mid-size,Own,0.0,3,2,8600.0,24500.0,9300.0,19500.0,12700.0,No,0.0,709.0,,178100.0,Education EMI,431000.0,22,Not_Eligible,500.0
48.0,Male,Married,Graduate,107100.0,Private,3.4,Large Indian,Rented,36400.0,2,1,0.0,0.0,7300.0,22000.0,7000.0,No,0.0,727.0,143900.0,46100.0,Vehicle EMI,138000.0,43,Eligible,13760.0
38.0,Male,Married,Post Graduate,97400.0,Private,7.7,Large Indian,Own,0.0,3,2,10400.0,18500.0,6100.0,19800.0,5800.0,Yes,17500.0,728.0,244600.0,115500.0,Home Appliances EMI,191000.0,18,Not_Eligible,6755.0
38.0,Female,Married,Post Graduate,43500.0,Private,4.1,Mid-size,Rented,11100.0,3,2,0.0,0.0,2200.0,8600.0,2600.0,No,0.0,626.0,279200.0,150400.0,Vehicle EMI,476000.0,24,Not_Eligible,8360.0
32.0,Male,Single,Post Graduate,73200.0,Private,4.8,Large Indian,Family,0.0,2,1,7400.0,0.0,6200.0,16900.0,14400.0,Yes,16100.0,581.0,321400.0,178000.0,Home Appliances EMI,150000.0,34,Not_Eligible,3416.0
32.0,Female,Married,Post Graduate,125500.0,Private,0.5,Large Indian,Rented,20300.0,2,1,14900.0,0.0,13100.0,31200.0,12400.0,Yes,25600.0,678.0,117900.0,33800.0,E-commerce Shopping EMI,27000.0,7,Not_Eligible,1792.0
48.0,Male,Married,Post Graduate,64500.0,Private,0.7,Mid-size,Own,0.0,4,3,0.0,0.0,6900.0,16100.0,11800.0,Yes,9100.0,576.0,179800.0,105900.0,E-commerce Shopping EMI,190000.0,18,Not_Eligible,4614.4
58.0,Female,Married,Post Graduate,25300.0,Private,2.6,Large Indian,Own,0.0,5,4,14300.0,0.0,3700.0,4100.0,2400.0,Yes,4100.0,541.0,49000.0,26400.0,Personal Loan EMI,149000.0,17,Not_Eligible,500.0
58.0,Male,Married,Graduate,15100.0,Private,1.9,Large Indian,Own,0.0,5,4,0.0,0.0,1900.0,4500.0,1000.0,No,0.0,812.0,117100.0,32400.0,Home Appliances EMI,227000.0,14,Not_Eligible,5082.0
58.0,Male,Married,Professional,30000.0,Private,3.2,MNC,Family,0.0,3,2,0.0,0.0,2000.0,7100.0,1800.0,No,0.0,766.0,130400.0,62500.0,E-commerce Shopping EMI,177000.0,11,Not_Eligible,11460.0
38.0,Female,Married,Professional,106600.0,Private,9.1,Startup,Rented,25000.0,4,3,10400.0,0.0,8200.0,31000.0,11000.0,Yes,23100.0,616.0,136400.0,76500.0,Education EMI,445000.0,16,Not_Eligible,500.0
48.0,Male,Single,Professional,70100.0,Government,12.5,MNC,Family,0.0,3,2,0.0,0.0,4000.0,13500.0,13900.0,Yes,12900.0,688.0,128200.0,47600.0,Home Appliances EMI,148000.0,11,Not_Eligible,7946.4
38.0,Female,Married,Graduate,28200.0,Government,1.2,Startup,Own,0.0,4,3,8400.0,0.0,4000.0,6000.0,2000.0,No,0.0,764.0,210800.0,63600.0,Personal Loan EMI,909000.0,40,Not_Eligible,5148.0
48.0,Female,Married,Graduate,36800.0,Private,0.8,MNC,Family,0.0,3,2,7800.0,0.0,5200.0,9800.0,3300.0,Yes,5100.0,607.0,29700.0,13800.0,Vehicle EMI,890000.0,71,Not_Eligible,1003.52
38.0,Female,Married,Post Graduate,69300.0,Private,8.5,Startup,Own,0.0,3,2,10000.0,10800.0,4700.0,19500.0,4000.0,No,0.0,679.0,149800.0,52400.0,Home Appliances EMI,41000.0,16,Eligible,10150.0
32.0,Female,Single,High School,58300.0,Private,6.9,MNC,Own,0.0,1,0,0.0,0.0,6400.0,17000.0,6800.0,No,0.0,0.0,255900.0,90000.0,Personal Loan EMI,415000.0,51,High_Risk,14050.0
32.0,Male,Single,Post Graduate,62600.0,Private,10.0,MNC,Own,0.0,2,1,9400.0,0.0,6200.0,16600.0,4300.0,No,0.0,661.0,38700.0,20700.0,Personal Loan EMI,253000.0,51,Eligible,10440.0
27.0,Female,Single,Graduate,76700.0,Private,1.8,Startup,Rented,12300.0,1,0,0.0,0.0,4100.0,14700.0,7100.0,No,0.0,744.0,362900.0,161400.0,Vehicle EMI,455000.0,48,Eligible,19250.0
48.0,Male,Married,Professional,126200.0,Government,2.3,Large Indian,Rented,40100.0,4,3,0.0,24700.0,18500.0,29700.0,20800.0,No,0.0,698.0,151200.0,79300.0,Vehicle EMI,1.478e+06,52,Not_Eligible,500.0
48.0,Female,Married,Post Graduate,26000.0,Government,2.3,Small,Rented,7500.0,3,2,13500.0,16900.0,1800.0,4100.0,2900.0,No,0.0,751.0,92500.0,33700.0,E-commerce Shopping EMI,12000.0,20,Not_Eligible,500.0
48.0,Male,Married,Graduate,31100.0,Government,2.4,Startup,Family,0.0,4,3,8700.0,0.0,1700.0,7300.0,4100.0,Yes,6400.0,743.0,95000.0,28400.0,E-commerce Shopping EMI,79000.0,24,Not_Eligible,1015.0
32.0,Female,Married,Post Graduate,95500.0,Private,10.0,Large Indian,Family,0.0,5,4,5200.0,0.0,10700.0,18700.0,18900.0,No,0.0,785.0,471800.0,112800.0,E-commerce Shopping EMI,73000.0,13,Eligible,25200.0
27.0,Male,Single,High School,32400.0,Private,0.5,Mid-size,Own,0.0,2,1,7400.0,0.0,2300.0,7000.0,5300.0,No,0.0,743.0,35000.0,20800.0,E-commerce Shopping EMI,13000.0,24,Eligible,3328.0
32.0,Female,Married,Professional,45600.0,Self-employed,0.5,MNC,Rented,15800.0,2,1,4400.0,0.0,2700.0,9400.0,2900.0,No,0.0,608.0,173800.0,83600.0,Personal Loan EMI,294000.0,30,Not_Eligible,3744.0
32.0,Female,Married,Graduate,74400.0,Government,2.0,MNC,Family,0.0,4,3,0.0,0.0,5000.0,21600.0,13700.0,No,0.0,712.0,255600.0,106600.0,Vehicle EMI,1.457e+06,61,Not_Eligible,17050.0
48.0,Male,Married,Professional,57200.0,Private,10.4,Startup,Rented,14800.0,3,2,9900.0,0.0,5700.0,11400.0,7600.0,No,0.0,772.0,37800.0,18500.0,E-commerce Shopping EMI,33000.0,23,Eligible,3744.0
58.0,Male,Married,Graduate,49400.0,Private,11.2,MNC,Family,0.0,4,3,2600.0,22700.0,4300.0,8800.0,5600.0,Yes,11800.0,828.0,252800.0,56800.0,Personal Loan EMI,936000.0,49,Not_Eligible,500.0
38.0,Female,Married,Graduate,88900.0,Private,1.8,Mid-size,Own,0.0,3,2,0.0,13100.0,7200.0,19500.0,4600.0,Yes,26000.0,695.0,472600.0,214100.0,Vehicle EMI,161000.0,72,Eligible,6475.0
32.0,Female,Married,Post Graduate,49800.0,Private,10.0,Startup,Own,0.0,4,3,0.0,24400.0,4700.0,13900.0,6200.0,No,0.0,698.0,195900.0,111300.0,E-commerce Shopping EMI,135000.0,11,Not_Eligible,500.0
58.0,Male,Married,High School,28100.0,Private,22.0,Mid-size,Family,0.0,4,3,0.0,0.0,1800.0,4300.0,5200.0,No,0.0,732.0,118700.0,43600.0,Home Appliances EMI,141000.0,28,Eligible,8400.0
58.0,Female,Single,Graduate,48100.0,Government,0.6,Mid-size,Rented,14900.0,3,2,0.0,0.0,3100.0,12200.0,7200.0,No,0.0,760.0,64000.0,34600.0,Home Appliances EMI,275000.0,15,Not_Eligible,5136.0
48.0,Female,Married,Post Graduate,425031.0,Private,0.8,Large Indian,Rented,38900.0,4,3,0.0,0.0,7300.0,27600.0,16300.0,Yes,19200.0,617.0,229400.0,124200.0,Education EMI,427000.0,10,Not_Eligible,2652.16
32.0,Male,Single,Post Graduate,95400.0,Private,3.3,MNC,Rented,21300.0,3,2,0.0,0.0,6600.0,26600.0,5800.0,Yes,14100.0,583.0,576400.0,229400.0,Vehicle EMI,1.071e+06,47,Not_Eligible,6468.0
27.0,Male,Single,Post Graduate,62500.0,Private,1.8,MNC,Family,0.0,3,2,0.0,0.0,8500.0,12500.0,7900.0,No,0.0,704.0,336700.0,114000.0,Education EMI,250000.0,31,Eligible,16800.0
38.0,Male,Single,Post Graduate,102200.0,Private,4.0,Mid-size,Own,0.0,2,1,5100.0,0.0,14300.0,18600.0,12700.0,Yes,19400.0,706.0,809700.0,473300.0,Personal Loan EMI,737000.0,47,Not_Eligible,12358.5
32.0,Female,Single,Post Graduate,78700.0,Government,6.5,Startup,Rented,21100.0,2,1,10700.0,0.0,8600.0,22100.0,8600.0,Yes,12700.0,838.0,205100.0,57600.0,Education EMI,205000.0,28,Not_Eligible,500.0
27.0,Male,Single,Graduate,46300.0,Private,0.5,Small,Own,0.0,1,0,0.0,0.0,4800.0,11800.0,5800.0,Yes,8000.0,561.0,258400.0,140300.0,Home Appliances EMI,107000.0,8,Not_Eligible,3561.6
32.0,Male,Single,Graduate,32500.0,Private,10.0,Startup,Family,0.0,1,0,0.0,0.0,1700.0,7400.0,3400.0,No,0.0,740.0,28900.0,16300.0,Home Appliances EMI,111000.0,6,Not_Eligible,8000.0
32.0,Female,Married,High School,21200.0,Self-employed,8.5,MNC,Family,0.0,3,2,4800.0,0.0,1100.0,4900.0,2300.0,No,0.0,737.0,74900.0,22500.0,E-commerce Shopping EMI,148000.0,16,Not_Eligible,3645.0
38.0,Male,Married,Graduate,64800.0,Private,5.6,MNC,Rented,12700.0,3,2,12000.0,0.0,8400.0,18000.0,9200.0,No,0.0,698.0,363800.0,99900.0,Personal Loan EMI,300000.0,25,Not_Eligible,2250.0
32.0,Female,Married,Graduate,30700.0,Self-employed,0.9,MNC,Own,0.0,2,1,5800.0,0.0,3900.0,8900.0,5800.0,Yes,5600.0,632.0,154200.0,70500.0,Vehicle EMI,556000.0,52,Not_Eligible,500.0
48.0,Female,Married,Post Graduate,93000.0,Private,5.5,Large Indian,Family,0.0,5,4,10700.0,10500.0,12000.0,15200.0,6800.0,No,0.0,754.0,122100.0,45300.0,Vehicle EMI,312000.0,31,Eligible,18144.0
38.0,Male,Married,High School,58200.0,Government,3.0,Mid-size,Rented,16200.0,4,3,0.0,23500.0,8700.0,12100.0,8300.0,Yes,9900.0,704.0,113900.0,63800.0,E-commerce Shopping EMI,97000.0,17,Not_Eligible,500.0
32.0,Female,Married,Graduate,47400.0,Private,2.9,Large Indian,Family,0.0,3,2,0.0,15300.0,2700.0,8700.0,7200.0,Yes,6600.0,715.0,199300.0,63700.0,Vehicle EMI,1.276e+06,24,Not_Eligible,2415.0
32.0,Male,Single,Post Graduate,41200.0,Self-employed,0.9,Startup,Own,0.0,2,1,0.0,5100.0,3500.0,11000.0,5600.0,No,0.0,586.0,44900.0,24500.0,Vehicle EMI,942000.0,31,Not_Eligible,4608.0
27.0,Male,Single,Graduate,62000.0,Private,1.9,Small,Own,0.0,1,0,0.0,0.0,4200.0,12400.0,9600.0,No,0.0,691.0,167200.0,92500.0,Education EMI,78000.0,21,Eligible,17900.0
32.0,Male,Married,Graduate,52200.0,Private,4.4,Small,Rented,17900.0,2,1,0.0,0.0,5100.0,11900.0,3100.0,No,0.0,620.0,219200.0,56800.0,Vehicle EMI,717000.0,55,Not_Eligible,5680.0
27.0,Male,Single,Graduate,76300.0,Private,0.5,Large Indian,Rented,22200.0,1,0,0.0,0.0,10100.0,16500.0,14400.0,Yes,12700.0,681.0,529500.0,260300.0,E-commerce Shopping EMI,149000.0,7,Not_Eligible,500.0
32.0,Male,Married,Graduate,46100.0,Government,0.6,Startup,Rented,16100.0,2,1,4600.0,0.0,6200.0,9300.0,8600.0,No,0.0,767.0,359000.0,211200.0,Vehicle EMI,532000.0,17,Not_Eligible,858.0
32.0,Female,Married,Post Graduate,67000.0,Self-employed,5.3,Large Indian,Family,0.0,2,1,8900.0,0.0,9700.0,11900.0,9400.0,No,0.0,726.0,470200.0,,E-commerce Shopping EMI,196000.0,10,Not_Eligible,13414.5
32.0,Female,Married,Professional,119900.0,Private,1.1,Large Indian,Own,0.0,2,1,9000.0,6800.0,13800.0,27000.0,13500.0,No,0.0,999.0,170300.0,68000.0,Education EMI,299000.0,12,Not_Eligible,19920.0
27.0,Male,Single,High School,36900.0,Private,1.3,Startup,Own,0.0,1,0,0.0,0.0,3400.0,6000.0,3700.0,No,0.0,683.0,36800.0,10300.0,Vehicle EMI,956000.0,46,Not_Eligible,9520.0
27.0,Male,Single,Post Graduate,41200.0,Private,0.5,Large Indian,Own,12393.0,2,1,13100.0,0.0,3100.0,9000.0,3700.0,No,0.0,677.0,48700.0,20800.0,Education EMI,378000.0,48,Not_Eligible,3936.0
32.0,Male,Married,High School,44600.0,Private,6.4,Mid-size,Rented,9900.0,2,1,5500.0,0.0,6000.0,10900.0,4700.0,No,0.0,737.0,116200.0,41600.0,Home Appliances EMI,84000.0,12,Not_Eligible,3800.0
48.0,Male,Single,Graduate,56500.0,Private,2.5,Startup,Family,0.0,1,0,0.0,0.0,6900.0,16500.0,5100.0,No,0.0,561.0,192400.0,85400.0,Education EMI,281000.0,47,Eligible,11200.0
48.0,Male,Single,Graduate,50700.0,Private,2.2,Mid-size,Rented,13500.0,3,2,14000.0,0.0,4000.0,15100.0,4000.0,Yes,13100.0,635.0,278800.0,118200.0,Personal Loan EMI,414000.0,45,Not_Eligible,500.0
48.0,Male,Married,Post Graduate,26700.0,Private,2.2,Small,Own,0.0,2,1,11400.0,6000.0,3600.0,4400.0,5100.0,No,0.0,726.0,206200.0,68600.0,Vehicle EMI,672000.0,38,Not_Eligible,500.0
48.0,Female,Married,Professional,70000.0,Private,3.0,MNC,Rented,24100.0,3,2,0.0,0.0,5900.0,20000.0,8300.0,No,0.0,608.0,291000.0,,Vehicle EMI,1.339e+06,70,Not_Eligible,4680.0
38.0,Male,Married,Graduate,62600.0,Self-employed,7.9,Large Indian,Own,0.0,2,1,0.0,0.0,4400.0,11600.0,3300.0,Yes,12400.0,641.0,104000.0,41800.0,Home Appliances EMI,173000.0,32,Not_Eligible,6229.44
48.0,Male,Married,High School,20800.0,Government,0.7,Large Indian,Rented,4700.0,5,4,0.0,24900.0,1200.0,6000.0,1800.0,No,0.0,732.0,104700.0,61000.0,E-commerce Shopping EMI,32000.0,13,Not_Eligible,500.0
48.0,Male,Married,Graduate,32800.0,Self-employed,3.4,Large Indian,Rented,10400.0,4,3,12800.0,0.0,3000.0,9600.0,3700.0,Yes,6900.0,670.0,67100.0,31700.0,Vehicle EMI,880000.0,49,Not_Eligible,500.0
38.0,Male,Married,Post Graduate,26700.0,Private,0.5,Large Indian,Own,0.0,3,2,0.0,0.0,1600.0,7200.0,5300.0,No,0.0,751.0,106400.0,60100.0,E-commerce Shopping EMI,51000.0,7,Not_Eligible,6048.0
32.0,Female,Single,Graduate,41200.0,Private,1.3,Mid-size,Own,0.0,1,0,0.0,0.0,3200.0,11900.0,5600.0,No,0.0,689.0,298500.0,61700.0,Personal Loan EMI,534000.0,43,Not_Eligible,11275.0
27.0,Male,Single,Professional,50200.0,Government,1.2,Mid-size,Own,0.0,2,1,14100.0,0.0,5300.0,10900.0,4300.0,No,0.0,773.0,136300.0,78600.0,Personal Loan EMI,682000.0,60,Not_Eligible,9360.0
48.0,Female,Married,Graduate,67000.0,Private,7.5,Large Indian,Rented,12300.0,5,4,11900.0,0.0,4700.0,19300.0,12700.0,No,0.0,756.0,473800.0,115700.0,Home Appliances EMI,140000.0,35,Not_Eligible,4026.0
58.0,Female,Married,Graduate,42000.0,Private,9.3,MNC,Own,0.0,4,3,0.0,8700.0,2900.0,11700.0,6600.0,Yes,7200.0,656.0,215100.0,44900.0,Personal Loan EMI,802000.0,12,Not_Eligible,1715.0
48.0,Male,Single,Graduate,50200.0,Private,3.0,Mid-size,Rented,16700.0,2,1,0.0,0.0,6300.0,11000.0,8800.0,No,0.0,772.0,181900.0,86400.0,Vehicle EMI,1.04e+06,73,Not_Eligible,4440.0
38.0,Female,Married,Graduate,18000.0,Government,1.8,Startup,Own,0.0,3,2,0.0,0.0,2400.0,3000.0,2300.0,No,0.0,665.0,38900.0,11400.0,E-commerce Shopping EMI,28000.0,12,Eligible,5150.0
27.0,Male,Married,Graduate,69300.0,Private,0.5,Mid-size,Rented,18500.0,5,4,3500.0,19200.0,3900.0,18000.0,6200.0,No,0.0,722.0,145400.0,58500.0,Home Appliances EMI,264000.0,25,Not_Eligible,500.0
27.0,Male,Married,Post Graduate,84600.0,Government,0.5,Large Indian,Own,0.0,3,2,0.0,6100.0,6200.0,17400.0,15100.0,Yes,24600.0,712.0,506600.0,187800.0,Vehicle EMI,1.378e+06,70,Not_Eligible,5320.0
27.0,Male,Single,High School,83300.0,Private,1.2,Mid-size,Own,0.0,1,0,0.0,0.0,4300.0,23300.0,11400.0,Yes,12400.0,588.0,214800.0,102200.0,Vehicle EMI,1.194e+06,24,Not_Eligible,8932.0
32.0,Female,Married,Post Graduate,97300.0,Private,1.4,MNC,Rented,23700.0,3,2,4000.0,9800.0,7600.0,16400.0,19200.0,Yes,25400.0,645.0,183500.0,59900.0,Home Appliances EMI,133000.0,17,Not_Eligible,500.0
38.0,Male,Married,Post Graduate,19500.0,Private,0.5,Mid-size,Rented,5800.0,4,3,8200.0,0.0,2000.0,5000.0,3100.0,Yes,5300.0,632.0,85600.0,20200.0,Personal Loan EMI,671000.0,28,Not_Eligible,500.0
38.0,Male,Married,Post Graduate,57800.0,Government,0.6,MNC,Rented,12300.0,2,1,0.0,0.0,5500.0,9400.0,10700.0,Yes,7500.0,600.0,318500.0,189000.0,E-commerce Shopping EMI,118000.0,14,Not_Eligible,3472.0
38.0,Male,Married,Graduate,28100.0,Private,2.4,Large Indian,Rented,5300.0,3,2,0.0,0.0,3100.0,8400.0,3400.0,Yes,5000.0,625.0,176300.0,36800.0,Education EMI,311000.0,11,Not_Eligible,893.2
27.0,Male,Single,High School,30600.0,Private,0.5,MNC,Rented,4600.0,2,1,0.0,0.0,3700.0,7600.0,3800.0,Yes,7500.0,585.0,106300.0,42600.0,Vehicle EMI,371000.0,39,Not_Eligible,761.6
38.0,Male,Married,Graduate,58200.0,Private,0.9,Mid-size,Rented,19300.0,4,3,12100.0,6700.0,6900.0,8800.0,11600.0,No,0.0,710.0,298700.0,128000.0,Vehicle EMI,502000.0,60,Not_Eligible,500.0
27.0,Female,Married,Professional,168900.0,Self-employed,0.8,MNC,Family,0.0,4,3,13100.0,0.0,16300.0,37900.0,9200.0,No,0.0,789.0,767600.0,433200.0,Education EMI,167000.0,47,Eligible,49896.0
38.0,Male,Married,Graduate,101400.0,Private,1.4,Large Indian,Rented,32200.0,3,2,3400.0,8600.0,8600.0,19300.0,7500.0,No,0.0,711.0,310200.0,118300.0,Personal Loan EMI,916000.0,29,Not_Eligible,10900.0
38.0,Male,Married,Graduate,69600.0,Self-employed,0.5,Large Indian,Family,0.0,4,3,0.0,21800.0,7800.0,17900.0,12000.0,No,0.0,632.0,427700.0,91900.0,E-commerce Shopping EMI,173000.0,21,Not_Eligible,3999.6
38.0,Female,Married,Graduate,56400.0,Private,3.1,Mid-size,Family,0.0,3,2,0.0,6100.0,3000.0,12000.0,10500.0,No,0.0,624.0,178200.0,80700.0,Education EMI,204000.0,25,High_Risk,9920.0
32.0,MALE,Married,Post Graduate,93900.0,Government,3.4,MNC,Rented,19800.0,3,2,12000.0,0.0,8300.0,22800.0,16800.0,No,0.0,731.0,90700.0,40200.0,E-commerce Shopping EMI,50000.0,16,Eligible,6248.0
27.0,Male,Single,Graduate,90300.0,Private,1.2,Large Indian,Own,0.0,2,1,0.0,0.0,11100.0,23300.0,17900.0,Yes,23600.0,706.0,264500.0,108200.0,Home Appliances EMI,298000.0,21,Not_Eligible,5040.0
58.0,Male,Married,Graduate,19900.0,Private,8.2,Large Indian,Family,0.0,3,2,14000.0,10500.0,2300.0,5500.0,1700.0,No,0.0,850.0,62900.0,13500.0,Vehicle EMI,152000.0,53,Not_Eligible,500.0
48.0,Male,Married,High School,14400.0,Private,13.4,Mid-size,Family,0.0,3,2,8300.0,13000.0,2000.0,3800.0,2800.0,Yes,1600.0,731.0,78500.0,28900.0,E-commerce Shopping EMI,64000.0,10,Not_Eligible,500.0
32.0,Female,Married,Post Graduate,80600.0,Self-employed,1.3,Large Indian,Family,0.0,3,2,5400.0,0.0,5800.0,16300.0,11800.0,No,0.0,666.0,150900.0,70800.0,Education EMI,189000.0,6,Not_Eligible,14868.0
58.0,Female,Married,Graduate,33100.0,Private,3.8,Mid-size,Rented,6300.0,4,3,0.0,0.0,4400.0,9900.0,2300.0,No,0.0,738.0,128900.0,38400.0,Personal Loan EMI,229000.0,34,Not_Eligible,5100.0
48.0,Male,Married,Professional,37800.0,Private,3.2,Startup,Rented,9400.0,3,2,7400.0,7600.0,5600.0,11300.0,5800.0,No,0.0,669.0,174600.0,55500.0,Home Appliances EMI,59000.0,6,Not_Eligible,500.0
39.0,Male,Married,Professional,57571.0,Self-employed,1.6,Startup,Family,0.0,2,1,0.0,0.0,7000.0,12300.0,6000.0,No,0.0,673.0,54100.0,31500.0,E-commerce Shopping EMI,105000.0,24,Eligible,11844.0
32.0,Female,Married,Post Graduate,46500.0,Private,8.0,Large Indian,Own,5162.0,3,2,10100.0,23000.0,5000.0,8300.0,6500.0,No,0.0,737.0,278600.0,116500.0,E-commerce Shopping EMI,115000.0,20,Not_Eligible,500.0
27.0,Female,Single,Graduate,75800.0,Private,0.5,Large Indian,Own,0.0,1,0,0.0,0.0,11200.0,19100.0,8900.0,No,0.0,728.0,562400.0,222700.0,Personal Loan EMI,644000.0,14,Not_Eligible,16104.0
27.0,Female,Single,Professional,30000.0,Private,1.5,MNC,Rented,6100.0,1,0,0.0,0.0,3200.0,5100.0,3700.0,No,0.0,664.0,32300.0,18400.0,Home Appliances EMI,116000.0,12,Not_Eligible,4760.0
48.0,Male,Married,Graduate,36800.0,Private,5.3,Large Indian,Own,0.0,2,1,7700.0,0.0,3700.0,9800.0,6900.0,Yes,4800.0,686.0,274300.0,108400.0,Vehicle EMI,175000.0,81,Not_Eligible,1501.5
27.0,Female,Married,Graduate,40900.0,Private,0.6,Startup,Own,0.0,3,2,0.0,0.0,3000.0,10100.0,2400.0,Yes,4700.0,619.0,323400.0,143700.0,E-commerce Shopping EMI,59000.0,3,Not_Eligible,5100.48
38.0,Male,Single,High School,15000.0,Private,5.1,Mid-size,Own,0.0,2,1,0.0,0.0,1400.0,2400.0,2100.0,No,0.0,747.0,106800.0,33100.0,Personal Loan EMI,214000.0,60,Not_Eligible,5005.0
38.0,Male,Single,High School,55600.0,Private,7.3,Mid-size,Family,0.0,3,2,0.0,0.0,3500.0,8800.0,9900.0,No,0.0,713.0,191800.0,70600.0,Vehicle EMI,554000.0,73,Eligible,16700.0
38.0,Female,Married,Post Graduate,37300.0,Private,6.3,MNC,Rented,12400.0,2,1,0.0,0.0,4600.0,9200.0,6200.0,No,0.0,561.0,228600.0,61400.0,Vehicle EMI,344000.0,77,Not_Eligible,2156.0
58.0,Female,Married,Graduate,47000.0,Private,2.9,Startup,Family,0.0,5,4,7300.0,22200.0,3200.0,13100.0,5600.0,Yes,6400.0,569.0,202600.0,100400.0,Personal Loan EMI,177000.0,22,Not_Eligible,500.0
32.0,Male,Married,Graduate,39500.0,Private,2.3,Mid-size,Rented,13000.0,4,3,0.0,0.0,4300.0,8100.0,6700.0,Yes,8200.0,615.0,178400.0,94600.0,Home Appliances EMI,255000.0,32,Not_Eligible,500.0
38.0,Male,Married,Graduate,44300.0,Private,3.1,MNC,Own,0.0,3,2,0.0,0.0,3900.0,7000.0,6400.0,Yes,8700.0,559.0,45400.0,15000.0,Home Appliances EMI,41000.0,13,High_Risk,4099.2
27.0,Female,Single,High School,38500.0,Private,3.0,Mid-size,Own,0.0,2,1,0.0,0.0,3100.0,6300.0,6000.0,Yes,9800.0,649.0,66600.0,28100.0,Home Appliances EMI,238000.0,12,Not_Eligible,2979.2
38.0,Male,Married,Graduate,32900.0,Private,1.3,Mid-size,Rented,11100.0,4,3,8500.0,22000.0,4600.0,8300.0,6100.0,No,0.0,665.0,145700.0,31600.0,Personal Loan EMI,647000.0,23,Not_Eligible,500.0
38.0,Male,Married,Graduate,55900.0,Private,6.6,Mid-size,Family,0.0,4,3,0.0,0.0,5500.0,12200.0,5600.0,No,0.0,714.0,172800.0,77500.0,Vehicle EMI,447000.0,84,Eligible,16300.0
58.0,Male,Married,Graduate,32900.0,Private,6.0,MNC,Family,0.0,3,2,0.0,20600.0,3500.0,9600.0,4200.0,Yes,3400.0,696.0,72200.0,36800.0,E-commerce Shopping EMI,47000.0,3,Not_Eligible,500.0
38.0,Male,Married,Graduate,44400.0,Private,7.6,Mid-size,Rented,11000.0,3,2,3100.0,0.0,3900.0,10400.0,7100.0,Yes,7700.0,669.0,68900.0,32100.0,Education EMI,436000.0,41,Not_Eligible,500.0
32.0,Male,Single,Professional,106400.0,Private,3.7,Startup,Own,0.0,2,1,12700.0,0.0,6500.0,16700.0,16300.0,No,0.0,678.0,792100.0,444600.0,E-commerce Shopping EMI,192000.0,5,Not_Eligible,29810.0
48.0,Male,Single,Professional,39200.0,Private,9.3,Startup,Own,0.0,1,0,0.0,0.0,2200.0,6700.0,6800.0,No,0.0,665.0,77100.0,35400.0,Education EMI,468000.0,29,Not_Eligible,9400.0
48.0,Male,Married,Professional,22500.0,Self-employed,11.8,Mid-size,Family,0.0,3,2,13000.0,17600.0,1100.0,6400.0,2300.0,Yes,4600.0,714.0,133900.0,72400.0,Home Appliances EMI,86000.0,22,Not_Eligible,500.0
39.0,Male,Married,High School,60648.0,Self-employed,1.1,Large Indian,Rented,12300.0,3,2,0.0,0.0,6400.0,13500.0,4700.0,No,0.0,764.0,395200.0,172700.0,Personal Loan EMI,835000.0,17,Not_Eligible,13721.4
32.0,Male,Married,Graduate,70000.0,Private,2.9,Startup,Family,0.0,5,4,0.0,0.0,5900.0,16900.0,12300.0,No,0.0,704.0,319700.0,161400.0,E-commerce Shopping EMI,124000.0,20,Eligible,17450.0
32.0,Male,Married,High School,6869.0,Private,4.7,MNC,Own,0.0,3,2,6500.0,0.0,6500.0,13200.0,5300.0,No,0.0,670.0,355500.0,196900.0,Home Appliances EMI,214000.0,23,Not_Eligible,7920.0
58.0,Male,Married,Post Graduate,64000.0,Self-employed,26.1,Large Indian,Rented,19300.0,2,1,5800.0,0.0,5400.0,12300.0,12700.0,No,0.0,716.0,131000.0,38900.0,Home Appliances EMI,221000.0,10,Not_Eligible,3825.0
38.0,Male,Married,Post Graduate,23400.0,Private,0.8,Large Indian,Own,0.0,4,3,0.0,20200.0,1200.0,4000.0,2100.0,No,0.0,704.0,132600.0,63100.0,Home Appliances EMI,220000.0,12,Not_Eligible,500.0
32.0,Male,Married,Post Graduate,30900.0,Private,4.0,Large Indian,Own,0.0,4,3,0.0,0.0,4000.0,9000.0,2100.0,Yes,8500.0,607.0,,61800.0,Home Appliances EMI,199000.0,8,Not_Eligible,2044.0
27.0,Male,Married,Graduate,35600.0,Private,1.5,MNC,Own,0.0,4,3,0.0,9100.0,3500.0,8900.0,3100.0,Yes,4300.0,589.0,217200.0,129700.0,E-commerce Shopping EMI,147000.0,23,Not_Eligible,2063.6
33.0,Male,Married,Graduate,68874.0,Self-employed,4.7,Large Indian,Rented,12700.0,2,1,0.0,11700.0,6600.0,12500.0,10900.0,No,0.0,663.0,284000.0,115400.0,Education EMI,73000.0,43,Eligible,6390.0
27.0,Male,Single,Professional,5706.0,Self-employed,0.5,Mid-size,Own,0.0,2,1,4700.0,6500.0,12000.0,27100.0,20900.0,Yes,26600.0,655.0,159000.0,42100.0,Personal Loan EMI,878000.0,31,Not_Eligible,2142.0
27.0,Female,Single,High School,29000.0,Private,0.8,MNC,Own,0.0,2,1,0.0,0.0,3000.0,6200.0,4100.0,No,0.0,656.0,77800.0,25000.0,Personal Loan EMI,183000.0,32,Not_Eligible,6280.0
38.0,Female,Married,High School,37100.0,Private,4.8,Small,Own,0.0,2,1,5900.0,0.0,2400.0,8800.0,4100.0,Yes,6500.0,634.0,121500.0,59100.0,Personal Loan EMI,747000.0,41,Not_Eligible,2632.0
27.0,Male,Single,Post Graduate,72800.0,Self-employed,0.5,MNC,Own,0.0,3,2,0.0,0.0,5200.0,21700.0,6400.0,No,0.0,630.0,570500.0,186700.0,E-commerce Shopping EMI,114000.0,20,Eligible,15642.0
58.0,Male,Married,Professional,69000.0,Self-employed,12.5,Mid-size,Family,0.0,3,2,13900.0,0.0,5400.0,18800.0,4600.0,No,0.0,761.0,431000.0,157300.0,Education EMI,192000.0,33,Eligible,15622.2
32.0,Male,Single,High School,15800.0,Private,1.7,Mid-size,Family,0.0,3,2,0.0,0.0,1800.0,2600.0,1700.0,Yes,4300.0,486.0,105000.0,24300.0,Vehicle EMI,536000.0,56,Not_Eligible,1039.5
48.0,Male,Married,Graduate,61200.0,Private,18.7,Large Indian,Own,0.0,3,2,5900.0,0.0,5900.0,14100.0,9300.0,Yes,13200.0,717.0,159000.0,92000.0,Education EMI,157000.0,10,Not_Eligible,4480.0
32.0,Female,Single,Graduate,50800.0,Private,3.6,Mid-size,Family,0.0,1,0,0.0,0.0,3900.0,14100.0,3200.0,No,0.0,842.0,329200.0,133600.0,Personal Loan EMI,535000.0,32,Not_Eligible,19536.0
27.0,Female,Single,Graduate,42400.0,Private,0.8,MNC,Own,0.0,3,2,12200.0,21400.0,3400.0,6800.0,4200.0,No,0.0,673.0,316700.0,105000.0,E-commerce Shopping EMI,81000.0,20,Not_Eligible,500.0
58.0,Male,Married,Post Graduate,47900.0,Private,0.7,MNC,Family,0.0,4,3,11900.0,0.0,5700.0,9900.0,2900.0,No,0.0,695.0,268800.0,76500.0,E-commerce Shopping EMI,164000.0,20,Not_Eligible,7000.0
48.0,Male,Married,Graduate,103400.0,Self-employed,2.5,MNC,Family,0.0,3,2,7000.0,0.0,5300.0,27500.0,18500.0,No,0.0,711.0,535300.0,261300.0,Personal Loan EMI,328000.0,58,Eligible,20295.0
27.0,Female,Married,Professional,58500.0,Private,0.6,MNC,Family,0.0,4,3,0.0,0.0,6500.0,12100.0,5700.0,No,0.0,850.0,285700.0,120300.0,Personal Loan EMI,690000.0,44,Not_Eligible,16416.0
48.0,Male,Married,Graduate,40100.0,Private,1.6,Large Indian,Own,0.0,4,3,0.0,0.0,5000.0,10900.0,4700.0,Yes,10200.0,643.0,255000.0,93000.0,Education EMI,328000.0,13,Not_Eligible,2864.4
38.0,Male,Married,Professional,77800.0,Government,8.7,Mid-size,Rented,19900.0,3,2,0.0,0.0,7900.0,13000.0,9500.0,Yes,11300.0,774.0,520300.0,153800.0,Personal Loan EMI,804000.0,60,Not_Eligible,8232.84
32.0,Male,Married,High School,61600.0,Government,7.8,Large Indian,Own,0.0,3,2,5200.0,23900.0,7400.0,17800.0,4400.0,Yes,12800.0,780.0,224400.0,124700.0,E-commerce Shopping EMI,167000.0,17,Not_Eligible,500.0
32.0,Female,Married,High School,35800.0,Private,0.5,Large Indian,Own,0.0,2,1,0.0,0.0,2000.0,7800.0,2200.0,No,0.0,681.0,155700.0,54800.0,Personal Loan EMI,224000.0,45,Eligible,9520.0
32.0,Female,Married,High School,32900.0,Self-employed,10.0,Startup,Rented,11500.0,2,1,2400.0,0.0,4300.0,7700.0,6100.0,No,0.0,695.0,33200.0,16800.0,Vehicle EMI,746000.0,20,Not_Eligible,500.0
38.0,Male,Married,Graduate,20000.0,Private,3.7,Mid-size,Family,0.0,4,3,0.0,0.0,1200.0,5700.0,3500.0,Yes,3400.0,721.0,69800.0,20100.0,Vehicle EMI,924000.0,59,Not_Eligible,2170.0
32.0,Male,Married,High School,28900.0,Government,1.1,Large Indian,Own,0.0,4,3,5100.0,6400.0,3300.0,7700.0,2300.0,No,0.0,636.0,48200.0,11000.0,Personal Loan EMI,171000.0,37,Not_Eligible,1312.0
27.0,Female,Married,Graduate,31100.0,Private,0.6,Small,Rented,8900.0,3,2,12700.0,0.0,3300.0,7000.0,5500.0,No,0.0,666.0,238600.0,90100.0,Home Appliances EMI,201000.0,25,Not_Eligible,500.0
38.0,Female,Single,Post Graduate,58900.0,Government,9.7,Large Indian,Rented,13700.0,1,0,0.0,0.0,4200.0,17300.0,6600.0,Yes,13900.0,696.0,347800.0,156200.0,Education EMI,291000.0,28,Not_Eligible,1232.0
32.0,Male,Married,Graduate,40500.0,Private,5.9,Startup,Rented,7000.0,3,2,0.0,0.0,4800.0,9100.0,2800.0,No,0.0,746.0,93500.0,45900.0,E-commerce Shopping EMI,72000.0,24,Eligible,8400.0
38.0,Male,Married,Post Graduate,53300.0,Private,3.8,Large Indian,Own,0.0,3,2,9100.0,23200.0,4800.0,9900.0,8100.0,Yes,14500.0,643.0,65800.0,23300.0,Vehicle EMI,827000.0,53,Not_Eligible,500.0
38.0,Male,Married,Post Graduate,60200.0,Private,1.0,Mid-size,Rented,9500.0,3,2,0.0,0.0,6800.0,15900.0,4600.0,Yes,16800.0,563.0,382500.0,113300.0,Personal Loan EMI,732000.0,52,Not_Eligible,2032.8
38.0,Female,Married,Graduate,39400.0,Private,2.3,Mid-size,Rented,9700.0,4,3,13300.0,0.0,3200.0,7800.0,2800.0,No,0.0,749.0,55900.0,31600.0,Personal Loan EMI,92000.0,54,Not_Eligible,1040.0
58.0,Male,Married,Professional,139400.0,Government,18.0,Startup,Rented,21600.0,3,2,3500.0,0.0,15000.0,30300.0,14800.0,Yes,25000.0,838.0,997700.0,482200.0,Personal Loan EMI,285000.0,26,High_Risk,14839.44
27.0,Female,Single,Post Graduate,23400.0,Private,0.7,Mid-size,Rented,7900.0,3,2,0.0,0.0,2500.0,4400.0,1900.0,No,0.0,,150500.0,35800.0,Education EMI,289000.0,43,Not_Eligible,2948.0
38.0,Male,Married,,43800.0,Private,7.5,Mid-size,Rented,12000.0,4,3,0.0,0.0,5800.0,12600.0,4000.0,No,0.0,756.0,323800.0,124300.0,Vehicle EMI,1.349e+06,68,Not_Eligible,6204.0
32.0,Female,Single,Graduate,32000.0,Private,4.2,Large Indian,Family,0.0,2,1,4900.0,15500.0,3200.0,6000.0,5700.0,No,0.0,643.0,27900.0,12900.0,Home Appliances EMI,179000.0,16,Not_Eligible,500.0
38.0,Female,Married,Professional,78900.0,Private,2.2,Large Indian,Own,0.0,3,2,11000.0,0.0,10600.0,19000.0,15200.0,Yes,11300.0,637.0,52600.0,16500.0,Education EMI,209000.0,39,Not_Eligible,2643.2
27.0,Male,Single,Post Graduate,140600.0,Private,1.5,Mid-size,Rented,45800.0,1,0,0.0,0.0,11900.0,40700.0,21100.0,No,0.0,752.0,377200.0,158900.0,Education EMI,296000.0,22,Not_Eligible,12660.0
48.0,Male,Married,Graduate,26100.0,Government,17.3,Large Indian,Rented,5500.0,3,2,0.0,0.0,3000.0,5000.0,1700.0,No,0.0,787.0,19300.0,5100.0,Personal Loan EMI,545000.0,25,Not_Eligible,5755.2
38.0,Male,Married,Graduate,67000.0,Government,6.3,Mid-size,Rented,17900.0,2,1,7600.0,0.0,6300.0,18000.0,4400.0,No,0.0,850.0,290600.0,93700.0,E-commerce Shopping EMI,141000.0,4,Not_Eligible,8448.0
58.0,Male,Married,Post Graduate,56400.0,Private,7.3,MNC,Family,0.0,4,3,0.0,0.0,3000.0,16700.0,4400.0,No,0.0,752.0,325600.0,95300.0,Education EMI,349000.0,28,Eligible,19380.0
27.0,Male,Single,Professional,63900.0,Private,1.0,Large Indian,Rented,11400.0,2,1,8500.0,23200.0,8000.0,10500.0,4100.0,Yes,16900.0,665.0,445000.0,227300.0,Personal Loan EMI,83000.0,57,Not_Eligible,500.0
38.0,Female,Married,High School,28500.0,Government,6.5,MNC,Rented,4700.0,4,3,0.0,0.0,3800.0,8100.0,3000.0,No,0.0,719.0,87700.0,38200.0,Personal Loan EMI,589000.0,43,Not_Eligible,4895.0
32.0,Female,Married,Graduate,85800.0,Private,4.1,Startup,Family,0.0,2,1,0.0,0.0,6000.0,16400.0,12700.0,Yes,22900.0,657.0,82100.0,47100.0,Personal Loan EMI,874000.0,47,Not_Eligible,7784.0
48.0,Male,Married,High School,21000.0,Government,12.0,Large Indian,Own,0.0,2,1,0.0,7300.0,1100.0,4000.0,3200.0,No,0.0,674.0,127000.0,72800.0,Home Appliances EMI,276000.0,29,Not_Eligible,3267.0
32.0,Male,Married,Graduate,55800.0,Private,9.5,Mid-size,Family,0.0,5,4,0.0,0.0,4400.0,10900.0,4600.0,No,0.0,844.0,71600.0,30700.0,Education EMI,244000.0,46,Eligible,17232.0
58.0,Male,Married,Professional,61500.0,Private,22.5,Large Indian,Own,0.0,3,2,11300.0,9800.0,9200.0,13200.0,5200.0,No,0.0,696.0,234200.0,129400.0,Vehicle EMI,1.168e+06,45,Not_Eligible,6400.0
32.0,Female,Married,Graduate,58700.0,Private,1.6,Large Indian,Own,0.0,3,2,7400.0,0.0,3400.0,14200.0,10200.0,No,0.0,635.0,406500.0,191400.0,Personal Loan EMI,900000.0,18,Not_Eligible,10340.0
32.0,Male,Single,High School,49700.0,Private,0.5,MNC,Rented,9700.0,3,2,6300.0,24700.0,6100.0,13100.0,5400.0,Yes,10100.0,592.0,247100.0,125100.0,Personal Loan EMI,879000.0,39,Not_Eligible,500.0
26.0,Female,Single,Graduate,34693.0,Private,1.1,MNC,Own,0.0,2,1,0.0,0.0,4800.0,9500.0,7100.0,Yes,4800.0,631.0,82000.0,47900.0,Home Appliances EMI,40000.0,10,Not_Eligible,2828.0
48.0,Female,Married,Professional,32000.0,Private,16.8,MNC,Own,0.0,4,3,6300.0,15300.0,4400.0,8400.0,5900.0,No,0.0,796.0,86600.0,42800.0,Home Appliances EMI,278000.0,23,Not_Eligible,500.0
38.0,Male,Married,Post Graduate,98400.0,Private,15.3,Mid-size,Rented,16100.0,3,2,0.0,0.0,6400.0,26000.0,13900.0,Yes,17700.0,743.0,378400.0,216100.0,Home Appliances EMI,53000.0,18,Eligible,6405.0
32.0,Male,Married,Graduate,43800.0,Private,1.7,Small,Rented,7900.0,3,2,3400.0,0.0,3600.0,11600.0,8300.0,No,0.0,628.0,221300.0,50400.0,Home Appliances EMI,87000.0,23,Not_Eligible,3600.0
32.0,Female,Married,High School,85000.0,Private,0.5,Mid-size,Rented,29500.0,5,4,5900.0,0.0,7100.0,21400.0,11100.0,No,0.0,720.0,137900.0,45200.0,Home Appliances EMI,129000.0,8,Not_Eligible,3200.0
58.0,Female,Married,Graduate,38500.0,Private,16.5,Large Indian,Family,0.0,4,3,6200.0,0.0,4300.0,7200.0,7600.0,No,0.0,666.0,214300.0,49700.0,Education EMI,75000.0,26,Eligible,6600.0
32.0,Female,Married,Graduate,59352.0,Private,6.5,Large Indian,Family,0.0,5,4,5000.0,7200.0,6900.0,12300.0,3200.0,No,0.0,664.0,321500.0,186200.0,Personal Loan EMI,443000.0,31,Not_Eligible,12200.0
27.0,Female,Single,Post Graduate,68100.0,Private,1.7,Mid-size,Own,0.0,1,0,0.0,0.0,9700.0,11100.0,6600.0,Yes,8600.0,715.0,347700.0,162700.0,Education EMI,330000.0,20,Not_Eligible,11235.0
48.0,Male,Married,Graduate,37600.0,Private,26.0,Mid-size,Family,0.0,3,2,11800.0,23500.0,3700.0,9700.0,3800.0,No,0.0,662.0,220500.0,68400.0,Home Appliances EMI,261000.0,25,Not_Eligible,500.0
27.0,Male,Married,Graduate,57700.0,Private,5.0,MNC,Own,0.0,3,2,14900.0,17700.0,3400.0,8700.0,6900.0,Yes,15600.0,745.0,39500.0,15300.0,Education EMI,409000.0,8,Not_Eligible,500.0
38.0,Male,Married,Post Graduate,28900.0,Self-employed,9.3,Mid-size,Own,0.0,3,2,3300.0,0.0,4300.0,5000.0,1500.0,No,0.0,682.0,151500.0,83200.0,Personal Loan EMI,158000.0,24,Not_Eligible,6660.0
48.0,Male,Married,Post Graduate,31800.0,Private,7.0,Startup,Rented,5800.0,4,3,10700.0,0.0,2200.0,9300.0,2300.0,Yes,3900.0,690.0,75200.0,21400.0,Vehicle EMI,511000.0,69,Not_Eligible,500.0
38.0,Male,Married,High School,60700.0,Private,9.6,Startup,Family,0.0,3,2,8600.0,0.0,4900.0,15500.0,6900.0,No,0.0,850.0,376300.0,129600.0,Education EMI,326000.0,35,Eligible,16368.0
38.0,Male,Married,Post Graduate,106000.0,Government,16.0,Large Indian,Rented,25600.0,2,1,3800.0,0.0,12600.0,28000.0,15200.0,No,0.0,745.0,365200.0,213500.0,Vehicle EMI,377000.0,59,Eligible,11440.0
48.0,Male,Single,Post Graduate,74700.0,Private,13.1,MNC,Own,0.0,3,2,7800.0,14100.0,7200.0,21300.0,11300.0,No,0.0,775.0,367800.0,214100.0,Personal Loan EMI,307000.0,47,Not_Eligible,7800.0
32.0,Male,Married,Post Graduate,141000.0,Private,2.7,Large Indian,Family,0.0,3,2,0.0,13500.0,7500.0,41600.0,21600.0,Yes,25500.0,651.0,598300.0,119900.0,Vehicle EMI,444000.0,45,Not_Eligible,10955.0
38.0,Female,Married,Professional,35700.0,Private,2.2,Large Indian,Own,,3,2,0.0,14300.0,2900.0,7900.0,6600.0,Yes,7100.0,614.0,278800.0,73600.0,Education EMI,474000.0,16,Not_Eligible,500.0
48.0,Male,Married,Post Graduate,68300.0,Private,9.9,Large Indian,Own,0.0,3,2,0.0,0.0,7800.0,17900.0,5300.0,Yes,13200.0,689.0,89900.0,48000.0,Personal Loan EMI,947000.0,31,Not_Eligible,6748.0
32.0,Male,Married,Post Graduate,64100.0,Private,4.4,Large Indian,Rented,10800.0,5,4,11600.0,0.0,6200.0,10100.0,12200.0,No,0.0,602.0,,70300.0,Vehicle EMI,271000.0,58,Not_Eligible,5280.0
38.0,Male,Married,Graduate,69000.0,Private,0.5,Large Indian,Own,0.0,2,1,14700.0,0.0,7500.0,13000.0,12500.0,No,0.0,600.0,143700.0,61700.0,Vehicle EMI,1.17e+06,13,Not_Eligible,6816.0
32.0,Male,Single,Professional,46100.0,Private,0.5,MNC,Rented,10100.0,3,2,10100.0,0.0,6600.0,7100.0,3100.0,No,0.0,692.0,213500.0,84200.0,Personal Loan EMI,827000.0,21,Not_Eligible,3640.0
49.0,Female,Married,Graduate,28702.0,Private,0.5,Startup,Own,0.0,2,1,0.0,0.0,2700.0,6300.0,4400.0,Yes,3300.0,617.0,235700.0,115500.0,Home Appliances EMI,128000.0,32,Not_Eligible,3178.56
58.0,Female,Married,Professional,99200.0,Private,6.2,Large Indian,Own,0.0,2,1,2300.0,14800.0,13800.0,28000.0,12900.0,Yes,13300.0,650.0,108400.0,37900.0,Personal Loan EMI,912000.0,19,Not_Eligible,3948.0
58.0,Male,Married,Post Graduate,32800.0,Private,18.2,Large Indian,Rented,8800.0,3,2,4300.0,0.0,2100.0,5500.0,2100.0,No,0.0,695.0,95000.0,27000.0,Education EMI,226000.0,32,Not_Eligible,5000.0
48.0,Male,Married,Graduate,40300.0,Government,2.3,MNC,Own,0.0,3,2,0.0,0.0,2800.0,7700.0,3000.0,Yes,7700.0,715.0,84100.0,40300.0,Vehicle EMI,1.221e+06,60,Not_Eligible,6685.0
48.0,Male,Married,Graduate,34700.0,Private,4.1,Mid-size,Rented,11100.0,4,3,2500.0,0.0,4200.0,5500.0,6900.0,No,0.0,689.0,123400.0,58800.0,Education EMI,305000.0,23,Not_Eligible,2250.0
32.0,Female,Single,Graduate,59800.0,Government,0.9,Large Indian,Own,0.0,2,1,0.0,23300.0,6300.0,12900.0,3600.0,Yes,13900.0,775.0,445800.0,190000.0,Home Appliances EMI,51000.0,25,Not_Eligible,500.0
58.0,Male,Married,High School,340050.0,Private,19.5,Large Indian,Own,0.0,3,2,0.0,0.0,1900.0,6900.0,3100.0,Yes,3300.0,708.0,53100.0,14200.0,Personal Loan EMI,303000.0,48,Not_Eligible,3500.0
38.0,Male,Single,Graduate,40900.0,Private,5.6,Mid-size,Rented,8400.0,2,1,3700.0,0.0,2600.0,8800.0,5400.0,No,0.0,625.0,278000.0,121100.0,E-commerce Shopping EMI,106000.0,18,Not_Eligible,5280.0
32.0,Male,Married,Graduate,77600.0,Private,4.3,MNC,Rented,13200.0,5,4,4000.0,5800.0,11200.0,20400.0,6100.0,No,0.0,722.0,546700.0,293000.0,Education EMI,159000.0,32,Eligible,9295.0
32.0,Male,Married,Graduate,85100.0,Private,2.6,MNC,Own,0.0,4,3,4200.0,0.0,7600.0,18800.0,6100.0,No,0.0,730.0,470900.0,277300.0,E-commerce Shopping EMI,32000.0,16,Eligible,24200.0
27.0,Male,Married,High School,45600.0,Private,0.5,Large Indian,Own,0.0,3,2,3000.0,0.0,4300.0,9000.0,5600.0,No,0.0,586.0,85900.0,32700.0,Personal Loan EMI,147000.0,48,Eligible,6067.2
48.0,Male,Married,Graduate,30600.0,Private,7.8,Mid-size,Family,0.0,2,1,8900.0,0.0,3200.0,8700.0,1800.0,No,0.0,746.0,136800.0,78000.0,Home Appliances EMI,54000.0,31,Eligible,4000.0
48.0,Male,Married,High School,54600.0,Private,16.7,Mid-size,Own,0.0,3,2,12200.0,10400.0,3700.0,12100.0,9500.0,Yes,6200.0,640.0,107700.0,50700.0,Home Appliances EMI,125000.0,25,Not_Eligible,500.0
38.0,Male,Married,High School,14400.0,Government,5.0,Large Indian,Own,0.0,4,3,0.0,0.0,1800.0,3900.0,2000.0,No,0.0,709.0,9200.0,4800.0,Vehicle EMI,1.298e+06,20,Not_Eligible,2948.0
48.0,Male,Married,Post Graduate,71500.0,Government,10.6,MNC,Own,0.0,4,3,6900.0,0.0,8600.0,13500.0,11100.0,No,0.0,850.0,258000.0,125200.0,Vehicle EMI,245000.0,29,Eligible,20724.0
27.0,Female,Single,Graduate,46100.0,Private,0.9,Large Indian,Rented,8300.0,1,0,0.0,0.0,3000.0,10900.0,6700.0,No,0.0,733.0,179800.0,70200.0,Vehicle EMI,538000.0,36,Not_Eligible,6880.0
38.0,Male,Married,Post Graduate,26000.0,Government,2.8,Mid-size,Rented,6300.0,3,2,0.0,21600.0,1900.0,4300.0,4800.0,No,0.0,763.0,123200.0,33900.0,Vehicle EMI,825000.0,51,Not_Eligible,500.0
32.0,Female,Married,High School,39800.0,Government,0.5,Mid-size,Own,0.0,3,2,0.0,23100.0,2100.0,10900.0,2700.0,No,0.0,834.0,187500.0,38200.0,E-commerce Shopping EMI,124000.0,13,Not_Eligible,600.0
48.0,Male,Married,Graduate,33400.0,Private,15.5,Mid-size,Rented,11500.0,4,3,9400.0,0.0,3200.0,7100.0,4500.0,Yes,8800.0,675.0,131600.0,28400.0,Home Appliances EMI,63000.0,28,Not_Eligible,500.0
32.0,Male,Married,Post Graduate,90400.0,Private,5.0,MNC,Rented,26900.0,3,2,0.0,0.0,11700.0,20300.0,15700.0,Yes,24800.0,710.0,171300.0,83700.0,Personal Loan EMI,57000.0,32,Not_Eligible,500.0
32.0,Male,Married,Graduate,34200.0,Private,10.0,MNC,Family,0.0,3,2,7400.0,0.0,2600.0,6300.0,2300.0,Yes,4900.0,701.0,170600.0,78900.0,Vehicle EMI,294000.0,17,Not_Eligible,3745.0
32.0,Male,Single,High School,58000.0,Private,3.0,Large Indian,Family,0.0,1,0,0.0,0.0,7900.0,11100.0,9200.0,Yes,6400.0,693.0,104800.0,45200.0,Education EMI,348000.0,34,Not_Eligible,6552.0
48.0,Female,Married,Post Graduate,103700.0,Private,26.0,MNC,Own,0.0,4,3,10100.0,0.0,6100.0,28000.0,8000.0,Yes,15400.0,708.0,243900.0,142900.0,Personal Loan EMI,656000.0,25,Not_Eligible,12635.0
38.0,Female,Married,,131500.0,Private,2.6,Large Indian,Rented,21000.0,3,2,6200.0,0.0,10800.0,36900.0,10000.0,No,0.0,758.0,392000.0,83400.0,Personal Loan EMI,714000.0,43,High_Risk,27960.0
32.0,Male,Married,Post Graduate,20000.0,Private,9.4,Large Indian,Rented,6200.0,4,3,0.0,0.0,1700.0,5900.0,3300.0,Yes,3500.0,665.0,71600.0,15200.0,E-commerce Shopping EMI,128000.0,9,Not_Eligible,500.0
58.0,Male,Married,Post Graduate,51600.0,Private,10.3,Startup,Rented,11500.0,4,3,0.0,0.0,3100.0,13100.0,6000.0,Yes,13700.0,615.0,239800.0,101000.0,Personal Loan EMI,644000.0,60,Not_Eligible,1176.0
27.0,Female,Single,Graduate,65100.0,Private,0.6,Large Indian,Rented,13200.0,1,0,0.0,0.0,5200.0,12200.0,4700.0,No,0.0,639.0,461700.0,267600.0,Vehicle EMI,1.196e+06,31,Not_Eligible,10489.6
32.0,Male,Single,Graduate,51500.0,Private,0.7,Large Indian,Rented,8600.0,1,0,0.0,0.0,5200.0,13200.0,5700.0,No,0.0,683.0,405900.0,102200.0,Home Appliances EMI,32000.0,12,Eligible,8272.0
27.0,Male,Single,Graduate,34300.0,Government,5.0,Mid-size,Rented,8400.0,1,0,0.0,0.0,3200.0,9800.0,2000.0,Yes,3500.0,758.0,178300.0,95400.0,Vehicle EMI,973000.0,50,Not_Eligible,3418.8
32.0,Female,Married,Professional,47100.0,Private,10.0,MNC,Rented,9700.0,4,3,0.0,0.0,6900.0,11900.0,7500.0,Yes,13100.0,689.0,35700.0,19600.0,Personal Loan EMI,78000.0,24,Not_Eligible,500.0
32.0,Male,Single,Graduate,44600.0,Government,0.5,Startup,Rented,10600.0,1,0,0.0,0.0,3600.0,8400.0,8500.0,No,0.0,850.0,180200.0,82800.0,Vehicle EMI,1.373e+06,73,Not_Eligible,8100.0
32.0,Male,Single,High School,66600.0,Private,4.8,Large Indian,Own,0.0,1,0,0.0,0.0,6100.0,14900.0,12900.0,No,0.0,1200.0,333900.0,66800.0,Education EMI,187000.0,18,High_Risk,13080.0
32.0,Female,Single,Post Graduate,52100.0,Private,2.7,MNC,Rented,12700.0,2,1,8800.0,0.0,7100.0,10700.0,6000.0,No,0.0,592.0,205100.0,72700.0,Education EMI,227000.0,23,Not_Eligible,2720.0
48.0,Male,Married,High School,33600.0,Government,1.4,Mid-size,Rented,6700.0,3,2,3700.0,0.0,2000.0,8300.0,4200.0,No,0.0,765.0,151600.0,85100.0,E-commerce Shopping EMI,164000.0,13,Not_Eligible,5220.0
38.0,Female,Married,Graduate,36000.0,Private,4.9,Mid-size,Own,0.0,5,4,0.0,0.0,5000.0,6000.0,6600.0,Yes,5500.0,584.0,172600.0,66000.0,Education EMI,419000.0,24,Not_Eligible,3612.0
58.0,Male,Single,Graduate,26000.0,Private,12.5,Startup,Own,0.0,3,2,8000.0,0.0,2500.0,5600.0,1600.0,No,0.0,692.0,121600.0,65700.0,Vehicle EMI,1.134e+06,35,Not_Eligible,4150.0
58.0,Male,Married,Professional,74400.0,Private,0.7,Mid-size,Rented,11200.0,2,1,0.0,0.0,4800.0,14900.0,8200.0,No,0.0,749.0,343900.0,140300.0,Vehicle EMI,199000.0,69,Eligible,14120.0
48.0,Male,Married,Graduate,60700.0,Private,17.6,MNC,Own,0.0,3,2,0.0,12900.0,4700.0,16100.0,3600.0,No,0.0,623.0,339800.0,94100.0,Education EMI,399000.0,34,Not_Eligible,9360.0
38.0,Female,Married,Graduate,42600.0,Private,2.3,Startup,Own,0.0,2,1,7500.0,0.0,3400.0,7100.0,8300.0,Yes,11200.0,768.0,27800.0,14700.0,Education EMI,203000.0,9,Not_Eligible,1713.6
32.0,Female,Single,Graduate,29400.0,Private,1.4,Startup,Own,0.0,3,2,0.0,0.0,2500.0,6800.0,5600.0,No,0.0,850.0,106400.0,25600.0,Vehicle EMI,1.188e+06,40,Not_Eligible,8700.0
32.0,Male,Married,Post Graduate,101600.0,Private,10.0,Mid-size,Rented,25200.0,4,3,5600.0,0.0,7100.0,15600.0,14700.0,Yes,26900.0,666.0,286500.0,82500.0,Home Appliances EMI,160000.0,16,Not_Eligible,2275.0
38.0,Female,Married,Post Graduate,72100.0,Government,9.0,MNC,Own,0.0,3,2,12200.0,23700.0,4000.0,17400.0,8100.0,Yes,17300.0,683.0,503400.0,137700.0,Personal Loan EMI,479000.0,19,Not_Eligible,500.0
32.0,Male,Married,Post Graduate,57900.0,Private,2.2,Startup,Own,0.0,2,1,2600.0,0.0,7500.0,15900.0,5500.0,No,0.0,674.0,340500.0,99000.0,Home Appliances EMI,118000.0,9,Not_Eligible,13200.0
32.0,Male,Married,Graduate,26500.0,Private,0.5,Startup,Own,0.0,3,2,0.0,0.0,3800.0,4300.0,2100.0,No,0.0,721.0,85900.0,21000.0,E-commerce Shopping EMI,115000.0,18,Not_Eligible,6520.0
38.0,Female,Married,High School,61800.0,Private,3.2,Mid-size,Family,0.0,4,3,6600.0,20800.0,6000.0,14700.0,8000.0,Yes,9300.0,605.0,205200.0,108700.0,Home Appliances EMI,126000.0,26,Not_Eligible,500.0
27.0,Male,Single,Graduate,92800.0,Government,0.5,Large Indian,Rented,16900.0,3,2,4200.0,5800.0,13800.0,27000.0,18300.0,No,0.0,850.0,120200.0,41100.0,Education EMI,494000.0,26,Not_Eligible,3264.0
27.0,Male,Single,Professional,81700.0,Private,0.5,Mid-size,Rented,15600.0,2,1,0.0,21200.0,11100.0,21500.0,4100.0,No,0.0,715.0,293000.0,114100.0,E-commerce Shopping EMI,187000.0,4,Not_Eligible,3280.0
38.0,Male,Married,Post Graduate,75600.0,Private,10.6,MNC,Own,0.0,4,3,8800.0,0.0,5300.0,14700.0,6300.0,Yes,15700.0,664.0,233200.0,63400.0,Education EMI,388000.0,29,Not_Eligible,8680.0
27.0,Female,Single,High School,56600.0,Self-employed,1.7,Mid-size,Family,0.0,2,1,8700.0,0.0,8000.0,11800.0,9300.0,Yes,9800.0,615.0,363100.0,165400.0,Home Appliances EMI,114000.0,24,Not_Eligible,2494.8
48.0,Female,Married,Post Graduate,87400.0,Self-employed,2.5,MNC,Family,0.0,4,3,14700.0,10900.0,4500.0,13400.0,8400.0,Yes,12300.0,1200.0,285900.0,158400.0,Education EMI,124000.0,11,Not_Eligible,8769.6
38.0,Male,Single,Graduate,18600.0,Private,0.5,Large Indian,Family,0.0,1,0,0.0,0.0,2400.0,5000.0,1400.0,Yes,3800.0,613.0,147400.0,60600.0,Education EMI,396000.0,28,Not_Eligible,1478.4
48.0,Female,Married,Post Graduate,48500.0,Private,0.5,Large Indian,Family,0.0,2,1,9600.0,0.0,6800.0,12300.0,5800.0,Yes,12000.0,652.0,78400.0,35600.0,E-commerce Shopping EMI,51000.0,8,Not_Eligible,500.0
27.0,Male,Married,Graduate,56900.0,Government,3.1,MNC,Rented,17200.0,3,2,6300.0,0.0,3700.0,10600.0,5900.0,Yes,9700.0,605.0,191600.0,107900.0,Home Appliances EMI,245000.0,18,Not_Eligible,1078.0
38.0,Female,Married,Graduate,89700.0,Private,3.8,Startup,Family,0.0,4,3,6600.0,23600.0,6100.0,16800.0,15200.0,Yes,24700.0,689.0,674800.0,300000.0,Home Appliances EMI,73000.0,32,Not_Eligible,500.0
48.0,Male,Married,Professional,82900.0,Government,3.5,Large Indian,Own,0.0,3,2,0.0,0.0,4800.0,20300.0,13400.0,No,0.0,774.0,428300.0,186100.0,Vehicle EMI,1.4e+06,67,High_Risk,29304.0
48.0,Female,Married,Post Graduate,34100.0,Private,4.6,Mid-size,Family,0.0,5,4,0.0,0.0,4400.0,7000.0,3300.0,Yes,5700.0,662.0,61400.0,16900.0,Education EMI,423000.0,22,Not_Eligible,3836.0
48.0,Male,Married,Graduate,54400.0,Private,3.8,MNC,Own,0.0,2,1,0.0,6100.0,3000.0,15100.0,7100.0,Yes,8400.0,690.0,34500.0,14200.0,E-commerce Shopping EMI,95000.0,23,Not_Eligible,4116.0
48.0,Male,Married,Graduate,32400.0,Private,18.0,Mid-size,Own,0.0,3,2,11900.0,14500.0,3300.0,9300.0,4100.0,No,0.0,660.0,216000.0,111600.0,Home Appliances EMI,62000.0,22,Not_Eligible,500.0
58.0,Female,Married,Post Graduate,47600.0,Private,1.0,Mid-size,Own,0.0,3,2,4000.0,19600.0,3800.0,7600.0,7200.0,No,0.0,663.0,106000.0,26300.0,Personal Loan EMI,222000.0,53,Not_Eligible,2700.0
38.0,Male,Married,High School,32200.0,Government,16.0,Startup,Own,0.0,5,4,4500.0,0.0,4200.0,8400.0,3000.0,No,0.0,850.0,106500.0,54000.0,Education EMI,496000.0,47,Not_Eligible,7986.0
32.0,Male,Married,Graduate,57000.0,Private,6.2,MNC,Own,0.0,5,4,13000.0,0.0,8100.0,14200.0,5100.0,No,0.0,734.0,318800.0,64300.0,Personal Loan EMI,189000.0,12,Not_Eligible,8300.0
32.0,Male,Married,High School,24900.0,Private,3.4,Large Indian,Own,0.0,3,2,8100.0,22700.0,3400.0,4400.0,3900.0,No,0.0,696.0,25300.0,7900.0,Vehicle EMI,697000.0,22,Not_Eligible,500.0
38.0,Female,Single,High School,50100.0,Private,9.6,Mid-size,Own,0.0,2,1,6400.0,0.0,7400.0,9000.0,6100.0,Yes,13900.0,785.0,88600.0,47900.0,E-commerce Shopping EMI,137000.0,15,Not_Eligible,2452.8
48.0,Male,Married,Graduate,82800.0,Private,7.4,Mid-size,Rented,27200.0,3,2,9500.0,0.0,10700.0,16200.0,10400.0,Yes,19000.0,697.0,214400.0,127200.0,Personal Loan EMI,433000.0,34,Not_Eligible,500.0
27.0,Female,Married,Graduate,15000.0,Private,2.0,Large Indian,Family,0.0,3,2,0.0,0.0,1000.0,3400.0,1800.0,No,0.0,652.0,111700.0,60700.0,Vehicle EMI,384000.0,49,Not_Eligible,4840.0
38.0,Male,Married,Professional,137400.0,Private,11.9,Large Indian,Rented,36000.0,3,2,0.0,0.0,12000.0,29700.0,10200.0,Yes,26200.0,686.0,982200.0,449800.0,Education EMI,278000.0,21,Not_Eligible,8970.5
48.0,Male,Married,Graduate,79900.0,Private,4.4,Large Indian,Family,0.0,3,2,7000.0,0.0,6100.0,19800.0,13100.0,No,0.0,725.0,626000.0,179600.0,Vehicle EMI,1.46e+06,48,Not_Eligible,18645.0
32.0,Female,Single,Graduate,80900.0,Private,4.1,Large Indian,Rented,26500.0,2,1,0.0,5500.0,4400.0,17300.0,13000.0,No,0.0,714.0,46100.0,27200.0,Home Appliances EMI,240000.0,23,Not_Eligible,5680.0
38.0,Male,Married,Professional,22500.0,Private,5.2,Large Indian,Own,0.0,3,2,9700.0,23300.0,2900.0,5000.0,1200.0,Yes,5300.0,605.0,137500.0,47700.0,Home Appliances EMI,85000.0,23,Not_Eligible,500.0
32.0,Female,Married,Graduate,32100.0,Private,0.5,Large Indian,Family,0.0,5,4,6300.0,23900.0,1800.0,8300.0,5700.0,No,0.0,711.0,64400.0,19500.0,Personal Loan EMI,404000.0,56,Not_Eligible,500.0
59.0,Male,Married,Graduate,24736.0,Private,15.6,MNC,Rented,5000.0,2,1,13800.0,0.0,2700.0,3900.0,2600.0,Yes,3900.0,814.0,138200.0,48000.0,Home Appliances EMI,119000.0,24,Not_Eligible,500.0
48.0,Female,Married,High School,32200.0,Private,15.0,Small,Rented,9200.0,3,2,11600.0,0.0,1900.0,6800.0,1900.0,No,0.0,727.0,216600.0,108900.0,Home Appliances EMI,113000.0,35,Not_Eligible,500.0
48.0,Male,Married,Graduate,26700.0,Private,26.0,MNC,Own,0.0,3,2,0.0,0.0,2800.0,4300.0,2500.0,No,0.0,755.0,30900.0,17600.0,Personal Loan EMI,598000.0,32,Not_Eligible,8208.0
48.0,Male,Married,Post Graduate,73000.0,Private,15.0,MNC,Rented,17900.0,2,1,0.0,6900.0,6100.0,15400.0,5100.0,Yes,20000.0,495.0,379600.0,90000.0,Education EMI,249000.0,43,Not_Eligible,500.0
32.0,Female,Single,High School,21800.0,Private,0.5,Large Indian,Family,0.0,2,1,0.0,0.0,3000.0,3500.0,4100.0,Yes,3100.0,694.0,17300.0,4400.0,Personal Loan EMI,396000.0,56,Not_Eligible,1814.4
27.0,Male,Married,Post Graduate,76000.0,Government,0.5,MNC,Rented,18900.0,3,2,0.0,6200.0,10400.0,21900.0,12500.0,Yes,21400.0,599.0,564900.0,141400.0,E-commerce Shopping EMI,27000.0,5,Not_Eligible,500.0
48.0,Male,Married,Graduate,66300.0,Private,0.5,Mid-size,Own,0.0,2,1,11000.0,0.0,9800.0,11500.0,7600.0,No,0.0,666.0,133000.0,45100.0,Home Appliances EMI,271000.0,19,Not_Eligible,10560.0
27.0,Male,Single,Post Graduate,35400.0,Private,0.5,MNC,Rented,7100.0,2,1,5500.0,20700.0,4300.0,9600.0,5200.0,Yes,3900.0,609.0,70600.0,34500.0,Vehicle EMI,946000.0,47,Not_Eligible,500.0
32.0,Female,Married,Professional,159300.0,Private,4.5,Mid-size,Own,0.0,4,3,0.0,0.0,12400.0,27800.0,9000.0,Yes,42400.0,611.0,434400.0,247900.0,Home Appliances EMI,95000.0,6,High_Risk,18956.0
27.0,Male,Single,Post Graduate,76300.0,Self-employed,1.4,Mid-size,Own,0.0,1,0,0.0,0.0,9000.0,19400.0,9000.0,No,0.0,769.0,202000.0,105200.0,Personal Loan EMI,805000.0,57,Not_Eligible,21006.0
27.0,Female,Single,Professional,58300.0,Private,0.6,Mid-size,Rented,20200.0,3,2,0.0,11200.0,5300.0,10100.0,3800.0,No,0.0,783.0,84600.0,21700.0,Vehicle EMI,169000.0,58,Not_Eligible,2956.8
48.0,Male,Married,High School,28200.0,Government,4.4,Startup,Own,0.0,3,2,7800.0,0.0,3700.0,5400.0,2600.0,Yes,6700.0,696.0,123200.0,30900.0,Vehicle EMI,455000.0,69,Not_Eligible,770.0
38.0,Male,Married,Graduate,55600.0,Private,3.9,Mid-size,Family,0.0,3,2,6200.0,24600.0,5700.0,13200.0,8200.0,No,0.0,666.0,34300.0,11400.0,E-commerce Shopping EMI,136000.0,9,Not_Eligible,500.0
32.0,Female,Married,Graduate,41600.0,Private,2.6,Startup,Family,0.0,2,1,0.0,0.0,3900.0,12000.0,2800.0,Yes,10100.0,745.0,319100.0,69400.0,Personal Loan EMI,451000.0,54,Not_Eligible,4928.0
58.0,Male,Married,Post Graduate,108900.0,Private,13.7,Large Indian,Own,13226.0,3,2,4100.0,0.0,9500.0,16800.0,7900.0,No,0.0,729.0,815800.0,342400.0,Home Appliances EMI,248000.0,19,Eligible,38830.0
58.0,Female,Married,Professional,71000.0,Government,9.5,Large Indian,Own,0.0,4,3,0.0,0.0,4000.0,21200.0,10000.0,No,0.0,850.0,68500.0,23200.0,Vehicle EMI,1.181e+06,64,Not_Eligible,18902.4
27.0,Female,Single,Graduate,40200.0,Private,1.1,MNC,Own,0.0,1,0,0.0,0.0,3900.0,11600.0,6000.0,No,0.0,672.0,191400.0,102700.0,Vehicle EMI,767000.0,82,Not_Eligible,9350.0
58.0,Female,Married,Professional,83600.0,Private,0.5,MNC,Rented,28900.0,2,1,6600.0,0.0,9200.0,24800.0,9600.0,No,0.0,665.0,580600.0,251700.0,Vehicle EMI,1.403e+06,52,Not_Eligible,1980.0
32.0,Male,Married,Post Graduate,46700.0,Private,7.5,Mid-size,Own,0.0,4,3,0.0,0.0,6900.0,10800.0,4400.0,Yes,6700.0,674.0,238700.0,87800.0,Personal Loan EMI,801000.0,43,Not_Eligible,6265.0
27.0,Male,Single,Professional,47500.0,Private,5.0,Mid-size,Rented,12800.0,1,0,0.0,0.0,3600.0,13800.0,6000.0,Yes,14200.0,655.0,58500.0,23300.0,Personal Loan EMI,267000.0,52,Not_Eligible,500.0
38.0,Male,Married,Graduate,64800.0,Private,9.9,Startup,Family,0.0,2,1,0.0,0.0,6700.0,18900.0,5200.0,Yes,19100.0,636.0,242200.0,133700.0,Home Appliances EMI,87000.0,33,Eligible,4172.0
48.0,Male,Married,Graduate,98900.0,Private,0.5,Large Indian,Rented,16300.0,4,3,4300.0,11200.0,13000.0,16000.0,11000.0,Yes,15900.0,605.0,314300.0,171900.0,E-commerce Shopping EMI,61000.0,11,Not_Eligible,2508.8
48.0,Male,Married,Graduate,78200.0,Private,1.4,Mid-size,Rented,23100.0,2,1,0.0,0.0,8400.0,21300.0,9200.0,No,0.0,628.0,322000.0,148200.0,Vehicle EMI,203000.0,64,Eligible,6480.0
38.0,Male,Married,Graduate,61800.0,Government,2.5,Large Indian,Own,0.0,3,2,5000.0,8200.0,8800.0,14900.0,3800.0,No,0.0,720.0,251500.0,136200.0,Home Appliances EMI,178000.0,23,High_Risk,10550.0
38.0,Female,Married,Post Graduate,26000.0,Government,13.4,Mid-size,Own,0.0,2,1,8200.0,0.0,1300.0,6100.0,1400.0,No,0.0,794.0,150700.0,56600.0,Home Appliances EMI,46000.0,16,Eligible,5940.0
32.0,Female,Married,Graduate,34100.0,Self-employed,5.5,Large Indian,Rented,7400.0,4,3,6200.0,0.0,2400.0,7700.0,3200.0,Yes,5500.0,634.0,136100.0,38000.0,Personal Loan EMI,862000.0,23,Not_Eligible,500.0
32.0,Male,Married,Professional,180100.0,Self-employed,3.5,Mid-size,Own,0.0,3,2,3400.0,9200.0,17100.0,36800.0,9800.0,Yes,27200.0,607.0,151800.0,64200.0,Education EMI,175000.0,27,Eligible,15442.56
38.0,Male,Married,Post Graduate,51300.0,Private,3.1,MNC,Family,0.0,4,3,0.0,15000.0,7300.0,14100.0,5400.0,No,0.0,709.0,53700.0,16500.0,Home Appliances EMI,46000.0,14,High_Risk,3800.0
27.0,Female,Single,High School,36800.0,Government,0.6,Mid-size,Rented,9500.0,2,1,0.0,11900.0,5300.0,5900.0,6400.0,No,0.0,752.0,254000.0,127700.0,E-commerce Shopping EMI,102000.0,11,Not_Eligible,500.0
38.0,female,Married,Graduate,38600.0,Self-employed,5.5,Startup,Family,0.0,3,2,9300.0,0.0,4700.0,10300.0,3900.0,No,0.0,747.0,143300.0,79000.0,Education EMI,158000.0,25,Not_Eligible,4680.0
32.0,Female,Single,Graduate,25600.0,Private,0.5,MNC,Rented,5500.0,2,1,0.0,0.0,2000.0,7100.0,1600.0,No,0.0,590.0,37300.0,10600.0,E-commerce Shopping EMI,35000.0,14,Not_Eligible,2406.4
38.0,Female,Married,Graduate,49400.0,Government,13.4,MNC,Rented,14300.0,3,2,7400.0,9500.0,5600.0,10100.0,8500.0,Yes,14700.0,792.0,89700.0,46200.0,Personal Loan EMI,768000.0,25,Not_Eligible,500.0
48.0,Female,Married,High School,33600.0,Private,1.0,Mid-size,Own,0.0,4,3,0.0,0.0,3100.0,6000.0,2900.0,Yes,8500.0,631.0,70800.0,15900.0,Education EMI,149000.0,42,Not_Eligible,3668.0
58.0,Male,Married,High School,27500.0,Government,26.6,MNC,Own,0.0,4,3,0.0,16800.0,1700.0,6900.0,4300.0,No,0.0,694.0,191500.0,89700.0,Home Appliances EMI,163000.0,34,Not_Eligible,500.0
38.0,Male,Single,Graduate,39500.0,Self-employed,4.7,MNC,Own,0.0,2,1,12000.0,20700.0,5000.0,10900.0,3200.0,Yes,4500.0,624.0,,76500.0,Home Appliances EMI,218000.0,6,Not_Eligible,500.0
38.0,Female,Single,Graduate,36000.0,Private,0.5,Mid-size,Family,0.0,2,1,0.0,18500.0,2500.0,7600.0,5300.0,Yes,4900.0,702.0,31200.0,17600.0,Home Appliances EMI,274000.0,21,Not_Eligible,500.0
38.0,Male,Married,Post Graduate,28100.0,Private,5.2,Large Indian,Rented,7300.0,3,2,5900.0,0.0,2600.0,7000.0,4000.0,No,0.0,809.0,171900.0,100800.0,E-commerce Shopping EMI,189000.0,9,Not_Eligible,858.0
32.0,Female,Married,Graduate,40400.0,Private,1.7,Startup,Rented,6200.0,4,3,12700.0,0.0,4300.0,7400.0,6000.0,Yes,11600.0,770.0,118100.0,27900.0,E-commerce Shopping EMI,110000.0,16,Not_Eligible,500.0
32.0,Female,Married,High School,56100.0,Private,2.3,Mid-size,Own,0.0,4,3,8300.0,21600.0,4000.0,12100.0,4100.0,No,0.0,729.0,374200.0,202500.0,Personal Loan EMI,726000.0,14,Not_Eligible,3300.0
38.0,Female,Married,High School,42700.0,Government,0.5,Startup,Own,0.0,3,2,0.0,0.0,5100.0,10100.0,4300.0,Yes,6000.0,749.0,155300.0,37200.0,Vehicle EMI,450000.0,53,Not_Eligible,6020.0
38.0,Female,Married,Graduate,72100.0,Private,1.7,Large Indian,Family,15850.0,2,1,0.0,5600.0,6200.0,11800.0,12900.0,Yes,13500.0,578.0,363000.0,141200.0,Home Appliances EMI,33000.0,12,Eligible,6188.0
27.0,Male,Single,Post Graduate,19500.0,Private,1.8,Small,Own,0.0,1,0,0.0,0.0,1500.0,3300.0,3400.0,Yes,4000.0,627.0,152900.0,76400.0,Personal Loan EMI,187000.0,16,Not_Eligible,2248.4
33.0,Male,Married,Post Graduate,86518.0,Private,1.2,Small,Rented,21400.0,3,2,0.0,0.0,10400.0,15800.0,5600.0,No,0.0,719.0,226500.0,79100.0,E-commerce Shopping EMI,68000.0,19,Eligible,16500.0
27.0,Male,Single,Post Graduate,32300.0,Private,0.5,MNC,Rented,10200.0,1,0,0.0,0.0,2100.0,7600.0,3700.0,No,0.0,768.0,74600.0,17300.0,Personal Loan EMI,209000.0,31,Not_Eligible,4176.0
48.0,Male,Single,High School,14400.0,Private,12.1,MNC,Own,0.0,2,1,0.0,0.0,800.0,4300.0,2700.0,No,0.0,684.0,105700.0,59900.0,Home Appliances EMI,269000.0,9,Not_Eligible,3630.0
48.0,Male,Married,Professional,22500.0,Private,0.5,MNC,Own,0.0,2,1,0.0,0.0,1400.0,5300.0,4200.0,No,0.0,703.0,69800.0,36300.0,Vehicle EMI,342000.0,30,Not_Eligible,4640.0
38.0,M,Married,Professional,120500.0,Private,2.0,Startup,Family,,5,4,0.0,21200.0,12100.0,28100.0,22400.0,Yes,13400.0,765.0,726300.0,284900.0,E-commerce Shopping EMI,139000.0,21,Eligible,10764.6
32.0,Male,Married,Post Graduate,146700.0,Private,1.7,MNC,Rented,34600.0,2,1,6700.0,11900.0,17800.0,38700.0,28400.0,Yes,20000.0,740.0,185200.0,64600.0,Vehicle EMI,87000.0,63,Not_Eligible,500.0
58.0,Female,Married,Graduate,50700.0,Private,9.5,Large Indian,Family,0.0,5,4,12300.0,0.0,3400.0,10000.0,2700.0,Yes,8800.0,750.0,343700.0,176700.0,Personal Loan EMI,378000.0,12,Not_Eligible,6237.0
32.0,Female,Married,Post Graduate,112500.0,Private,0.5,Large Indian,Own,0.0,2,1,6000.0,7600.0,14700.0,22000.0,10200.0,No,0.0,741.0,126100.0,62800.0,Home Appliances EMI,242000.0,24,Eligible,16640.0
32.0,Female,Married,Post Graduate,23400.0,Self-employed,3.1,Mid-size,Family,0.0,3,2,0.0,16200.0,1500.0,5900.0,3800.0,No,0.0,563.0,152700.0,46600.0,Home Appliances EMI,290000.0,29,Not_Eligible,500.0
48.0,Male,Married,Graduate,33000.0,Private,3.4,Large Indian,Rented,9600.0,3,2,9500.0,0.0,3800.0,9800.0,2500.0,Yes,7100.0,,237600.0,48900.0,Vehicle EMI,556000.0,49,Not_Eligible,500.0
27.0,Female,Single,Post Graduate,65500.0,Private,0.5,Large Indian,Own,0.0,2,1,14500.0,0.0,8000.0,18000.0,6800.0,No,0.0,697.0,400100.0,236200.0,E-commerce Shopping EMI,186000.0,7,Not_Eligible,8008.0
32.0,Male,Married,High School,38400.0,Private,4.5,Large Indian,Rented,13400.0,2,1,3200.0,0.0,3000.0,8200.0,2700.0,No,0.0,760.0,27600.0,7300.0,Education EMI,72000.0,32,Eligible,3792.0
32.0,Female,Married,Graduate,108400.0,Government,3.7,MNC,Own,0.0,4,3,0.0,17900.0,8800.0,30500.0,6500.0,Yes,29400.0,699.0,435800.0,171600.0,E-commerce Shopping EMI,38000.0,20,Eligible,5890.5
38.0,Male,Married,High School,16000.0,Self-employed,10.3,MNC,Rented,5300.0,4,3,0.0,8300.0,900.0,3500.0,1400.0,No,0.0,670.0,38200.0,18000.0,Personal Loan EMI,81000.0,16,Not_Eligible,500.0
48.0,Female,Single,High School,48200.0,Self-employed,7.8,Mid-size,Rented,12000.0,1,0,0.0,0.0,4400.0,8000.0,8200.0,Yes,6900.0,659.0,256900.0,91900.0,Home Appliances EMI,42000.0,25,Eligible,2740.5
38.0,Female,Married,Graduate,36500.0,Private,4.1,Mid-size,Own,0.0,3,2,10800.0,0.0,3800.0,6500.0,3100.0,Yes,5200.0,554.0,46300.0,13300.0,E-commerce Shopping EMI,26000.0,6,Not_Eligible,1590.4
48.0,Male,Single,Graduate,74500.0,Private,3.7,Mid-size,Rented,19600.0,2,1,0.0,6000.0,6300.0,20600.0,13200.0,No,0.0,581.0,276100.0,68000.0,Education EMI,111000.0,38,Not_Eligible,3520.0
38.0,Female,Married,Graduate,57700.0,Self-employed,4.1,Large Indian,Own,0.0,2,1,0.0,0.0,6200.0,16600.0,11000.0,Yes,13600.0,671.0,57900.0,16600.0,Education EMI,142000.0,44,Not_Eligible,2595.6
38.0,Female,Married,Graduate,41100.0,Private,1.5,Mid-size,Rented,12200.0,3,2,14200.0,14300.0,6100.0,9100.0,4100.0,No,0.0,711.0,280700.0,109100.0,Education EMI,210000.0,19,Not_Eligible,500.0
32.0,Male,Single,Post Graduate,46200.0,Private,1.1,Large Indian,Family,0.0,2,1,13800.0,0.0,3200.0,11400.0,8000.0,No,0.0,684.0,28500.0,7000.0,Personal Loan EMI,886000.0,27,Not_Eligible,3920.0
32.0,Female,Single,High School,54100.0,Self-employed,4.3,Large Indian,Rented,10400.0,1,0,0.0,0.0,6600.0,10500.0,4300.0,Yes,10400.0,614.0,223100.0,52000.0,E-commerce Shopping EMI,97000.0,19,Not_Eligible,2998.8
32.0,Male,Single,Professional,137600.0,Government,1.9,Small,Family,0.0,1,0,0.0,0.0,11400.0,39600.0,10100.0,Yes,23300.0,722.0,659900.0,275200.0,Vehicle EMI,512000.0,49,Eligible,18620.0
38.0,Female,Single,Professional,53300.0,Private,2.4,Large Indian,Own,0.0,2,1,0.0,0.0,5200.0,10600.0,9700.0,No,0.0,689.0,100500.0,47000.0,Personal Loan EMI,636000.0,14,Not_Eligible,11120.0
32.0,Male,Married,Post Graduate,82900.0,Private,2.5,Mid-size,Own,0.0,4,3,9300.0,17800.0,6500.0,23200.0,11600.0,No,0.0,689.0,146000.0,46100.0,E-commerce Shopping EMI,21000.0,10,Eligible,5800.0
48.0,Female,Married,Graduate,98400.0,Private,7.0,Mid-size,Rented,19300.0,3,2,11000.0,0.0,5400.0,16500.0,17200.0,No,0.0,682.0,365500.0,112900.0,Personal Loan EMI,234000.0,44,Eligible,14500.0
32.0,Male,Single,Post Graduate,93300.0,Private,0.9,Large Indian,Family,0.0,2,1,2500.0,0.0,7700.0,27000.0,13300.0,No,0.0,687.0,441600.0,169100.0,E-commerce Shopping EMI,182000.0,21,Eligible,17120.0
32.0,Male,Single,Graduate,41200.0,Private,8.1,Mid-size,Own,0.0,1,0,0.0,0.0,3300.0,11800.0,5900.0,No,0.0,716.0,136600.0,70000.0,Education EMI,289000.0,29,Not_Eligible,10100.0
48.0,Male,Married,,48000.0,Private,2.1,Mid-size,Rented,16800.0,3,2,8800.0,0.0,2600.0,13400.0,6700.0,No,0.0,673.0,42900.0,17000.0,Education EMI,205000.0,45,Not_Eligible,500.0
32.0,Male,Single,Graduate,44800.0,Private,2.1,Mid-size,Rented,12600.0,2,1,7300.0,9200.0,6000.0,9300.0,7300.0,No,0.0,731.0,117900.0,65200.0,Home Appliances EMI,94000.0,15,Not_Eligible,500.0
48.0,Female,Married,Graduate,71000.0,Private,2.6,Startup,Family,0.0,3,2,0.0,0.0,8900.0,17600.0,11100.0,Yes,15300.0,589.0,60500.0,30800.0,Education EMI,438000.0,45,Not_Eligible,4054.4
38.0,Female,Married,Post Graduate,131500.0,Government,7.8,Large Indian,Family,0.0,5,4,2200.0,19200.0,16900.0,33000.0,22300.0,No,0.0,751.0,122200.0,62100.0,Education EMI,91000.0,6,Eligible,20011.2
27.0,Female,Single,Graduate,123900.0,Government,1.0,Mid-size,Own,0.0,1,0,0.0,0.0,12100.0,28100.0,14800.0,No,0.0,803.0,599200.0,123500.0,Home Appliances EMI,143000.0,33,Eligible,41340.0
32.0,Female,Single,Post Graduate,58900.0,Government,9.7,Mid-size,Family,0.0,2,1,10600.0,0.0,7400.0,10400.0,9600.0,No,0.0,768.0,145000.0,62100.0,E-commerce Shopping EMI,134000.0,4,Not_Eligible,13794.0
32.0,Male,Married,Post Graduate,46900.0,Self-employed,4.2,Mid-size,Rented,13900.0,5,4,7600.0,0.0,6400.0,11100.0,7000.0,No,0.0,670.0,219100.0,44700.0,Vehicle EMI,446000.0,53,Not_Eligible,500.0
38.0,Female,Married,Professional,59000.0,Private,6.5,Large Indian,Own,0.0,3,2,2900.0,0.0,7800.0,15700.0,8800.0,Yes,14600.0,811.0,71100.0,39100.0,Personal Loan EMI,816000.0,31,Not_Eligible,3091.2
48.0,Female,Married,Graduate,40500.0,Private,0.6,Mid-size,Own,0.0,4,3,3900.0,0.0,5500.0,11800.0,6600.0,Yes,11400.0,750.0,287300.0,102600.0,E-commerce Shopping EMI,43000.0,4,Not_Eligible,500.0
32.0,Male,Married,Post Graduate,80700.0,Private,1.3,Large Indian,Rented,16500.0,2,1,14800.0,0.0,11700.0,20000.0,7900.0,Yes,14900.0,629.0,589300.0,290400.0,Education EMI,195000.0,46,Not_Eligible,500.0
48.0,Female,Married,Post Graduate,70100.0,Self-employed,1.0,MNC,Rented,21300.0,4,3,0.0,0.0,9000.0,15800.0,8300.0,No,0.0,590.0,191100.0,78700.0,Vehicle EMI,368000.0,16,Not_Eligible,5652.0
27.0,Male,Single,Graduate,34400.0,Private,0.5,MNC,Family,0.0,3,2,14400.0,0.0,3200.0,9600.0,2100.0,Yes,5000.0,1200.0,173400.0,98600.0,Home Appliances EMI,204000.0,15,Not_Eligible,500.0
27.0,Female,Single,Post Graduate,120500.0,Private,1.4,Mid-size,Own,0.0,3,2,9300.0,0.0,11300.0,27900.0,21300.0,No,0.0,677.0,585700.0,294000.0,Home Appliances EMI,31000.0,7,Eligible,25350.0
27.0,Male,Single,Graduate,24200.0,Government,1.0,Large Indian,Own,0.0,1,0,0.0,0.0,2300.0,3700.0,1400.0,No,0.0,788.0,34500.0,17800.0,Education EMI,66000.0,47,Eligible,8064.0
48.0,Female,Married,Post Graduate,74600.0,Private,4.9,Large Indian,Rented,16300.0,2,1,5200.0,0.0,6800.0,21200.0,7600.0,No,0.0,763.0,285600.0,165400.0,Vehicle EMI,1.318e+06,79,Not_Eligible,10500.0
58.0,Male,Married,Professional,73500.0,Private,3.7,MNC,Rented,20800.0,2,1,8900.0,0.0,9200.0,20100.0,14600.0,Yes,15900.0,556.0,503700.0,283000.0,Education EMI,494000.0,32,Not_Eligible,500.0
32.0,Male,Married,Graduate,35700.0,Private,3.6,Startup,Own,0.0,2,1,4800.0,0.0,3800.0,6000.0,5700.0,No,0.0,619.0,206900.0,78100.0,Home Appliances EMI,258000.0,32,Not_Eligible,6160.0
58.0,Female,Married,Graduate,79700.0,Private,2.5,Mid-size,Rented,16000.0,3,2,0.0,11900.0,11900.0,15600.0,12600.0,No,0.0,724.0,62900.0,36800.0,Home Appliances EMI,287000.0,27,Not_Eligible,4680.0
48.0,Female,Married,Graduate,55300.0,Government,17.1,Mid-size,Family,0.0,4,3,11400.0,0.0,5500.0,11900.0,7500.0,No,0.0,778.0,100800.0,51900.0,E-commerce Shopping EMI,192000.0,17,Not_Eligible,10032.0
38.0,Female,Married,Post Graduate,51100.0,Self-employed,2.7,MNC,Family,0.0,3,2,0.0,22700.0,6500.0,10400.0,3100.0,No,0.0,667.0,221800.0,118600.0,Home Appliances EMI,214000.0,24,Not_Eligible,3780.0
32.0,Male,Single,Graduate,101000.0,Private,2.8,Mid-size,Family,0.0,1,0,0.0,0.0,6600.0,17100.0,12400.0,No,0.0,720.0,58200.0,17600.0,E-commerce Shopping EMI,113000.0,11,Eligible,25960.0
27.0,Male,Married,Professional,86300.0,Government,1.1,Startup,Own,0.0,3,2,8200.0,0.0,8500.0,23000.0,6300.0,Yes,16800.0,784.0,44900.0,18100.0,Vehicle EMI,1.192e+06,56,Not_Eligible,7896.0
48.0,Female,Married,Professional,127700.0,Government,2.0,Mid-size,Rented,27000.0,4,3,10500.0,22700.0,11800.0,20500.0,14400.0,Yes,24700.0,698.0,360900.0,150000.0,Vehicle EMI,1.422e+06,76,Not_Eligible,500.0
48.0,Male,Married,Professional,5547.0,Private,8.2,MNC,Own,0.0,2,1,9500.0,0.0,11600.0,46400.0,17800.0,No,0.0,669.0,506900.0,,Home Appliances EMI,195000.0,36,Eligible,37900.0
32.0,Female,Married,Graduate,68300.0,Government,0.5,Large Indian,Own,0.0,3,2,0.0,24300.0,7100.0,20100.0,10800.0,No,0.0,771.0,389500.0,94100.0,Personal Loan EMI,228000.0,18,Not_Eligible,3600.0
32.0,Male,Married,Graduate,58600.0,Self-employed,2.6,MNC,Own,0.0,4,3,0.0,7200.0,4800.0,11200.0,9600.0,Yes,6500.0,636.0,88100.0,25500.0,Vehicle EMI,604000.0,42,Not_Eligible,3890.88
38.0,Female,Married,Professional,35300.0,Private,7.3,Startup,Rented,10700.0,5,4,11600.0,0.0,3000.0,8600.0,2900.0,No,0.0,774.0,59800.0,27000.0,Education EMI,187000.0,9,Not_Eligible,500.0
38.0,Female,Married,High School,69800.0,Private,4.7,Startup,Rented,24100.0,3,2,0.0,0.0,4300.0,19700.0,6600.0,No,0.0,751.0,346500.0,124600.0,E-commerce Shopping EMI,49000.0,23,Eligible,9060.0
32.0,Female,Married,Post Graduate,50200.0,Private,9.8,Small,Own,0.0,4,3,0.0,23700.0,4800.0,13000.0,7800.0,No,0.0,710.0,249200.0,60200.0,Vehicle EMI,1.131e+06,41,Not_Eligible,500.0
48.0,Male,Married,,39100.0,Government,26.0,MNC,Rented,12300.0,3,2,0.0,0.0,2700.0,9800.0,5800.0,Yes,4600.0,735.0,186500.0,67400.0,E-commerce Shopping EMI,114000.0,15,Not_Eligible,1501.5
58.0,Male,Married,Graduate,91000.0,Private,0.5,Large Indian,Own,0.0,4,3,0.0,18100.0,12600.0,14100.0,10500.0,Yes,13200.0,627.0,590500.0,166100.0,Personal Loan EMI,103000.0,22,High_Risk,5544.0
48.0,Male,Married,Graduate,53600.0,Private,9.8,Startup,Family,,2,1,5500.0,0.0,4500.0,11500.0,4800.0,No,0.0,738.0,409300.0,106200.0,Personal Loan EMI,517000.0,57,High_Risk,15015.0
27.0,Female,Single,Professional,476944.0,Private,2.0,Mid-size,Rented,11300.0,1,0,0.0,0.0,6400.0,10500.0,6900.0,Yes,12800.0,714.0,258000.0,121000.0,Home Appliances EMI,168000.0,15,Not_Eligible,500.0
38.0,Female,Married,Graduate,74100.0,Private,2.0,Mid-size,Family,0.0,2,1,0.0,0.0,9000.0,13600.0,10000.0,No,0.0,714.0,567600.0,273000.0,Vehicle EMI,966000.0,43,Not_Eligible,22825.0
32.0,Female,Single,Graduate,53200.0,Government,1.9,Startup,Own,0.0,2,1,12700.0,24800.0,5500.0,10300.0,5900.0,Yes,15600.0,716.0,399300.0,83800.0,Education EMI,383000.0,38,Not_Eligible,500.0
27.0,Male,Single,Post Graduate,62900.0,Government,2.0,Large Indian,Rented,15800.0,2,1,9400.0,24100.0,8800.0,11000.0,6200.0,No,0.0,766.0,158000.0,39400.0,Education EMI,215000.0,14,Not_Eligible,500.0
48.0,Male,Married,Post Graduate,105800.0,Private,3.9,Startup,Rented,29400.0,5,4,0.0,0.0,6700.0,16700.0,19700.0,No,0.0,745.0,544800.0,181700.0,Home Appliances EMI,142000.0,26,Eligible,16650.0
48.0,Female,Married,High School,50000.0,Private,1.4,MNC,Rented,15600.0,3,2,0.0,13200.0,3100.0,7500.0,7100.0,No,0.0,655.0,181200.0,41900.0,E-commerce Shopping EMI,122000.0,16,Not_Eligible,1750.0
32.0,Male,Married,Post Graduate,37600.0,Private,6.6,Large Indian,Own,0.0,4,3,4900.0,0.0,2800.0,7700.0,7200.0,No,0.0,775.0,81800.0,42300.0,Vehicle EMI,957000.0,32,Not_Eligible,9000.0
32.0,Male,Married,Professional,101500.0,Private,4.1,Mid-size,Rented,16900.0,2,1,0.0,13800.0,12500.0,27400.0,6500.0,No,0.0,701.0,382900.0,210300.0,Vehicle EMI,569000.0,29,Not_Eligible,12200.0
48.0,Female,Married,Post Graduate,41600.0,Private,8.4,Small,Own,0.0,4,3,13900.0,6500.0,4200.0,10900.0,3900.0,Yes,10600.0,705.0,29200.0,6100.0,E-commerce Shopping EMI,122000.0,23,Not_Eligible,500.0
32.0,female,Married,Post Graduate,7776.0,Private,0.5,Small,Family,0.0,3,2,2200.0,0.0,4400.0,8000.0,4100.0,No,0.0,675.0,129700.0,64700.0,E-commerce Shopping EMI,113000.0,16,Not_Eligible,4560.0
58.0,Female,Married,Professional,51700.0,Government,4.5,Large Indian,Family,0.0,4,3,0.0,0.0,3900.0,9300.0,10100.0,No,0.0,622.0,292200.0,173500.0,Education EMI,72000.0,24,Eligible,12496.0
32.0,Female,Married,Graduate,41700.0,Self-employed,2.3,Large Indian,Rented,6700.0,4,3,0.0,0.0,3500.0,9600.0,7200.0,Yes,4900.0,639.0,321300.0,100000.0,Vehicle EMI,1.189e+06,44,Not_Eligible,2716.56
38.0,Male,Married,Graduate,59800.0,Government,4.2,Mid-size,Own,0.0,4,3,5600.0,0.0,4600.0,15700.0,6400.0,No,0.0,726.0,54700.0,27500.0,Personal Loan EMI,92000.0,40,Eligible,12100.0
38.0,Male,Married,Professional,53600.0,Private,0.5,MNC,Rented,14300.0,4,3,6500.0,13400.0,3700.0,9400.0,9000.0,No,0.0,728.0,309000.0,86300.0,E-commerce Shopping EMI,159000.0,23,Not_Eligible,500.0
48.0,Female,Married,Graduate,34900.0,Government,13.8,MNC,Rented,10100.0,5,4,5400.0,15300.0,2200.0,6900.0,2100.0,Yes,10100.0,828.0,80900.0,24000.0,Personal Loan EMI,586000.0,16,Not_Eligible,500.0
48.0,Female,Married,Graduate,62900.0,Private,11.0,Large Indian,Own,0.0,2,1,7000.0,0.0,6100.0,10400.0,3600.0,No,0.0,758.0,275200.0,147500.0,E-commerce Shopping EMI,134000.0,9,Eligible,21480.0
38.0,Male,Married,Graduate,8013.0,Private,5.3,MNC,Own,0.0,2,1,8900.0,21900.0,2500.0,8500.0,4800.0,No,0.0,745.0,210600.0,47700.0,E-commerce Shopping EMI,175000.0,3,Not_Eligible,500.0
38.0,Male,Married,High School,33900.0,Private,1.8,MNC,Family,0.0,4,3,0.0,10100.0,4000.0,7300.0,3200.0,Yes,4800.0,679.0,84800.0,39100.0,E-commerce Shopping EMI,93000.0,22,Not_Eligible,1575.0
48.0,Male,Married,Post Graduate,21500.0,Private,4.6,MNC,Own,0.0,4,3,14000.0,0.0,2500.0,5500.0,2200.0,Yes,5000.0,760.0,,56500.0,Education EMI,432000.0,30,Not_Eligible,500.0
32.0,Male,Single,Graduate,72900.0,Private,1.2,Large Indian,Family,0.0,3,2,0.0,0.0,9600.0,21600.0,4900.0,No,0.0,644.0,173600.0,63700.0,Education EMI,207000.0,8,Not_Eligible,14720.0
58.0,Female,Married,High School,77000.0,Private,2.2,MNC,Own,0.0,4,3,0.0,15400.0,4100.0,21900.0,6700.0,No,0.0,635.0,144300.0,56200.0,Education EMI,442000.0,17,Not_Eligible,9248.0
38.0,Male,Married,Post Graduate,58100.0,Self-employed,8.6,Mid-size,Rented,16200.0,4,3,9300.0,0.0,4600.0,14600.0,9900.0,No,0.0,758.0,73900.0,18600.0,Personal Loan EMI,823000.0,35,Not_Eligible,1512.0
27.0,M,Married,High School,46000.0,Private,0.5,MNC,Rented,9300.0,4,3,0.0,0.0,3400.0,10500.0,7400.0,Yes,8100.0,767.0,249200.0,140600.0,Personal Loan EMI,821000.0,33,Not_Eligible,2452.8
27.0,Male,Married,Professional,72100.0,Private,0.5,Mid-size,Family,0.0,2,1,0.0,20700.0,6600.0,19500.0,9600.0,No,0.0,669.0,436400.0,236500.0,E-commerce Shopping EMI,54000.0,16,Eligible,6908.0
38.0,Male,Married,Graduate,20000.0,Government,4.0,Large Indian,Rented,4600.0,3,2,10500.0,0.0,1100.0,3200.0,3500.0,Yes,5100.0,707.0,67900.0,39700.0,Vehicle EMI,269000.0,55,Not_Eligible,500.0
58.0,Female,Married,Graduate,41400.0,Private,14.4,Large Indian,Rented,7900.0,3,2,12500.0,9500.0,2800.0,7900.0,4200.0,No,0.0,653.0,176400.0,77700.0,E-commerce Shopping EMI,99000.0,20,Not_Eligible,500.0
27.0,Female,Married,Graduate,51700.0,Private,0.7,MNC,Rented,13500.0,3,2,9100.0,8600.0,5100.0,10600.0,8700.0,Yes,11500.0,671.0,366500.0,202600.0,E-commerce Shopping EMI,149000.0,24,Not_Eligible,500.0
38.0,Female,Married,Graduate,41300.0,Private,4.0,Mid-size,Own,0.0,3,2,10300.0,0.0,4400.0,6300.0,3500.0,No,0.0,701.0,240500.0,130100.0,Education EMI,135000.0,18,High_Risk,8400.0
27.0,Male,Married,High School,23400.0,Private,5.0,Large Indian,Rented,4400.0,3,2,6500.0,0.0,2200.0,4900.0,3300.0,No,0.0,615.0,,47900.0,Vehicle EMI,1.121e+06,67,Not_Eligible,924.0
27.0,Female,Single,Graduate,96500.0,Private,1.3,MNC,Rented,20300.0,1,0,0.0,0.0,13300.0,17100.0,7100.0,Yes,15400.0,643.0,,145200.0,Home Appliances EMI,224000.0,6,Not_Eligible,7176.4
32.0,male,Single,Professional,35700.0,Government,0.5,Large Indian,Own,0.0,2,1,0.0,0.0,2800.0,8600.0,6300.0,Yes,4200.0,648.0,259800.0,155500.0,Home Appliances EMI,223000.0,16,Not_Eligible,4250.4
27.0,Male,Married,Professional,84600.0,Self-employed,1.6,Large Indian,Own,0.0,4,3,5200.0,0.0,7000.0,20700.0,16400.0,No,0.0,684.0,564400.0,291400.0,Vehicle EMI,779000.0,61,High_Risk,17473.5
38.0,Male,Married,Graduate,44200.0,Private,12.5,Large Indian,Own,0.0,5,4,0.0,0.0,2800.0,11800.0,6200.0,Yes,11100.0,587.0,192300.0,110700.0,Vehicle EMI,90000.0,33,High_Risk,3444.0
27.0,Female,Single,Post Graduate,32800.0,Private,0.7,Small,Own,0.0,1,0,0.0,0.0,4200.0,8500.0,3200.0,No,0.0,,90600.0,41900.0,Education EMI,198000.0,17,Not_Eligible,6760.0
48.0,Male,Married,Graduate,58000.0,Government,26.0,Large Indian,Rented,12100.0,3,2,9400.0,0.0,6600.0,16900.0,4500.0,No,0.0,724.0,367200.0,173900.0,Vehicle EMI,486000.0,53,Not_Eligible,5142.5
27.0,Female,Single,Professional,29800.0,Private,0.5,Mid-size,Family,0.0,1,0,0.0,0.0,3100.0,5600.0,5000.0,No,0.0,669.0,238000.0,128600.0,E-commerce Shopping EMI,37000.0,22,Eligible,7084.0
32.0,Male,Single,Post Graduate,56000.0,Government,2.4,Large Indian,Own,0.0,2,1,4600.0,13700.0,4600.0,14200.0,4700.0,No,0.0,727.0,405500.0,195400.0,Education EMI,401000.0,19,Not_Eligible,7810.0
58.0,Female,Married,Graduate,33600.0,Private,1.2,Small,Family,0.0,4,3,12900.0,0.0,3500.0,8500.0,2000.0,No,0.0,710.0,195100.0,101900.0,E-commerce Shopping EMI,47000.0,21,Eligible,3350.0
58.0,Male,Married,Graduate,18000.0,Self-employed,35.7,Mid-size,Rented,4500.0,3,2,9900.0,0.0,1200.0,3800.0,2300.0,No,0.0,625.0,97100.0,35800.0,Education EMI,376000.0,19,Not_Eligible,500.0
32.0,Male,Married,Graduate,69500.0,Private,0.5,Large Indian,Rented,15900.0,4,3,0.0,0.0,6700.0,13700.0,8600.0,Yes,9300.0,540.0,321500.0,144600.0,E-commerce Shopping EMI,73000.0,9,Not_Eligible,2142.0
38.0,Female,Married,Post Graduate,83300.0,Private,14.4,Mid-size,Family,0.0,5,4,4800.0,12100.0,5200.0,20900.0,4800.0,No,0.0,712.0,398600.0,122400.0,Personal Loan EMI,743000.0,44,Not_Eligible,17750.0
38.0,Female,Married,Graduate,40500.0,Private,3.3,Large Indian,Rented,13800.0,3,2,0.0,0.0,3100.0,10700.0,2200.0,No,0.0,706.0,70900.0,37300.0,Education EMI,382000.0,36,Not_Eligible,4280.0
32.0,Female,Single,Graduate,32271.0,Government,2.6,Startup,Own,0.0,1,0,0.0,0.0,3700.0,7700.0,3100.0,Yes,4600.0,659.0,109300.0,25000.0,Vehicle EMI,602000.0,19,Not_Eligible,4655.0
27.0,Female,Single,Graduate,35400.0,Private,0.9,Small,Rented,7600.0,2,1,14900.0,0.0,3700.0,9700.0,4000.0,Yes,8300.0,582.0,258200.0,150600.0,Home Appliances EMI,288000.0,22,Not_Eligible,500.0
32.0,female,Single,High School,16000.0,Government,5.9,Mid-size,Rented,3800.0,2,1,12900.0,7800.0,1500.0,4600.0,1400.0,No,0.0,850.0,28200.0,16000.0,E-commerce Shopping EMI,70000.0,10,Not_Eligible,500.0
48.0,Female,Married,Graduate,47100.0,Private,5.4,Large Indian,Family,0.0,4,3,0.0,0.0,4300.0,7300.0,4000.0,No,0.0,696.0,261000.0,90200.0,E-commerce Shopping EMI,136000.0,15,Eligible,15750.0
32.0,Male,Married,Graduate,40500.0,Private,0.5,Large Indian,Own,0.0,3,2,8200.0,0.0,4200.0,11800.0,3600.0,No,0.0,788.0,205000.0,94500.0,E-commerce Shopping EMI,127000.0,21,Not_Eligible,6096.0
38.0,Male,Married,Post Graduate,29100.0,Private,3.0,MNC,Own,0.0,2,1,5500.0,0.0,3800.0,8400.0,3500.0,No,0.0,615.0,44300.0,16500.0,Personal Loan EMI,929000.0,14,Not_Eligible,2528.0
58.0,Female,Married,Graduate,56700.0,Government,5.3,MNC,Own,0.0,5,4,0.0,0.0,5700.0,16300.0,4900.0,Yes,15300.0,770.0,388500.0,155600.0,Vehicle EMI,1.273e+06,77,Not_Eligible,7368.9
38.0,Male,Married,Graduate,64300.0,Self-employed,7.1,Startup,Own,0.0,4,3,3800.0,0.0,4400.0,12200.0,8100.0,Yes,13000.0,761.0,359100.0,84100.0,Personal Loan EMI,607000.0,28,Not_Eligible,8618.4
38.0,Male,Married,Graduate,63000.0,Government,2.7,Mid-size,Rented,16100.0,3,2,13500.0,15900.0,3700.0,15100.0,4400.0,Yes,17300.0,733.0,158700.0,74900.0,Education EMI,492000.0,47,Not_Eligible,500.0
27.0,Female,Single,Graduate,15763.0,Private,0.7,Startup,Family,0.0,1,0,0.0,0.0,900.0,4700.0,1100.0,Yes,3700.0,610.0,122700.0,53400.0,E-commerce Shopping EMI,163000.0,22,Not_Eligible,1305.92
32.0,Female,Married,Graduate,36300.0,Government,0.5,Large Indian,Family,0.0,4,3,0.0,0.0,3700.0,9900.0,5100.0,No,0.0,706.0,97900.0,52400.0,E-commerce Shopping EMI,126000.0,9,Not_Eligible,8800.0
32.0,Male,Married,Post Graduate,112900.0,Private,7.4,Large Indian,Family,0.0,2,1,10000.0,0.0,8900.0,19600.0,15200.0,No,0.0,771.0,414400.0,101800.0,E-commerce Shopping EMI,193000.0,14,Eligible,35520.0
32.0,Female,Single,Professional,39400.0,Private,5.2,Large Indian,Rented,10200.0,3,2,13800.0,9800.0,4600.0,11500.0,6100.0,Yes,6100.0,709.0,76300.0,16000.0,Vehicle EMI,1.216e+06,22,Not_Eligible,500.0
38.0,Male,Married,Graduate,31700.0,Government,0.9,MNC,Rented,9300.0,2,1,12900.0,0.0,3600.0,8000.0,6100.0,No,0.0,729.0,63200.0,30700.0,Vehicle EMI,841000.0,40,Not_Eligible,500.0
27.0,Female,Married,Professional,64100.0,Private,0.9,Startup,Own,0.0,5,4,0.0,5400.0,3400.0,18800.0,9600.0,No,0.0,693.0,326600.0,169700.0,Vehicle EMI,104000.0,41,Eligible,10760.0
48.0,Female,Single,Graduate,36700.0,Government,7.8,Large Indian,Rented,9500.0,2,1,6200.0,23600.0,5300.0,8700.0,4800.0,Yes,5400.0,723.0,151600.0,60400.0,Vehicle EMI,315000.0,70,Not_Eligible,500.0
38.0,Female,Married,Post Graduate,81600.0,Private,0.6,Mid-size,Rented,27100.0,2,1,0.0,21900.0,6400.0,21200.0,11400.0,No,0.0,699.0,440900.0,,Vehicle EMI,934000.0,71,Not_Eligible,500.0
38.0,Male,Married,Graduate,29300.0,Self-employed,3.4,Large Indian,Own,0.0,3,2,2900.0,0.0,3600.0,6700.0,3300.0,No,0.0,775.0,36400.0,20400.0,E-commerce Shopping EMI,193000.0,15,Not_Eligible,5529.6
38.0,Female,Married,Post Graduate,74000.0,Government,5.3,Large Indian,Rented,25400.0,2,1,2900.0,19200.0,4000.0,19700.0,4300.0,Yes,12900.0,791.0,171200.0,102300.0,Vehicle EMI,813000.0,42,Not_Eligible,500.0
38.0,Male,Married,Post Graduate,92200.0,Private,3.4,Large Indian,Own,0.0,2,1,0.0,0.0,10800.0,22500.0,8800.0,Yes,11000.0,677.0,197700.0,80300.0,Home Appliances EMI,241000.0,8,Not_Eligible,13685.0
32.0,Male,Married,Professional,97200.0,Government,10.0,Mid-size,Rented,22300.0,4,3,3800.0,0.0,13600.0,20400.0,14000.0,No,0.0,731.0,510800.0,145100.0,Personal Loan EMI,768000.0,30,Not_Eligible,12705.0
32.0,Male,Married,Post Graduate,28400.0,Government,2.2,Large Indian,Own,0.0,2,1,0.0,24500.0,4200.0,6700.0,2400.0,Yes,7400.0,759.0,105400.0,55200.0,Home Appliances EMI,197000.0,14,Not_Eligible,500.0
32.0,Male,Married,Post Graduate,39600.0,Government,2.4,Mid-size,Own,0.0,4,3,0.0,0.0,5800.0,8400.0,6200.0,No,0.0,761.0,254200.0,97500.0,Vehicle EMI,196000.0,53,Eligible,12672.0
32.0,Male,Married,High School,23000.0,Private,2.6,Startup,Family,0.0,4,3,0.0,15700.0,2900.0,6000.0,2900.0,No,0.0,617.0,70100.0,38100.0,Education EMI,57000.0,30,Not_Eligible,500.0
38.0,Male,Married,Graduate,68800.0,Private,0.5,Mid-size,Own,0.0,3,2,9800.0,0.0,5200.0,15400.0,11400.0,No,0.0,695.0,189200.0,58900.0,Home Appliances EMI,36000.0,11,Eligible,10800.0
27.0,Male,Single,Graduate,78500.0,Private,0.8,Mid-size,Own,0.0,2,1,13000.0,0.0,5000.0,21300.0,4400.0,No,0.0,660.0,180500.0,55000.0,Personal Loan EMI,99000.0,37,Eligible,13920.0
32.0,Female,Married,High School,51500.0,Private,10.0,Mid-size,Family,0.0,3,2,11700.0,11300.0,5200.0,9800.0,7600.0,No,0.0,738.0,230900.0,87500.0,Education EMI,496000.0,14,Not_Eligible,2950.0
58.0,Male,Married,Post Graduate,109100.0,Self-employed,3.5,Mid-size,Rented,20500.0,3,2,3500.0,0.0,11500.0,20000.0,5600.0,No,0.0,769.0,719900.0,238500.0,Personal Loan EMI,967000.0,51,High_Risk,28512.0
27.0,Male,Single,High School,22600.0,Private,2.6,Large Indian,Rented,4300.0,1,0,0.0,0.0,2900.0,4900.0,2500.0,No,0.0,651.0,155000.0,66000.0,Personal Loan EMI,223000.0,18,Not_Eligible,4400.0
27.0,Male,Single,Post Graduate,51600.0,Private,0.5,Large Indian,Rented,13900.0,2,1,4700.0,19200.0,5800.0,12300.0,8900.0,No,0.0,616.0,217100.0,107700.0,E-commerce Shopping EMI,127000.0,16,Not_Eligible,500.0
38.0,Female,Married,Post Graduate,91800.0,Private,16.0,Mid-size,Own,0.0,3,2,0.0,0.0,11400.0,15400.0,16800.0,No,0.0,805.0,325600.0,110000.0,E-commerce Shopping EMI,199000.0,16,Eligible,28920.0
48.0,Male,Single,Graduate,31500.0,Private,6.5,Large Indian,Family,0.0,2,1,11900.0,0.0,4600.0,8200.0,2700.0,Yes,7700.0,594.0,181400.0,102000.0,Home Appliances EMI,209000.0,21,Not_Eligible,500.0
58.0,Male,Married,Post Graduate,63000.0,Government,10.2,MNC,Own,0.0,3,2,0.0,0.0,3600.0,10500.0,7600.0,No,0.0,850.0,78500.0,16700.0,Education EMI,454000.0,9,Not_Eligible,21806.4
32.0,Male,Single,Post Graduate,402355.0,Self-employed,2.9,Large Indian,Rented,4600.0,2,1,0.0,22900.0,1900.0,5800.0,4600.0,Yes,5800.0,777.0,151000.0,50900.0,Vehicle EMI,1.167e+06,44,Not_Eligible,500.0
48.0,Female,Single,Graduate,28300.0,Private,9.6,Small,Rented,9200.0,2,1,9800.0,24900.0,2800.0,6500.0,5000.0,No,0.0,759.0,187500.0,79400.0,Personal Loan EMI,533000.0,40,Not_Eligible,500.0
58.0,Male,Married,Professional,22500.0,Government,8.4,Mid-size,Own,0.0,4,3,0.0,0.0,2200.0,6500.0,3000.0,No,0.0,814.0,175100.0,39700.0,E-commerce Shopping EMI,128000.0,13,Not_Eligible,7840.8
38.0,Male,Married,Graduate,75500.0,Self-employed,7.7,Large Indian,Rented,15600.0,5,4,0.0,9700.0,7500.0,19600.0,9700.0,Yes,16800.0,739.0,273400.0,121700.0,Home Appliances EMI,213000.0,9,Not_Eligible,500.0
38.0,Male,Married,High School,12000.0,Self-employed,1.7,Large Indian,Rented,3100.0,3,2,11800.0,6700.0,1400.0,1900.0,1000.0,No,0.0,630.0,23400.0,9900.0,Education EMI,443000.0,40,Not_Eligible,500.0
48.0,Male,Married,Professional,27100.0,Private,5.2,Large Indian,Family,0.0,3,2,0.0,10300.0,3700.0,5000.0,3700.0,Yes,5300.0,675.0,186000.0,54900.0,Vehicle EMI,105000.0,45,Not_Eligible,500.0
38.0,Male,Married,Post Graduate,44500.0,Private,0.7,Startup,Rented,11900.0,3,2,6500.0,0.0,3600.0,11400.0,5500.0,No,0.0,675.0,97200.0,38300.0,Home Appliances EMI,283000.0,13,Not_Eligible,2240.0
48.0,Male,Married,Graduate,20900.0,Government,13.7,Mid-size,Own,0.0,3,2,0.0,9700.0,2700.0,5900.0,3500.0,No,0.0,783.0,113400.0,62800.0,E-commerce Shopping EMI,164000.0,11,Not_Eligible,500.0
48.0,Male,Married,Post Graduate,69100.0,Self-employed,4.4,Mid-size,Own,0.0,3,2,0.0,0.0,8600.0,10600.0,11000.0,No,0.0,671.0,433200.0,258900.0,Personal Loan EMI,830000.0,31,Not_Eligible,19255.5
48.0,Male,Married,Post Graduate,57200.0,Private,1.2,Startup,Own,0.0,4,3,9600.0,11300.0,3900.0,16300.0,8700.0,No,0.0,715.0,39600.0,12100.0,Education EMI,67000.0,14,Not_Eligible,2960.0
38.0,Female,Married,Professional,8620.0,Private,16.0,MNC,Rented,18800.0,4,3,12200.0,0.0,5000.0,23200.0,12900.0,Yes,11700.0,689.0,364500.0,105000.0,Personal Loan EMI,737000.0,44,Not_Eligible,805.0
32.0,Male,Single,Professional,118600.0,Private,4.3,Startup,Rented,36800.0,3,2,0.0,0.0,11400.0,20600.0,15000.0,Yes,32500.0,662.0,381400.0,148800.0,Home Appliances EMI,237000.0,16,Not_Eligible,805.0
32.0,Female,Married,Professional,33700.0,Private,1.9,Large Indian,Own,0.0,3,2,0.0,0.0,3700.0,7800.0,3600.0,No,0.0,664.0,49200.0,14500.0,Vehicle EMI,1.407e+06,35,Not_Eligible,7440.0
27.0,Male,Single,Post Graduate,40900.0,Private,0.5,Mid-size,Own,0.0,2,1,7100.0,0.0,5400.0,7900.0,5300.0,No,0.0,588.0,181200.0,56400.0,Vehicle EMI,762000.0,71,Not_Eligible,4864.0
32.0,Male,Married,Post Graduate,118400.0,Private,4.7,MNC,Rented,22300.0,2,1,14800.0,0.0,15200.0,27200.0,14200.0,Yes,23500.0,613.0,113300.0,36800.0,E-commerce Shopping EMI,25000.0,7,Not_Eligible,500.0
32.0,Female,Married,Post Graduate,26000.0,Self-employed,1.5,Mid-size,Rented,4400.0,3,2,9100.0,0.0,2600.0,7700.0,2500.0,Yes,7600.0,712.0,51700.0,23600.0,Education EMI,174000.0,18,Not_Eligible,500.0
38.0,Female,Married,High School,31800.0,Private,3.1,Large Indian,Rented,10300.0,5,4,8500.0,0.0,2100.0,5900.0,4700.0,No,0.0,720.0,39000.0,21400.0,E-commerce Shopping EMI,74000.0,11,Not_Eligible,500.0
32.0,Male,Married,Graduate,67400.0,Private,0.5,Startup,Rented,20400.0,5,4,0.0,0.0,5200.0,15800.0,13300.0,Yes,19200.0,708.0,133900.0,59000.0,Vehicle EMI,147000.0,39,Not_Eligible,500.0
32.0,Male,Married,Professional,71100.0,Self-employed,2.0,Mid-size,Family,0.0,4,3,8700.0,0.0,5100.0,12400.0,11500.0,Yes,9700.0,690.0,300300.0,114600.0,Education EMI,475000.0,17,Not_Eligible,7465.5
58.0,Male,Single,High School,27700.0,Private,0.5,Large Indian,Rented,5800.0,2,1,5700.0,11900.0,2100.0,6800.0,5200.0,Yes,8300.0,737.0,28300.0,16400.0,Home Appliances EMI,233000.0,13,Not_Eligible,500.0
32.0,Male,Single,Graduate,34300.0,Private,0.5,Large Indian,Rented,6300.0,2,1,3200.0,0.0,3400.0,10200.0,5800.0,No,0.0,712.0,247200.0,58100.0,Personal Loan EMI,667000.0,17,Not_Eligible,2376.0
38.0,Male,Married,Post Graduate,42200.0,Private,0.5,Startup,Own,0.0,3,2,7000.0,22400.0,5600.0,11800.0,5800.0,No,0.0,609.0,289200.0,90800.0,Personal Loan EMI,891000.0,52,Not_Eligible,500.0
48.0,Male,Married,Post Graduate,96500.0,Government,26.0,Large Indian,Rented,28200.0,3,2,0.0,0.0,9800.0,27300.0,10300.0,No,0.0,,122900.0,58800.0,Personal Loan EMI,927000.0,52,Not_Eligible,11035.2
48.0,Male,Married,Professional,80200.0,Private,19.9,Mid-size,Rented,23100.0,2,1,0.0,0.0,6800.0,14600.0,16000.0,No,0.0,837.0,531000.0,140600.0,E-commerce Shopping EMI,27000.0,10,Eligible,13002.0
48.0,Female,Married,High School,33900.0,Private,5.2,Mid-size,Rented,9200.0,2,1,0.0,0.0,4300.0,9100.0,3400.0,No,0.0,663.0,116500.0,65500.0,Personal Loan EMI,921000.0,38,Not_Eligible,3950.0
32.0,Female,Single,Graduate,88800.0,Private,1.8,Mid-size,Own,0.0,1,0,0.0,0.0,12500.0,19800.0,15700.0,No,0.0,,223800.0,69500.0,Vehicle EMI,1.021e+06,25,Not_Eligible,20400.0
38.0,Male,Married,Graduate,26000.0,Private,0.5,Mid-size,Rented,4900.0,2,1,6800.0,12400.0,3100.0,6900.0,3000.0,No,0.0,698.0,173400.0,44800.0,Vehicle EMI,896000.0,82,Not_Eligible,500.0
48.0,Female,Married,High School,61000.0,Private,1.3,MNC,Own,0.0,5,4,0.0,0.0,4000.0,12700.0,8100.0,Yes,6400.0,695.0,242300.0,95200.0,Vehicle EMI,562000.0,73,High_Risk,10430.0
58.0,Male,Married,High School,31100.0,Private,1.2,Mid-size,Own,0.0,4,3,14900.0,0.0,4000.0,8300.0,3500.0,No,0.0,714.0,230600.0,104800.0,E-commerce Shopping EMI,185000.0,10,Not_Eligible,500.0
38.0,Male,Married,High School,14400.0,Private,3.5,Large Indian,Family,0.0,4,3,0.0,0.0,2000.0,2300.0,2000.0,No,0.0,824.0,86600.0,51200.0,Personal Loan EMI,278000.0,29,Not_Eligible,5346.0
38.0,Female,Married,Post Graduate,128300.0,Government,3.5,MNC,Family,0.0,2,1,6000.0,0.0,16700.0,26700.0,7400.0,No,0.0,735.0,710000.0,373200.0,E-commerce Shopping EMI,86000.0,24,Eligible,39325.0
58.0,Male,Married,High School,40000.0,Private,7.5,Startup,Family,0.0,2,1,0.0,0.0,2300.0,8000.0,7400.0,No,0.0,678.0,281700.0,117900.0,Home Appliances EMI,278000.0,20,Not_Eligible,12265.0
32.0,Male,Married,Graduate,81300.0,Private,5.6,MNC,Own,0.0,4,3,6300.0,0.0,11900.0,19700.0,7600.0,No,0.0,836.0,606300.0,204900.0,Education EMI,456000.0,22,High_Risk,23628.0
32.0,Male,Married,Graduate,35700.0,Private,6.4,Mid-size,Family,0.0,3,2,0.0,20900.0,3600.0,7800.0,6500.0,No,0.0,770.0,29000.0,6200.0,Vehicle EMI,1.07e+06,19,Not_Eligible,500.0
38.0,Female,Married,Post Graduate,74300.0,Private,4.0,Startup,Own,0.0,5,4,8900.0,18300.0,5600.0,11800.0,4300.0,No,0.0,695.0,160700.0,47200.0,Personal Loan EMI,149000.0,53,Eligible,12700.0
58.0,Male,Married,Post Graduate,137000.0,Government,9.9,Large Indian,Rented,34600.0,3,2,3800.0,0.0,10500.0,32300.0,23400.0,Yes,22400.0,792.0,74600.0,38200.0,Personal Loan EMI,266000.0,46,Not_Eligible,3696.0
58.0,Male,Married,Post Graduate,5624.0,Private,6.7,Large Indian,Family,0.0,3,2,12200.0,18600.0,6100.0,10900.0,6400.0,Yes,9900.0,705.0,284200.0,87700.0,Vehicle EMI,207000.0,72,Not_Eligible,500.0
27.0,Female,Single,Graduate,18800.0,Private,1.1,Mid-size,Rented,4600.0,2,1,0.0,0.0,2100.0,5400.0,3000.0,Yes,2300.0,714.0,40000.0,22500.0,Personal Loan EMI,809000.0,54,Not_Eligible,500.0
48.0,Male,Married,Graduate,55900.0,Government,12.2,Large Indian,Own,0.0,4,3,2500.0,8800.0,5400.0,12200.0,3900.0,Yes,10000.0,792.0,420500.0,142200.0,Home Appliances EMI,115000.0,28,Eligible,6657.42
48.0,Male,Married,Post Graduate,24500.0,Private,9.7,Small,Rented,3800.0,2,1,14100.0,0.0,1300.0,5300.0,3600.0,No,0.0,674.0,157600.0,51000.0,E-commerce Shopping EMI,98000.0,9,Not_Eligible,500.0
38.0,Male,Married,High School,27300.0,Private,5.2,Large Indian,Own,0.0,2,1,11900.0,0.0,2100.0,8000.0,2100.0,Yes,5600.0,726.0,107600.0,22800.0,Home Appliances EMI,112000.0,24,Not_Eligible,500.0
58.0,Male,Married,Graduate,29000.0,Private,6.0,Mid-size,Own,0.0,4,3,12300.0,0.0,4100.0,4600.0,2600.0,Yes,5100.0,784.0,177700.0,95700.0,Personal Loan EMI,699000.0,56,Not_Eligible,500.0
32.0,Female,Married,Post Graduate,103800.0,Government,3.4,Startup,Own,0.0,3,2,3000.0,0.0,5900.0,17000.0,6600.0,Yes,31000.0,727.0,765900.0,394400.0,Education EMI,272000.0,18,High_Risk,17067.05
27.0,Female,Single,Post Graduate,100200.0,Private,3.2,Mid-size,Own,0.0,3,2,0.0,0.0,11200.0,29700.0,19900.0,No,0.0,840.0,76700.0,43100.0,Home Appliances EMI,127000.0,27,Eligible,18912.0
39.0,Female,Single,Post Graduate,39567.0,Private,0.5,Large Indian,Rented,11300.0,1,0,0.0,0.0,3100.0,11100.0,6600.0,Yes,5100.0,672.0,212600.0,112800.0,Personal Loan EMI,392000.0,22,Not_Eligible,500.0
48.0,Male,Married,Graduate,43100.0,Private,3.6,Mid-size,Own,0.0,3,2,11500.0,0.0,2800.0,10600.0,3300.0,Yes,8800.0,999.0,137800.0,42700.0,Education EMI,226000.0,44,Not_Eligible,1708.0
38.0,Female,Married,Graduate,22500.0,Self-employed,4.2,Large Indian,Family,0.0,3,2,13200.0,0.0,2100.0,6500.0,1500.0,No,0.0,649.0,15200.0,8000.0,Education EMI,205000.0,26,Not_Eligible,500.0
48.0,Male,Single,Graduate,58600.0,Self-employed,13.2,Large Indian,Family,0.0,3,2,0.0,0.0,8300.0,16600.0,3800.0,Yes,12800.0,768.0,319500.0,119000.0,Home Appliances EMI,200000.0,34,Not_Eligible,6463.8
38.0,Male,Married,Graduate,51500.0,Government,2.9,Mid-size,Family,0.0,4,3,8500.0,0.0,2900.0,8400.0,8300.0,No,0.0,850.0,387000.0,142600.0,Home Appliances EMI,260000.0,18,Not_Eligible,15444.0
58.0,Female,Married,Graduate,68500.0,Private,6.8,Mid-size,Family,0.0,3,2,8600.0,0.0,4600.0,12300.0,9900.0,No,0.0,685.0,342400.0,118100.0,Home Appliances EMI,74000.0,12,Eligible,16550.0
38.0,Male,Married,Graduate,46400.0,Private,5.3,MNC,Rented,7400.0,3,2,6300.0,0.0,6000.0,13800.0,6300.0,No,0.0,717.0,58200.0,14200.0,Education EMI,365000.0,10,Not_Eligible,2640.0
32.0,M,Single,Post Graduate,80500.0,Private,4.2,MNC,Rented,17700.0,1,0,0.0,0.0,7200.0,13200.0,5300.0,No,0.0,757.0,335300.0,156700.0,Personal Loan EMI,891000.0,49,Not_Eligible,22260.0
38.0,Female,Married,Post Graduate,54100.0,Private,16.0,Startup,Family,0.0,4,3,0.0,8400.0,2800.0,10600.0,5300.0,Yes,11100.0,628.0,212600.0,92800.0,Vehicle EMI,795000.0,30,Not_Eligible,4452.0
32.0,Male,Married,High School,43100.0,Private,1.7,Mid-size,Own,0.0,3,2,9100.0,18000.0,4300.0,7600.0,7800.0,No,0.0,626.0,253800.0,122000.0,E-commerce Shopping EMI,100000.0,5,Not_Eligible,500.0
48.0,Female,Married,Post Graduate,59300.0,Self-employed,1.8,Large Indian,Own,0.0,2,1,0.0,0.0,4900.0,11400.0,7700.0,No,0.0,772.0,366600.0,181100.0,Education EMI,386000.0,33,Eligible,20968.2
32.0,Male,Married,Professional,44300.0,Self-employed,3.6,Large Indian,Family,0.0,3,2,0.0,16800.0,3700.0,10200.0,4100.0,No,0.0,708.0,141200.0,53200.0,Home Appliances EMI,274000.0,32,Not_Eligible,4275.0
38.0,Female,Single,Post Graduate,95500.0,Private,2.3,Mid-size,Family,0.0,1,0,0.0,0.0,8400.0,17600.0,16700.0,Yes,26600.0,639.0,541400.0,152100.0,Personal Loan EMI,365000.0,23,Not_Eligible,7336.0
38.0,Male,Married,Graduate,40900.0,Government,4.2,Large Indian,Rented,9300.0,5,4,5000.0,10500.0,4900.0,6500.0,6100.0,Yes,7900.0,618.0,147700.0,63800.0,E-commerce Shopping EMI,141000.0,3,Not_Eligible,500.0
32.0,Male,Married,Professional,81700.0,Government,4.4,MNC,Rented,24100.0,4,3,11000.0,0.0,10400.0,12900.0,7000.0,No,0.0,850.0,613900.0,166700.0,Personal Loan EMI,325000.0,53,Eligible,11833.8
38.0,Male,Married,Professional,106800.0,Government,3.4,MNC,Family,0.0,3,2,0.0,0.0,13100.0,30200.0,17900.0,Yes,25600.0,794.0,784400.0,194600.0,Education EMI,289000.0,23,Not_Eligible,10164.0
38.0,Female,Married,Graduate,60000.0,Government,1.1,Large Indian,Own,0.0,4,3,10100.0,0.0,7700.0,14800.0,3500.0,No,0.0,711.0,244900.0,72500.0,Education EMI,430000.0,8,Not_Eligible,11950.0
48.0,Male,Married,Graduate,47600.0,Private,3.9,Small,Family,0.0,5,4,0.0,0.0,2700.0,11400.0,5500.0,Yes,10800.0,589.0,299200.0,62300.0,Personal Loan EMI,851000.0,24,Not_Eligible,5297.6
58.0,Female,Single,Graduate,74800.0,Government,19.5,Startup,Rented,13700.0,2,1,2500.0,0.0,6800.0,22400.0,10100.0,Yes,19300.0,676.0,403100.0,135200.0,Vehicle EMI,1.452e+06,14,Not_Eligible,500.0
32.0,Female,Married,Professional,95400.0,Private,3.3,MNC,Rented,30200.0,2,1,0.0,7800.0,7600.0,20400.0,17600.0,Yes,21000.0,820.0,509700.0,131800.0,Home Appliances EMI,212000.0,34,Not_Eligible,500.0
27.0,Female,Single,Post Graduate,23400.0,Private,4.4,Startup,Rented,5000.0,3,2,0.0,0.0,3200.0,6400.0,2600.0,Yes,4000.0,780.0,182100.0,62600.0,Personal Loan EMI,55000.0,29,Not_Eligible,1016.4
58.0,Male,Married,Professional,34400.0,Government,19.7,Mid-size,Rented,11400.0,4,3,9300.0,24600.0,3000.0,7100.0,3200.0,Yes,6700.0,773.0,123900.0,51000.0,Home Appliances EMI,107000.0,26,Not_Eligible,500.0
38.0,Female,Married,Professional,44600.0,Private,0.5,Startup,Family,0.0,4,3,2100.0,0.0,5700.0,7400.0,3600.0,No,0.0,731.0,349600.0,113800.0,Personal Loan EMI,625000.0,21,Not_Eligible,11352.0
38.0,Male,Married,Graduate,74000.0,Private,16.0,MNC,Rented,11400.0,3,2,0.0,11400.0,11000.0,14200.0,8600.0,No,0.0,718.0,343000.0,141100.0,Vehicle EMI,651000.0,54,Not_Eligible,8700.0
38.0,Male,Married,Graduate,65600.0,Private,0.5,MNC,Own,0.0,3,2,0.0,15400.0,4600.0,15300.0,6600.0,No,0.0,716.0,190600.0,75600.0,Personal Loan EMI,411000.0,34,Not_Eligible,9480.0
32.0,Female,Married,Graduate,118600.0,Private,4.9,Mid-size,Family,0.0,3,2,6300.0,21600.0,14400.0,19000.0,23100.0,No,0.0,656.0,567600.0,168700.0,Personal Loan EMI,438000.0,48,Eligible,17100.0
32.0,Male,Single,Graduate,33700.0,Private,9.2,Mid-size,Family,0.0,1,0,0.0,0.0,2800.0,6100.0,2000.0,Yes,5500.0,801.0,79800.0,22700.0,Personal Loan EMI,758000.0,50,Not_Eligible,7266.0
58.0,Male,Married,Professional,65100.0,Private,4.9,Large Indian,Family,0.0,2,1,0.0,20600.0,7100.0,13700.0,8200.0,Yes,16400.0,605.0,306000.0,135300.0,Home Appliances EMI,209000.0,18,Not_Eligible,500.0
27.0,Female,Single,Graduate,91600.0,Private,0.7,Startup,Rented,22300.0,1,0,0.0,0.0,10400.0,20900.0,12500.0,No,0.0,780.0,640200.0,265800.0,Personal Loan EMI,699000.0,32,Not_Eligible,13464.0
32.0,Female,Single,High School,16000.0,Government,2.8,Mid-size,Rented,3000.0,1,0,0.0,0.0,2200.0,2700.0,1000.0,No,0.0,737.0,45200.0,20200.0,Education EMI,307000.0,8,Not_Eligible,3550.0
48.0,Male,Married,High School,31000.0,Self-employed,22.3,Mid-size,Family,0.0,3,2,13400.0,0.0,4200.0,8300.0,4700.0,Yes,9000.0,597.0,141300.0,66000.0,E-commerce Shopping EMI,53000.0,19,Not_Eligible,500.0
27.0,Female,Single,Graduate,26400.0,Private,4.2,MNC,Family,0.0,1,0,0.0,0.0,2300.0,5200.0,3000.0,Yes,4100.0,711.0,132800.0,35500.0,E-commerce Shopping EMI,162000.0,18,Not_Eligible,4130.0
27.0,Female,Married,Professional,10835.0,Self-employed,0.9,Startup,Rented,27200.0,5,4,7200.0,0.0,4400.0,16900.0,10000.0,Yes,21700.0,667.0,493200.0,293100.0,E-commerce Shopping EMI,150000.0,17,Not_Eligible,500.0
27.0,Male,Single,High School,34400.0,Government,2.2,Large Indian,Rented,9900.0,2,1,4600.0,0.0,1800.0,7000.0,4000.0,No,0.0,705.0,47500.0,21500.0,Home Appliances EMI,152000.0,36,Not_Eligible,2840.0
48.0,Female,Married,Graduate,52200.0,Private,21.1,Mid-size,Family,0.0,3,2,11600.0,0.0,7300.0,13700.0,3400.0,No,0.0,704.0,294600.0,72700.0,Personal Loan EMI,366000.0,60,Not_Eligible,8100.0
32.0,Male,Married,High School,76100.0,Private,2.3,Large Indian,Own,0.0,4,3,0.0,0.0,6300.0,20400.0,13400.0,Yes,14600.0,728.0,434400.0,94100.0,Education EMI,223000.0,19,Not_Eligible,7490.0
38.0,Male,Married,High School,43300.0,Private,4.6,MNC,Own,0.0,3,2,0.0,14600.0,6200.0,11500.0,8000.0,Yes,10200.0,711.0,133900.0,58700.0,Personal Loan EMI,767000.0,42,Not_Eligible,500.0
38.0,Male,Married,Graduate,50000.0,Private,5.8,Mid-size,Own,0.0,3,2,11400.0,5200.0,5300.0,12000.0,7800.0,No,0.0,712.0,202700.0,66800.0,Vehicle EMI,757000.0,49,Not_Eligible,4150.0
58.0,Male,Single,High School,20400.0,Private,2.6,Mid-size,Own,0.0,2,1,0.0,0.0,2900.0,5200.0,2600.0,No,0.0,639.0,150500.0,48800.0,Vehicle EMI,242000.0,69,Not_Eligible,4268.0
38.0,Male,Married,Professional,44100.0,Private,0.6,MNC,Rented,12900.0,2,1,14800.0,0.0,3000.0,6900.0,3600.0,No,0.0,711.0,30000.0,13600.0,Education EMI,446000.0,40,Not_Eligible,928.0
38.0,Female,Married,Graduate,77800.0,Government,1.9,Mid-size,Own,0.0,3,2,0.0,0.0,9600.0,15400.0,10800.0,Yes,7900.0,805.0,549900.0,156600.0,Personal Loan EMI,490000.0,29,Not_Eligible,15754.2
32.0,Female,Single,Professional,52200.0,Private,0.5,Mid-size,Own,0.0,2,1,2800.0,5900.0,3500.0,10500.0,9600.0,Yes,7500.0,549.0,273400.0,154100.0,Vehicle EMI,1.182e+06,81,Not_Eligible,1736.0
38.0,Male,Married,Professional,100400.0,Self-employed,2.1,MNC,Rented,15600.0,2,1,0.0,17800.0,8300.0,21100.0,6200.0,No,0.0,753.0,594800.0,306700.0,Home Appliances EMI,161000.0,23,Eligible,16956.0
38.0,Female,Married,Graduate,96800.0,Private,8.4,MNC,Own,0.0,4,3,0.0,0.0,12900.0,15300.0,16500.0,No,0.0,743.0,100300.0,36500.0,Education EMI,113000.0,20,Eligible,20840.0
48.0,Female,Married,Post Graduate,142100.0,Private,25.5,Startup,Own,0.0,4,3,4700.0,12400.0,17000.0,31600.0,8000.0,Yes,34200.0,718.0,548500.0,159400.0,E-commerce Shopping EMI,133000.0,6,Not_Eligible,11970.0
32.0,Male,Single,High School,22700.0,Private,0.5,Large Indian,Own,0.0,2,1,0.0,19900.0,2500.0,4000.0,3200.0,No,0.0,709.0,122900.0,39500.0,Education EMI,75000.0,29,Not_Eligible,500.0
38.0,Female,Married,Professional,81900.0,Private,3.3,MNC,Family,0.0,5,4,8900.0,0.0,7800.0,22900.0,11500.0,No,0.0,689.0,149200.0,56100.0,E-commerce Shopping EMI,118000.0,16,Eligible,12320.0
32.0,Male,Married,Post Graduate,57100.0,Private,0.8,Mid-size,Rented,8700.0,3,2,9600.0,0.0,8200.0,10600.0,6300.0,Yes,11700.0,673.0,391500.0,129400.0,Personal Loan EMI,718000.0,14,Not_Eligible,616.0
32.0,Female,Married,Graduate,51000.0,Private,1.2,Large Indian,Rented,15500.0,4,3,7500.0,0.0,5900.0,9800.0,7100.0,No,0.0,645.0,35500.0,10500.0,E-commerce Shopping EMI,178000.0,9,Not_Eligible,1664.0
38.0,Female,Married,Graduate,41100.0,Private,0.5,Mid-size,Own,0.0,4,3,7600.0,0.0,5400.0,7200.0,3800.0,No,0.0,641.0,66000.0,33500.0,Personal Loan EMI,643000.0,30,Not_Eligible,4377.6
27.0,Female,Single,Graduate,78500.0,Private,0.5,MNC,Family,0.0,2,1,0.0,0.0,4000.0,15500.0,6100.0,Yes,9100.0,668.0,59800.0,21000.0,Education EMI,309000.0,13,Not_Eligible,9811.2
27.0,Female,Married,High School,35000.0,Private,0.7,Startup,Rented,8300.0,4,3,0.0,0.0,1900.0,8800.0,5000.0,Yes,10300.0,609.0,144600.0,55300.0,Vehicle EMI,732000.0,30,Not_Eligible,500.0
32.0,Female,Single,Professional,34000.0,Government,4.7,MNC,Family,0.0,2,1,12100.0,0.0,3200.0,5400.0,2400.0,No,0.0,709.0,27100.0,14000.0,Home Appliances EMI,50000.0,12,High_Risk,4796.0
32.0,Male,Married,Graduate,21600.0,Private,0.5,MNC,Own,0.0,3,2,0.0,0.0,3000.0,4200.0,2500.0,Yes,4700.0,715.0,40000.0,8200.0,Vehicle EMI,1.048e+06,84,Not_Eligible,1612.8
58.0,Female,Married,Graduate,25500.0,Self-employed,2.8,Mid-size,Family,0.0,3,2,6400.0,0.0,3700.0,4100.0,3700.0,No,0.0,676.0,198700.0,118000.0,Vehicle EMI,449000.0,82,Not_Eligible,3762.0
27.0,Female,Single,Post Graduate,58100.0,Government,1.0,Startup,Rented,18800.0,3,2,0.0,24700.0,5200.0,9700.0,3900.0,No,0.0,668.0,314200.0,142400.0,Education EMI,251000.0,13,Not_Eligible,500.0
48.0,Female,Married,Graduate,32800.0,Private,4.8,Mid-size,Rented,8700.0,3,2,10000.0,0.0,2600.0,7600.0,3800.0,No,0.0,770.0,212300.0,121400.0,Education EMI,115000.0,9,Not_Eligible,500.0
27.0,Male,Single,Post Graduate,67800.0,Private,0.5,MNC,Own,0.0,3,2,7500.0,0.0,6200.0,15100.0,11100.0,Yes,10300.0,673.0,180700.0,39700.0,Personal Loan EMI,681000.0,38,Not_Eligible,4928.0
32.0,Male,Married,High School,44500.0,Private,4.9,Mid-size,Rented,14600.0,2,1,0.0,0.0,6000.0,9800.0,8100.0,No,0.0,724.0,139400.0,,Home Appliances EMI,193000.0,23,Not_Eligible,3000.0
48.0,Female,Single,Post Graduate,23600.0,Private,24.7,MNC,Family,0.0,3,2,0.0,16200.0,2800.0,4300.0,2000.0,No,0.0,700.0,74600.0,19600.0,Education EMI,444000.0,30,Not_Eligible,500.0
48.0,Male,Married,Graduate,59200.0,Private,1.1,Large Indian,Own,0.0,3,2,6400.0,0.0,5100.0,16900.0,3200.0,No,0.0,614.0,240900.0,71300.0,Vehicle EMI,944000.0,13,Not_Eligible,11040.0
27.0,Male,Single,Professional,82700.0,Government,5.0,MNC,Own,0.0,2,1,0.0,23000.0,6000.0,19900.0,15200.0,Yes,14200.0,721.0,205100.0,68500.0,Home Appliances EMI,197000.0,24,Not_Eligible,1694.0
58.0,Female,Married,Post Graduate,42000.0,Private,5.6,Large Indian,Rented,11900.0,4,3,5800.0,0.0,6100.0,12400.0,2500.0,Yes,10400.0,589.0,251200.0,78300.0,Home Appliances EMI,218000.0,11,Not_Eligible,500.0
48.0,Female,Single,Graduate,42200.0,Government,6.3,MNC,Rented,14400.0,1,0,0.0,0.0,4900.0,10700.0,2900.0,No,0.0,833.0,185600.0,102900.0,Vehicle EMI,608000.0,64,Not_Eligible,6138.0
48.0,Male,Married,Post Graduate,58700.0,Self-employed,6.6,MNC,Rented,14300.0,3,2,8100.0,0.0,5900.0,17500.0,9300.0,Yes,6100.0,638.0,361400.0,179100.0,Personal Loan EMI,93000.0,43,Not_Eligible,500.0
48.0,Male,Married,Post Graduate,106600.0,Private,7.1,Large Indian,Family,0.0,4,3,9400.0,12400.0,14600.0,27600.0,18100.0,No,0.0,788.0,,230100.0,Home Appliances EMI,135000.0,34,Eligible,14700.0
38.0,Female,Married,Post Graduate,46800.0,Private,16.0,Mid-size,Rented,7800.0,3,2,12700.0,8700.0,4600.0,10700.0,8200.0,No,0.0,636.0,284800.0,159100.0,E-commerce Shopping EMI,181000.0,15,Not_Eligible,500.0
48.0,Male,Married,Graduate,47400.0,Private,2.9,Startup,Own,0.0,4,3,14300.0,0.0,5200.0,10900.0,8600.0,No,0.0,748.0,319900.0,161800.0,Vehicle EMI,545000.0,18,Not_Eligible,4620.0
27.0,Male,Single,Post Graduate,47800.0,Private,2.5,Large Indian,Family,0.0,3,2,11800.0,0.0,5300.0,9700.0,9400.0,Yes,14100.0,542.0,41500.0,18200.0,Education EMI,475000.0,30,Not_Eligible,500.0
38.0,Female,Married,Post Graduate,48400.0,Private,0.5,Mid-size,Own,0.0,4,3,12100.0,0.0,6700.0,10800.0,7800.0,Yes,6500.0,682.0,386000.0,205800.0,Personal Loan EMI,416000.0,35,Not_Eligible,1386.0
38.0,Male,Single,Professional,54000.0,Private,3.2,Startup,Rented,10100.0,1,0,0.0,0.0,3400.0,11600.0,7500.0,No,0.0,639.0,233000.0,55100.0,Home Appliances EMI,155000.0,14,Not_Eligible,8560.0
27.0,Male,Single,Graduate,32200.0,Private,2.4,Small,Rented,10600.0,3,2,0.0,0.0,2500.0,8200.0,4900.0,No,0.0,691.0,223400.0,121200.0,Education EMI,130000.0,28,Not_Eligible,3300.0
38.0,Male,Married,Post Graduate,66000.0,Private,4.7,Mid-size,Own,0.0,3,2,0.0,0.0,4700.0,13600.0,7100.0,No,0.0,679.0,106500.0,23200.0,Education EMI,325000.0,7,Not_Eligible,16240.0
38.0,Male,Married,Graduate,39900.0,Private,1.7,Small,Own,0.0,4,3,10800.0,0.0,3700.0,6500.0,3100.0,No,0.0,690.0,191300.0,50500.0,E-commerce Shopping EMI,24000.0,10,Eligible,7900.0
32.0,Male,Married,Professional,70600.0,Private,10.0,Small,Rented,22600.0,3,2,0.0,8600.0,9000.0,19900.0,6400.0,Yes,19300.0,707.0,87400.0,38800.0,Vehicle EMI,815000.0,57,Not_Eligible,500.0
38.0,Female,Married,Post Graduate,79300.0,Private,1.8,Large Indian,Own,0.0,5,4,6100.0,12200.0,8800.0,20500.0,12700.0,No,0.0,652.0,255700.0,101200.0,Vehicle EMI,118000.0,19,Eligible,9500.0
27.0,Male,Married,Graduate,53100.0,Government,5.0,Mid-size,Rented,13100.0,2,1,0.0,0.0,5400.0,10400.0,4100.0,No,0.0,752.0,365000.0,108600.0,Vehicle EMI,1.062e+06,19,Not_Eligible,14592.6
32.0,Female,Married,Graduate,103000.0,Private,6.3,Large Indian,Rented,29500.0,3,2,0.0,0.0,8000.0,16200.0,18100.0,No,0.0,804.0,601600.0,208200.0,Education EMI,482000.0,21,Not_Eligible,18720.0
58.0,Male,Married,Graduate,57300.0,Government,15.3,Mid-size,Rented,11500.0,4,3,0.0,0.0,6300.0,9300.0,6800.0,No,0.0,784.0,340200.0,161300.0,Home Appliances EMI,178000.0,35,Eligible,15444.0
38.0,Female,Married,Professional,102000.0,Self-employed,6.2,Large Indian,Own,0.0,4,3,10100.0,0.0,10200.0,28300.0,17900.0,No,0.0,688.0,280300.0,117600.0,Personal Loan EMI,703000.0,50,Not_Eligible,15975.0
32.0,Female,Married,Professional,35200.0,Government,8.4,Startup,Family,0.0,4,3,7400.0,19700.0,3100.0,10000.0,2900.0,No,0.0,685.0,77900.0,30000.0,Personal Loan EMI,244000.0,39,Not_Eligible,500.0
27.0,Male,Single,Graduate,59500.0,Private,0.6,MNC,Rented,13700.0,1,0,0.0,0.0,8500.0,9100.0,7200.0,Yes,9700.0,630.0,271300.0,116400.0,Home Appliances EMI,65000.0,34,High_Risk,2531.2
32.0,Female,Married,Post Graduate,53600.0,Private,1.1,Mid-size,Own,0.0,4,3,0.0,7300.0,5600.0,8800.0,5900.0,No,0.0,688.0,312800.0,69800.0,Education EMI,293000.0,25,Not_Eligible,13000.0
48.0,Female,Married,Post Graduate,26000.0,Private,0.5,Startup,Rented,5000.0,2,1,4500.0,0.0,2000.0,4900.0,3400.0,No,0.0,671.0,205900.0,75800.0,E-commerce Shopping EMI,149000.0,13,Not_Eligible,2728.0
38.0,Female,Married,Professional,80100.0,Private,9.5,Large Indian,Rented,25100.0,3,2,6900.0,7400.0,8500.0,12500.0,10600.0,No,0.0,746.0,594500.0,290700.0,Home Appliances EMI,116000.0,13,Not_Eligible,5005.0
48.0,Female,Married,Post Graduate,74300.0,Self-employed,6.9,MNC,Own,0.0,2,1,3700.0,0.0,6200.0,12600.0,10500.0,No,0.0,609.0,176500.0,95800.0,E-commerce Shopping EMI,57000.0,4,High_Risk,14868.0
32.0,Male,Single,Graduate,48000.0,Private,2.4,Mid-size,Own,0.0,2,1,0.0,0.0,6900.0,9000.0,3000.0,No,0.0,651.0,100100.0,54800.0,Home Appliances EMI,279000.0,14,Not_Eligible,14550.0
39.0,Male,Married,Professional,78030.0,Private,0.5,MNC,Rented,25700.0,4,3,0.0,0.0,6000.0,17300.0,10800.0,Yes,18100.0,681.0,588100.0,235900.0,Home Appliances EMI,275000.0,36,Not_Eligible,554.4
48.0,Male,Married,Graduate,36000.0,Private,3.8,MNC,Family,0.0,2,1,4100.0,0.0,4400.0,7400.0,3600.0,Yes,4800.0,679.0,255100.0,101200.0,Education EMI,462000.0,27,Not_Eligible,4504.5
38.0,Male,Married,Professional,60300.0,Private,1.0,Mid-size,Rented,15500.0,2,1,0.0,24700.0,6500.0,11700.0,11700.0,Yes,16600.0,670.0,76800.0,17800.0,E-commerce Shopping EMI,96000.0,13,Not_Eligible,500.0
38.0,Male,Married,Graduate,64300.0,Private,6.7,MNC,Family,0.0,4,3,12900.0,0.0,8700.0,13800.0,11600.0,No,0.0,744.0,482100.0,196800.0,Personal Loan EMI,129000.0,58,Eligible,9515.0
58.0,Male,Married,Professional,61700.0,Private,6.8,Startup,Rented,10800.0,3,2,0.0,0.0,3800.0,11500.0,10300.0,Yes,12500.0,692.0,410800.0,216200.0,Education EMI,207000.0,32,Not_Eligible,4928.0
38.0,Male,Married,Post Graduate,69600.0,Private,4.0,MNC,Rented,15400.0,3,2,6400.0,0.0,5100.0,15100.0,7300.0,Yes,7800.0,682.0,471500.0,194500.0,E-commerce Shopping EMI,193000.0,20,Not_Eligible,4812.5
38.0,Male,Married,Graduate,15000.0,Private,11.4,Small,Family,0.0,5,4,0.0,21300.0,1400.0,4200.0,2100.0,No,0.0,664.0,98400.0,49600.0,E-commerce Shopping EMI,140000.0,11,Not_Eligible,500.0
27.0,Female,Single,Graduate,18000.0,Private,0.7,Large Indian,Rented,3700.0,1,0,0.0,0.0,2600.0,4100.0,1600.0,No,0.0,774.0,38000.0,9300.0,Home Appliances EMI,110000.0,26,Not_Eligible,2880.0
27.0,Male,Single,Post Graduate,69400.0,Private,1.8,Mid-size,Family,0.0,1,0,0.0,0.0,10000.0,20500.0,6200.0,No,0.0,733.0,62900.0,31600.0,Vehicle EMI,110000.0,61,Eligible,13080.0
32.0,Female,Married,High School,44700.0,Private,7.0,MNC,Own,0.0,3,2,0.0,0.0,5000.0,9900.0,4200.0,No,0.0,607.0,81700.0,26900.0,Vehicle EMI,565000.0,25,Not_Eligible,8192.0
38.0,Male,Married,Professional,31200.0,Private,0.5,Mid-size,Rented,6700.0,3,2,6700.0,0.0,2500.0,7500.0,5400.0,No,0.0,661.0,137000.0,66000.0,Personal Loan EMI,142000.0,48,Not_Eligible,960.0
38.0,Female,Married,Graduate,67100.0,Government,10.6,MNC,Own,0.0,3,2,0.0,19600.0,4100.0,11500.0,5200.0,Yes,18300.0,729.0,383900.0,229900.0,Education EMI,296000.0,20,Not_Eligible,3234.0
48.0,Female,Married,Graduate,22100.0,Private,3.6,Small,Rented,6200.0,4,3,8400.0,8800.0,2300.0,3500.0,2400.0,Yes,4000.0,638.0,172300.0,49300.0,Education EMI,292000.0,17,Not_Eligible,500.0
58.0,Male,Married,Graduate,42600.0,Private,2.3,Large Indian,Rented,9000.0,4,3,0.0,0.0,2200.0,7500.0,6200.0,No,0.0,619.0,306700.0,78800.0,Personal Loan EMI,364000.0,35,Not_Eligible,7788.0
38.0,Female,Married,High School,45513.0,Private,16.0,Large Indian,Own,0.0,4,3,3900.0,0.0,5500.0,10000.0,3700.0,Yes,10100.0,680.0,230600.0,103500.0,Education EMI,326000.0,47,Not_Eligible,4865.0
27.0,Male,Single,Graduate,30500.0,Private,0.8,Mid-size,Own,0.0,3,2,8800.0,0.0,2100.0,4600.0,5900.0,No,0.0,778.0,202700.0,98200.0,Vehicle EMI,415000.0,17,Not_Eligible,4804.8
38.0,Male,Married,Graduate,99700.0,Private,0.5,Mid-size,Own,0.0,2,1,0.0,0.0,6600.0,21500.0,14000.0,Yes,19000.0,743.0,632600.0,197400.0,Education EMI,67000.0,47,Eligible,11888.8
32.0,Male,Married,Graduate,78100.0,Private,0.5,Small,Rented,12300.0,4,3,3400.0,0.0,4200.0,17300.0,13000.0,Yes,15300.0,,81300.0,41500.0,Home Appliances EMI,54000.0,32,Eligible,2822.4
48.0,Female,Married,Graduate,46000.0,Private,14.2,MNC,Rented,10700.0,2,1,5700.0,5800.0,4300.0,10700.0,3200.0,Yes,5000.0,662.0,81200.0,23300.0,Education EMI,339000.0,36,Not_Eligible,500.0
58.0,Female,Married,Graduate,33000.0,Self-employed,1.3,MNC,Rented,7300.0,4,3,5900.0,0.0,4300.0,9200.0,5500.0,No,0.0,684.0,113600.0,59300.0,Education EMI,249000.0,36,Not_Eligible,500.0
48.0,Male,Married,Graduate,106000.0,Private,17.5,Large Indian,Rented,26100.0,4,3,0.0,17400.0,8400.0,18600.0,15600.0,No,0.0,740.0,257200.0,103000.0,Home Appliances EMI,189000.0,14,Not_Eligible,9950.0
48.0,Male,Married,Graduate,31400.0,Private,1.3,Large Indian,Rented,8700.0,3,2,0.0,0.0,3400.0,8600.0,6200.0,No,0.0,671.0,215600.0,84900.0,Personal Loan EMI,575000.0,36,Not_Eligible,2475.0
38.0,Male,Married,Graduate,71800.0,Private,0.5,Small,Own,0.0,5,4,0.0,0.0,4300.0,19100.0,8200.0,Yes,9600.0,642.0,491800.0,216700.0,Education EMI,245000.0,47,High_Risk,7539.84
32.0,Male,Single,Graduate,76800.0,Private,9.9,Large Indian,Family,0.0,2,1,0.0,0.0,8100.0,21000.0,5500.0,No,0.0,725.0,488400.0,238400.0,Home Appliances EMI,50000.0,19,Eligible,23210.0
38.0,Male,Single,Graduate,52800.0,Private,5.4,Startup,Family,0.0,1,0,0.0,0.0,6400.0,9000.0,6500.0,Yes,9500.0,670.0,207900.0,48400.0,Education EMI,360000.0,18,Not_Eligible,7490.0
38.0,Female,Married,Graduate,49700.0,Private,1.6,MNC,Family,0.0,4,3,0.0,0.0,7200.0,8100.0,2600.0,No,0.0,722.0,83600.0,28300.0,Personal Loan EMI,472000.0,34,Not_Eligible,12720.0
31.0,Male,Married,Graduate,28196.0,Private,1.9,Mid-size,Rented,7900.0,2,1,3000.0,0.0,2900.0,7700.0,5300.0,Yes,5700.0,674.0,101300.0,40500.0,Home Appliances EMI,294000.0,16,Not_Eligible,500.0
27.0,Male,Single,Graduate,89100.0,Self-employed,4.8,Mid-size,Own,0.0,3,2,6700.0,0.0,11900.0,23900.0,16500.0,No,0.0,739.0,508600.0,117500.0,Vehicle EMI,289000.0,60,Eligible,13545.0
38.0,Male,Married,High School,23100.0,Private,0.5,Large Indian,Own,0.0,3,2,13900.0,0.0,1700.0,3800.0,3500.0,Yes,6500.0,704.0,97800.0,37700.0,Home Appliances EMI,181000.0,30,Not_Eligible,500.0
38.0,Female,Married,High School,23500.0,Private,1.7,Mid-size,Family,0.0,4,3,0.0,17000.0,1600.0,5600.0,1300.0,No,0.0,660.0,173700.0,62600.0,Personal Loan EMI,421000.0,52,Not_Eligible,500.0
27.0,Female,Single,High School,32900.0,Private,0.5,MNC,Own,0.0,1,0,0.0,0.0,2700.0,5600.0,6300.0,No,0.0,754.0,201800.0,71000.0,E-commerce Shopping EMI,131000.0,11,Not_Eligible,9662.4
38.0,Female,Married,Professional,108400.0,Private,1.0,Small,Family,0.0,4,3,0.0,11500.0,7500.0,20700.0,12700.0,Yes,12000.0,594.0,301300.0,87400.0,Home Appliances EMI,168000.0,11,Not_Eligible,12320.0
48.0,Female,Married,Professional,111000.0,Private,13.0,MNC,Family,0.0,5,4,0.0,0.0,7600.0,28600.0,6800.0,Yes,23700.0,716.0,514000.0,301200.0,Education EMI,429000.0,25,Not_Eligible,15505.0
32.0,Male,Married,Graduate,41600.0,Private,5.2,Mid-size,Own,0.0,4,3,0.0,21200.0,3500.0,12000.0,3500.0,No,0.0,671.0,308400.0,106700.0,E-commerce Shopping EMI,56000.0,17,Not_Eligible,770.0
48.0,Female,Married,Graduate,41300.0,Private,10.5,MNC,Family,0.0,2,1,0.0,8600.0,2300.0,8900.0,6000.0,No,0.0,668.0,166200.0,63600.0,Personal Loan EMI,444000.0,49,Not_Eligible,7750.0
32.0,Female,Married,Professional,77400.0,Private,0.5,Large Indian,Rented,23500.0,3,2,14300.0,0.0,5900.0,14000.0,5100.0,No,0.0,701.0,574200.0,116700.0,E-commerce Shopping EMI,101000.0,12,Not_Eligible,6424.0
38.0,Male,Married,Graduate,42200.0,Private,3.7,MNC,Family,0.0,4,3,9100.0,0.0,3300.0,11500.0,8200.0,Yes,11000.0,678.0,158000.0,38700.0,Education EMI,116000.0,31,Not_Eligible,500.0
48.0,Female,Married,Professional,433839.0,Private,3.2,MNC,Own,0.0,4,3,2200.0,0.0,5600.0,9000.0,2400.0,No,0.0,726.0,226300.0,52200.0,Home Appliances EMI,160000.0,25,Eligible,13550.0
32.0,Male,Single,Post Graduate,54000.0,Private,0.5,Startup,Rented,15200.0,1,0,0.0,0.0,8000.0,14700.0,6300.0,Yes,15300.0,580.0,171400.0,72100.0,Personal Loan EMI,111000.0,21,Not_Eligible,500.0
38.0,Male,Single,High School,49400.0,Government,1.0,MNC,Rented,10000.0,2,1,0.0,0.0,5000.0,12700.0,9400.0,No,0.0,693.0,64000.0,25000.0,Vehicle EMI,723000.0,51,Not_Eligible,4920.0
32.0,Male,Single,High School,46600.0,Private,1.1,MNC,Own,0.0,2,1,4800.0,0.0,3500.0,7500.0,4600.0,No,0.0,740.0,365200.0,97500.0,E-commerce Shopping EMI,15000.0,13,Eligible,14410.0
32.0,Male,Married,High School,38100.0,Government,2.7,Mid-size,Rented,9600.0,2,1,0.0,19000.0,2400.0,9200.0,7000.0,Yes,4400.0,715.0,168700.0,54500.0,Home Appliances EMI,214000.0,19,Not_Eligible,500.0
48.0,Male,Married,High School,29400.0,Government,6.2,MNC,Family,5224.0,5,4,0.0,0.0,2300.0,7000.0,2300.0,Yes,4600.0,690.0,139700.0,33200.0,Education EMI,364000.0,34,Not_Eligible,5082.0
58.0,Female,Married,Professional,52600.0,Private,1.3,Mid-size,Own,12049.0,3,2,3700.0,13800.0,7300.0,8200.0,8900.0,No,0.0,685.0,124000.0,39700.0,Education EMI,478000.0,14,Not_Eligible,5350.0
32.0,Female,Married,Graduate,57800.0,Government,4.3,Large Indian,Family,0.0,5,4,13200.0,0.0,3200.0,13500.0,8900.0,No,0.0,734.0,264900.0,142000.0,Home Appliances EMI,166000.0,34,Eligible,10450.0
31.0,Female,Married,Professional,85470.0,Self-employed,2.1,Large Indian,Own,0.0,4,3,8600.0,0.0,7200.0,18300.0,10400.0,No,0.0,686.0,545500.0,301700.0,E-commerce Shopping EMI,90000.0,8,Eligible,20592.0
38.0,Male,Single,Graduate,54300.0,Private,0.5,MNC,Own,0.0,1,0,0.0,0.0,4700.0,10500.0,8400.0,No,0.0,707.0,123600.0,59900.0,Vehicle EMI,1.123e+06,18,Not_Eligible,12280.0
27.0,Female,Single,Graduate,7598.0,Private,2.2,Mid-size,Rented,10300.0,3,2,0.0,0.0,3900.0,10500.0,5200.0,Yes,7400.0,679.0,104700.0,36900.0,E-commerce Shopping EMI,40000.0,6,Not_Eligible,500.0
38.0,Female,Married,Professional,115100.0,Self-employed,0.5,Startup,Rented,29400.0,2,1,10400.0,7500.0,17100.0,28400.0,12700.0,No,0.0,777.0,384700.0,101400.0,E-commerce Shopping EMI,43000.0,8,Not_Eligible,5184.0
38.0,Male,Married,Post Graduate,57200.0,Government,5.3,MNC,Rented,13200.0,2,1,12000.0,0.0,6100.0,12300.0,3700.0,Yes,11000.0,739.0,191700.0,48900.0,Education EMI,323000.0,39,Not_Eligible,500.0
58.0,Male,Married,Graduate,102700.0,Self-employed,11.4,MNC,Own,0.0,4,3,0.0,8000.0,14900.0,17400.0,10700.0,No,0.0,742.0,506600.0,195200.0,Home Appliances EMI,167000.0,24,Eligible,23265.0
32.0,Female,Married,Graduate,39800.0,Private,0.5,Large Indian,Own,0.0,4,3,0.0,0.0,3000.0,9600.0,5200.0,Yes,4400.0,614.0,205000.0,105700.0,Vehicle EMI,672000.0,82,Not_Eligible,3942.4
32.0,Male,Married,Graduate,30600.0,Government,1.1,Large Indian,Rented,4700.0,2,1,0.0,15700.0,1700.0,6800.0,4100.0,No,0.0,659.0,21100.0,6800.0,Personal Loan EMI,55000.0,58,Not_Eligible,500.0
38.0,Female,Married,Graduate,36800.0,Private,0.7,MNC,Family,0.0,3,2,0.0,0.0,4300.0,6800.0,3500.0,No,0.0,729.0,37800.0,15300.0,Home Appliances EMI,123000.0,19,Not_Eligible,7104.0
48.0,Male,Married,Professional,53900.0,Private,2.0,Startup,Rented,16800.0,3,2,0.0,21700.0,3000.0,13800.0,10500.0,No,0.0,767.0,60300.0,31600.0,Personal Loan EMI,236000.0,20,Not_Eligible,500.0
48.0,Male,Single,Post Graduate,92300.0,Self-employed,4.1,Mid-size,Own,0.0,2,1,13000.0,10700.0,9900.0,22400.0,14800.0,No,0.0,798.0,529400.0,148000.0,Vehicle EMI,1.344e+06,33,Not_Eligible,11610.0
32.0,Male,Single,Post Graduate,49600.0,Private,3.4,Mid-size,Rented,10900.0,1,0,0.0,0.0,5800.0,8600.0,6300.0,No,0.0,695.0,74800.0,19400.0,Vehicle EMI,662000.0,63,Not_Eligible,7200.0
27.0,Female,Single,Professional,48700.0,Private,5.0,Mid-size,Rented,8600.0,1,0,0.0,0.0,4100.0,7700.0,9400.0,No,0.0,674.0,226700.0,91700.0,Personal Loan EMI,708000.0,35,Not_Eligible,9450.0
32.0,Female,Single,High School,35700.0,Private,8.0,Large Indian,Family,0.0,1,0,0.0,0.0,5300.0,8900.0,4000.0,No,0.0,672.0,136100.0,39800.0,E-commerce Shopping EMI,48000.0,7,High_Risk,8750.0
27.0,Male,Married,Post Graduate,46800.0,Private,0.5,Mid-size,Rented,16100.0,3,2,0.0,0.0,5800.0,12800.0,4300.0,Yes,6800.0,654.0,66100.0,25600.0,Personal Loan EMI,756000.0,52,Not_Eligible,500.0
32.0,Male,Married,High School,31400.0,Private,6.0,Startup,Rented,7100.0,4,3,13300.0,18000.0,2500.0,7600.0,2000.0,Yes,9100.0,633.0,142400.0,74300.0,Education EMI,376000.0,37,Not_Eligible,500.0
38.0,Female,Married,Graduate,54000.0,Private,8.0,MNC,Rented,14700.0,2,1,13700.0,0.0,6200.0,15800.0,8000.0,No,0.0,771.0,301000.0,61600.0,Home Appliances EMI,73000.0,19,Not_Eligible,500.0
38.0,Male,Married,Graduate,81200.0,Private,2.0,Startup,Rented,,3,2,10700.0,0.0,11300.0,19400.0,4300.0,No,0.0,794.0,239900.0,80000.0,E-commerce Shopping EMI,180000.0,18,High_Risk,12960.0
32.0,Male,Single,Graduate,82200.0,Private,3.1,Large Indian,Rented,18300.0,1,0,0.0,0.0,12200.0,14600.0,14400.0,Yes,21800.0,684.0,341100.0,142800.0,Education EMI,443000.0,12,Not_Eligible,500.0
27.0,Female,Single,Graduate,55200.0,Government,1.4,Mid-size,Own,0.0,1,0,0.0,0.0,5600.0,13200.0,9400.0,Yes,6400.0,736.0,409300.0,146400.0,Personal Loan EMI,208000.0,18,Not_Eligible,7931.0
48.0,Female,Married,High School,44200.0,Private,22.9,Startup,Rented,13000.0,3,2,6500.0,15100.0,3100.0,11500.0,6400.0,Yes,8200.0,1200.0,256600.0,151000.0,Vehicle EMI,279000.0,18,Not_Eligible,500.0
27.0,Female,Single,Graduate,90300.0,Private,0.5,Mid-size,Family,0.0,2,1,0.0,0.0,8200.0,26600.0,10600.0,Yes,10400.0,709.0,186900.0,60700.0,Home Appliances EMI,121000.0,31,Eligible,9660.0
32.0,Female,Single,Post Graduate,62200.0,Private,9.0,Mid-size,Rented,16800.0,2,1,11400.0,0.0,7500.0,13200.0,4200.0,No,0.0,662.0,478200.0,135000.0,Personal Loan EMI,595000.0,37,Not_Eligible,5005.0
48.0,Female,Married,Professional,47400.0,Government,9.1,Mid-size,Rented,10600.0,4,3,10200.0,17200.0,4000.0,9900.0,6000.0,No,0.0,809.0,345300.0,114200.0,Vehicle EMI,550000.0,14,Not_Eligible,500.0
32.0,Male,Married,Graduate,64100.0,Private,2.1,Large Indian,Rented,19600.0,4,3,5700.0,0.0,4100.0,18100.0,4500.0,Yes,12900.0,623.0,249100.0,112900.0,E-commerce Shopping EMI,56000.0,3,Not_Eligible,500.0
48.0,Female,Married,Post Graduate,41700.0,Private,3.3,Mid-size,Family,0.0,4,3,0.0,0.0,3400.0,8400.0,6000.0,Yes,8900.0,676.0,204600.0,79400.0,Home Appliances EMI,52000.0,15,Eligible,5250.0
27.0,Male,Single,Graduate,18000.0,Private,0.7,Small,Rented,2700.0,2,1,0.0,0.0,2600.0,4900.0,2400.0,No,0.0,0.0,43200.0,23200.0,Personal Loan EMI,61000.0,13,Not_Eligible,2160.0
58.0,Male,Married,Post Graduate,42700.0,Private,8.6,Mid-size,Own,0.0,4,3,8100.0,0.0,4300.0,7100.0,7200.0,No,0.0,819.0,293200.0,109000.0,Education EMI,354000.0,23,Not_Eligible,10560.0
38.0,Male,Married,Post Graduate,81000.0,Private,11.8,MNC,Family,8828.0,4,3,2100.0,0.0,6500.0,17700.0,9800.0,No,0.0,761.0,640300.0,268500.0,Vehicle EMI,407000.0,81,Eligible,29634.0
58.0,Male,Married,Post Graduate,123700.0,Private,9.5,Mid-size,Own,0.0,4,3,0.0,0.0,15500.0,19800.0,15600.0,Yes,25600.0,747.0,976700.0,261300.0,Home Appliances EMI,58000.0,27,Eligible,18172.0
38.0,Male,Single,Post Graduate,27000.0,Private,0.6,Startup,Own,0.0,1,0,0.0,0.0,2500.0,6800.0,3800.0,No,0.0,1200.0,85900.0,21900.0,Personal Loan EMI,245000.0,21,Not_Eligible,5560.0
32.0,Female,Single,Professional,59900.0,Self-employed,0.5,MNC,Family,0.0,2,1,0.0,0.0,6500.0,9700.0,10300.0,Yes,9900.0,787.0,86200.0,31100.0,Personal Loan EMI,823000.0,45,Not_Eligible,7106.4
38.0,Male,Married,Graduate,50900.0,Private,1.2,Large Indian,Rented,12400.0,4,3,8000.0,0.0,3000.0,14000.0,9400.0,No,0.0,574.0,383200.0,121100.0,Home Appliances EMI,74000.0,9,Not_Eligible,1804.0
27.0,Male,Single,Post Graduate,46300.0,Private,3.4,Large Indian,Rented,10900.0,2,1,0.0,14900.0,4200.0,9200.0,6900.0,Yes,9600.0,538.0,164900.0,93000.0,Personal Loan EMI,522000.0,39,Not_Eligible,500.0
38.0,Male,Married,Graduate,88700.0,Government,0.5,MNC,Own,0.0,4,3,0.0,0.0,11700.0,14000.0,5200.0,No,0.0,771.0,173900.0,60100.0,Home Appliances EMI,132000.0,8,Eligible,27744.0
38.0,Female,Married,Graduate,34700.0,Private,8.7,Large Indian,Family,0.0,2,1,0.0,6300.0,4400.0,9700.0,5600.0,No,0.0,668.0,84500.0,50100.0,Education EMI,114000.0,33,High_Risk,4350.0
27.0,Male,Single,Post Graduate,64100.0,Government,0.5,MNC,Own,0.0,2,1,10700.0,0.0,5800.0,19000.0,9800.0,Yes,18700.0,650.0,175500.0,77500.0,Education EMI,480000.0,18,Not_Eligible,500.0
38.0,Female,Married,Graduate,110500.0,Government,15.8,Large Indian,Own,0.0,3,2,0.0,0.0,6800.0,18100.0,13300.0,Yes,22000.0,756.0,346300.0,187000.0,Personal Loan EMI,320000.0,20,High_Risk,23238.6
38.0,Male,Married,Post Graduate,42800.0,Private,7.6,Mid-size,Own,0.0,4,3,0.0,0.0,6400.0,7300.0,3500.0,No,0.0,732.0,93300.0,35700.0,Home Appliances EMI,99000.0,35,Eligible,12800.0
32.0,Female,Married,Graduate,42000.0,Private,0.5,Mid-size,Rented,11500.0,3,2,0.0,13100.0,5000.0,11800.0,7200.0,No,0.0,561.0,198900.0,40700.0,Education EMI,58000.0,23,Not_Eligible,500.0
38.0,Male,Married,Professional,122100.0,Private,7.1,Large Indian,Rented,36700.0,3,2,12400.0,0.0,8000.0,23600.0,9400.0,No,0.0,695.0,763500.0,299900.0,Education EMI,139000.0,43,Eligible,17600.0
27.0,Female,Single,Post Graduate,60600.0,Private,0.7,Large Indian,Family,0.0,2,1,0.0,0.0,6500.0,13100.0,6400.0,No,0.0,,138200.0,60900.0,Personal Loan EMI,625000.0,27,Not_Eligible,16608.0
38.0,Female,Married,Graduate,39700.0,Private,1.1,Mid-size,Rented,7700.0,4,3,6900.0,0.0,2500.0,9700.0,5100.0,Yes,9500.0,737.0,30200.0,11300.0,Education EMI,234000.0,17,Not_Eligible,500.0
32.0,Female,Married,Graduate,37000.0,Private,2.4,Large Indian,Own,0.0,3,2,13600.0,7100.0,4100.0,6400.0,3100.0,No,0.0,700.0,79500.0,26100.0,Home Appliances EMI,225000.0,8,Not_Eligible,1350.0
48.0,Female,Married,Graduate,22000.0,Private,11.9,Startup,Rented,6400.0,4,3,12800.0,0.0,2500.0,3700.0,1900.0,No,0.0,648.0,17600.0,3700.0,Home Appliances EMI,285000.0,13,Not_Eligible,500.0
32.0,Male,Married,Post Graduate,103500.0,Government,4.5,Startup,Family,0.0,4,3,11100.0,8100.0,12800.0,29500.0,18700.0,Yes,30500.0,699.0,609300.0,352300.0,Vehicle EMI,437000.0,66,Not_Eligible,500.0
27.0,Male,Single,Professional,47500.0,Private,1.1,Large Indian,Rented,16100.0,2,1,14800.0,0.0,2900.0,13300.0,9400.0,No,0.0,999.0,117200.0,58300.0,E-commerce Shopping EMI,139000.0,4,Not_Eligible,500.0
27.0,Male,Single,High School,33100.0,Private,1.3,Large Indian,Family,0.0,1,0,0.0,0.0,3300.0,7200.0,3600.0,No,0.0,753.0,215500.0,46900.0,E-commerce Shopping EMI,114000.0,23,Eligible,12540.0
48.0,Female,Married,High School,76600.0,Private,5.6,MNC,Rented,19000.0,3,2,0.0,5300.0,11200.0,18000.0,9200.0,No,0.0,767.0,227800.0,88000.0,Education EMI,389000.0,33,Not_Eligible,8340.0
38.0,Female,Married,Graduate,23700.0,Private,1.5,Mid-size,Own,0.0,5,4,8300.0,0.0,1700.0,3900.0,1800.0,Yes,4200.0,611.0,27900.0,13100.0,Personal Loan EMI,113000.0,31,Not_Eligible,851.2
58.0,Male,Married,Graduate,22500.0,Private,1.4,Large Indian,Family,0.0,4,3,0.0,0.0,2800.0,3500.0,4100.0,Yes,3600.0,702.0,93900.0,27800.0,Education EMI,311000.0,47,Not_Eligible,2975.0
32.0,Female,Single,Graduate,24500.0,Private,1.6,Mid-size,Family,0.0,2,1,6400.0,0.0,2200.0,4500.0,4700.0,No,0.0,745.0,,18100.0,Personal Loan EMI,282000.0,14,Not_Eligible,3350.0
38.0,Male,Married,Post Graduate,26300.0,Private,16.0,MNC,Own,0.0,2,1,0.0,0.0,2600.0,6200.0,2100.0,No,0.0,688.0,28400.0,9000.0,Education EMI,470000.0,17,Not_Eligible,6160.0
32.0,Female,Married,High School,28700.0,Private,0.5,Large Indian,Own,0.0,2,1,3900.0,0.0,4100.0,5700.0,3200.0,Yes,3600.0,634.0,22700.0,11400.0,Vehicle EMI,1.46e+06,69,Not_Eligible,1469.44
27.0,Male,Single,Post Graduate,48100.0,Self-employed,1.5,Large Indian,Own,0.0,2,1,9800.0,0.0,4600.0,14300.0,4600.0,No,0.0,641.0,261700.0,99200.0,Home Appliances EMI,120000.0,15,Not_Eligible,5328.0
32.0,Female,Married,Graduate,42800.0,Self-employed,6.6,Startup,Rented,12900.0,4,3,13800.0,19100.0,4500.0,8300.0,6500.0,Yes,11500.0,655.0,275000.0,73500.0,Home Appliances EMI,156000.0,14,Not_Eligible,500.0
38.0,Female,Married,Graduate,40000.0,Private,0.6,Mid-size,Rented,11700.0,4,3,10300.0,0.0,5700.0,7600.0,6800.0,Yes,11600.0,593.0,316800.0,83500.0,Vehicle EMI,863000.0,21,Not_Eligible,500.0
27.0,Female,Single,Graduate,47000.0,Private,2.7,MNC,Family,0.0,2,1,10700.0,0.0,3800.0,9400.0,4400.0,No,0.0,719.0,48600.0,14000.0,E-commerce Shopping EMI,185000.0,21,Not_Eligible,7480.0
48.0,Female,Married,Graduate,37100.0,Private,3.7,MNC,Own,0.0,3,2,8500.0,0.0,5100.0,8300.0,4400.0,Yes,3900.0,622.0,179800.0,75600.0,Education EMI,168000.0,36,Not_Eligible,1932.0
32.0,Male,Married,Graduate,73300.0,Government,1.3,Startup,Rented,20100.0,3,2,5400.0,0.0,8900.0,11000.0,12800.0,No,0.0,729.0,494200.0,145900.0,Home Appliances EMI,200000.0,6,Not_Eligible,8305.0
38.0,Male,Married,Professional,81700.0,Self-employed,1.3,Large Indian,Own,0.0,4,3,7300.0,8700.0,5900.0,20800.0,11700.0,Yes,8600.0,596.0,435100.0,114400.0,E-commerce Shopping EMI,16000.0,19,Eligible,4712.4
32.0,Male,Married,Post Graduate,34800.0,Private,7.2,MNC,Family,0.0,4,3,13300.0,0.0,4800.0,7200.0,6200.0,No,0.0,810.0,38200.0,12900.0,Personal Loan EMI,469000.0,60,Not_Eligible,1584.0
27.0,Male,Single,Post Graduate,26000.0,Private,0.5,MNC,Own,0.0,2,1,4800.0,21700.0,3100.0,7700.0,2000.0,Yes,7200.0,639.0,125900.0,50900.0,Education EMI,237000.0,32,Not_Eligible,500.0
38.0,Female,Married,Graduate,51200.0,Private,0.5,Startup,Rented,17200.0,4,3,0.0,9700.0,5200.0,9000.0,4900.0,Yes,6800.0,592.0,104400.0,53800.0,E-commerce Shopping EMI,42000.0,23,Not_Eligible,500.0
48.0,Female,Married,Post Graduate,32400.0,Government,3.0,MNC,Rented,7500.0,3,2,0.0,6600.0,2000.0,7400.0,6500.0,Yes,4400.0,679.0,25000.0,13200.0,E-commerce Shopping EMI,132000.0,17,Not_Eligible,500.0
58.0,Male,Married,Graduate,64900.0,Government,6.9,MNC,Own,0.0,5,4,2100.0,0.0,8400.0,18400.0,4800.0,No,0.0,758.0,145800.0,53700.0,Vehicle EMI,1.07e+06,22,Not_Eligible,20592.0
27.0,Female,Single,Graduate,78400.0,Private,5.0,Startup,Family,0.0,3,2,0.0,0.0,11700.0,22800.0,10000.0,Yes,10200.0,459.0,451300.0,258300.0,Education EMI,152000.0,22,Not_Eligible,4147.5
38.0,Male,Married,High School,32800.0,Private,1.1,Large Indian,Rented,5400.0,3,2,5000.0,0.0,4600.0,8400.0,3300.0,Yes,6600.0,712.0,236900.0,63700.0,Personal Loan EMI,763000.0,60,Not_Eligible,500.0
48.0,Male,Single,Graduate,27600.0,Private,1.0,Startup,Own,0.0,1,0,0.0,0.0,3100.0,8000.0,4800.0,Yes,7000.0,660.0,88800.0,42900.0,E-commerce Shopping EMI,43000.0,6,Not_Eligible,1645.0
38.0,Female,Married,Graduate,78500.0,Self-employed,0.5,Mid-size,Own,0.0,4,3,3900.0,0.0,9200.0,14700.0,6900.0,No,0.0,702.0,304100.0,182300.0,Education EMI,419000.0,21,Not_Eligible,19710.0
48.0,Male,Married,Graduate,43800.0,Private,17.3,Mid-size,Rented,11400.0,3,2,8100.0,0.0,5000.0,9800.0,6500.0,No,0.0,793.0,33000.0,15700.0,Vehicle EMI,1.193e+06,73,Not_Eligible,1440.0
32.0,Male,Married,Graduate,57500.0,Self-employed,10.0,Large Indian,Own,0.0,2,1,13300.0,19700.0,6300.0,14900.0,10200.0,Yes,10800.0,729.0,288000.0,130100.0,E-commerce Shopping EMI,89000.0,3,Not_Eligible,500.0
32.0,Female,Married,Graduate,24500.0,Private,0.7,Mid-size,Family,0.0,3,2,0.0,0.0,3600.0,5800.0,3500.0,Yes,7200.0,736.0,89300.0,47800.0,Education EMI,72000.0,35,Not_Eligible,1232.0
27.0,Male,Single,Post Graduate,26500.0,Self-employed,1.0,Mid-size,Own,0.0,2,1,0.0,0.0,2000.0,7600.0,4400.0,Yes,6200.0,694.0,181000.0,101300.0,Personal Loan EMI,503000.0,57,Not_Eligible,2182.95
38.0,Male,Married,Professional,83200.0,Private,9.5,MNC,Own,0.0,2,1,7700.0,10200.0,5800.0,24200.0,4200.0,No,0.0,788.0,479900.0,225400.0,Education EMI,215000.0,17,Eligible,18660.0
38.0,Male,Married,Graduate,79900.0,Self-employed,16.0,MNC,Rented,24000.0,3,2,12700.0,0.0,6600.0,21300.0,10800.0,No,0.0,666.0,198300.0,69400.0,E-commerce Shopping EMI,174000.0,14,Not_Eligible,2025.0
27.0,Male,Single,Professional,117400.0,Government,2.2,Large Indian,Family,0.0,2,1,7100.0,0.0,10800.0,28500.0,7600.0,No,0.0,999.0,429700.0,202200.0,Education EMI,398000.0,39,Eligible,31700.0
58.0,Female,Married,Graduate,45300.0,Private,23.6,Large Indian,Own,0.0,3,2,0.0,0.0,2500.0,12000.0,8200.0,No,0.0,682.0,307000.0,138400.0,Vehicle EMI,1.448e+06,36,Not_Eligible,12430.0
27.0,Male,Single,Graduate,45100.0,Government,4.9,Mid-size,Rented,8400.0,3,2,13400.0,15500.0,3300.0,10200.0,5900.0,Yes,11500.0,686.0,317600.0,135000.0,E-commerce Shopping EMI,38000.0,20,Not_Eligible,500.0
32.0,Male,Married,Graduate,54000.0,Private,10.0,Mid-size,Rented,16000.0,5,4,2200.0,0.0,4000.0,8700.0,8200.0,Yes,16000.0,652.0,89300.0,30700.0,E-commerce Shopping EMI,12000.0,10,Not_Eligible,500.0
32.0,Male,Married,Post Graduate,79800.0,Private,2.5,MNC,Rented,23900.0,3,2,6100.0,0.0,6600.0,17300.0,6300.0,Yes,19000.0,678.0,104400.0,24100.0,Personal Loan EMI,822000.0,29,Not_Eligible,500.0
38.0,Male,Married,Post Graduate,105800.0,Private,2.7,Mid-size,Family,0.0,3,2,9600.0,0.0,12400.0,21800.0,11100.0,No,0.0,584.0,77900.0,27700.0,Vehicle EMI,772000.0,61,High_Risk,16288.0
48.0,Female,Married,Graduate,43100.0,Government,21.9,Startup,Rented,11200.0,4,3,0.0,0.0,6200.0,6500.0,5900.0,Yes,9400.0,850.0,179700.0,58900.0,E-commerce Shopping EMI,51000.0,11,Not_Eligible,1801.8
38.0,Male,Married,Post Graduate,62100.0,Private,0.6,Large Indian,Rented,14200.0,4,3,10600.0,0.0,6900.0,11900.0,5400.0,No,0.0,680.0,196300.0,50700.0,Education EMI,60000.0,44,Eligible,5240.0
32.0,Female,Married,Graduate,59900.0,Government,2.3,Mid-size,Own,0.0,2,1,0.0,0.0,6800.0,13300.0,11900.0,No,0.0,604.0,129100.0,52200.0,Education EMI,91000.0,14,Eligible,11160.0
48.0,Male,Married,Graduate,60800.0,Government,11.0,Mid-size,Own,0.0,3,2,12200.0,0.0,6200.0,13400.0,11800.0,No,0.0,743.0,98500.0,53300.0,Vehicle EMI,820000.0,62,Not_Eligible,7568.0
38.0,Male,Married,Post Graduate,57200.0,Government,8.7,MNC,Own,0.0,3,2,0.0,0.0,8400.0,14100.0,9000.0,Yes,6600.0,823.0,55900.0,23100.0,E-commerce Shopping EMI,92000.0,7,Not_Eligible,7059.36
38.0,Male,Married,Post Graduate,102200.0,Private,3.8,Large Indian,Own,0.0,4,3,11200.0,0.0,14400.0,16700.0,9200.0,No,0.0,648.0,228600.0,83100.0,Home Appliances EMI,223000.0,36,Eligible,20280.0
32.0,Male,Married,Post Graduate,19500.0,Private,1.5,MNC,Rented,5200.0,3,2,0.0,23600.0,2800.0,5200.0,1900.0,No,0.0,599.0,90600.0,41300.0,Personal Loan EMI,835000.0,43,Not_Eligible,500.0
27.0,Male,Married,Graduate,57900.0,Self-employed,1.7,Startup,Own,0.0,3,2,10000.0,0.0,5400.0,14500.0,4000.0,Yes,12100.0,730.0,461100.0,195700.0,Home Appliances EMI,276000.0,20,Not_Eligible,4123.35
58.0,Male,Married,Professional,72900.0,Private,30.6,Mid-size,Rented,24900.0,2,1,8500.0,0.0,6400.0,17700.0,12600.0,No,0.0,694.0,371600.0,101900.0,E-commerce Shopping EMI,139000.0,19,Not_Eligible,1400.0
38.0,Male,Married,High School,32000.0,Private,1.5,Mid-size,Own,0.0,3,2,0.0,0.0,4400.0,5100.0,3500.0,No,0.0,720.0,105900.0,53700.0,Personal Loan EMI,598000.0,22,Not_Eligible,9500.0
48.0,Female,Married,Post Graduate,78200.0,Private,0.7,Startup,Rented,17800.0,3,2,11100.0,0.0,7000.0,17600.0,9000.0,No,0.0,743.0,359600.0,198900.0,Education EMI,294000.0,46,Not_Eligible,6280.0
32.0,Female,Married,Graduate,72800.0,Private,1.8,MNC,Family,0.0,4,3,6400.0,17000.0,3800.0,16600.0,5800.0,Yes,11800.0,664.0,518800.0,152100.0,E-commerce Shopping EMI,46000.0,22,Eligible,4389.0
27.0,Female,Single,Professional,104100.0,Private,1.3,Large Indian,Family,0.0,1,0,0.0,0.0,6100.0,23200.0,17900.0,No,0.0,768.0,221400.0,120900.0,Personal Loan EMI,117000.0,14,Eligible,34140.0
38.0,Male,Married,Post Graduate,49300.0,Private,2.7,MNC,Own,0.0,4,3,4800.0,0.0,7200.0,9700.0,6700.0,Yes,11300.0,742.0,322800.0,158700.0,E-commerce Shopping EMI,115000.0,5,Not_Eligible,3696.0
38.0,Female,Married,High School,34800.0,Government,10.2,MNC,Own,0.0,2,1,12100.0,0.0,3200.0,6600.0,2900.0,Yes,5500.0,723.0,56900.0,32700.0,Vehicle EMI,105000.0,31,Not_Eligible,1386.0
58.0,Male,Single,Post Graduate,77800.0,Government,0.5,Mid-size,Own,0.0,1,0,0.0,0.0,6900.0,23100.0,10400.0,No,0.0,761.0,462800.0,131500.0,Vehicle EMI,729000.0,51,Eligible,22440.0
58.0,Female,Married,Graduate,26700.0,Self-employed,36.0,Startup,Own,0.0,5,4,0.0,0.0,1300.0,5900.0,1500.0,Yes,2800.0,615.0,112700.0,32900.0,Home Appliances EMI,171000.0,12,Not_Eligible,3830.4
48.0,Female,Married,Post Graduate,29700.0,Private,2.2,Large Indian,Own,0.0,4,3,0.0,0.0,3000.0,4800.0,3200.0,No,0.0,654.0,99300.0,38300.0,Personal Loan EMI,853000.0,57,Not_Eligible,9350.0
32.0,Female,Married,Graduate,27500.0,Private,0.9,Startup,Own,0.0,3,2,13700.0,0.0,2800.0,7200.0,2200.0,No,0.0,660.0,109300.0,55100.0,Home Appliances EMI,290000.0,29,Not_Eligible,640.0
38.0,Male,Married,Graduate,30800.0,Private,4.5,Mid-size,Rented,10700.0,5,4,12400.0,14900.0,1900.0,7200.0,2700.0,No,0.0,616.0,78200.0,41300.0,Personal Loan EMI,455000.0,39,Not_Eligible,500.0
38.0,Female,Married,Graduate,72100.0,Private,1.1,Large Indian,Family,0.0,3,2,13500.0,0.0,10100.0,17600.0,9400.0,No,0.0,694.0,555600.0,259300.0,Personal Loan EMI,823000.0,22,Not_Eligible,11825.0
38.0,Female,Married,Graduate,113000.0,Government,0.5,Large Indian,Rented,22400.0,2,1,5800.0,24200.0,15300.0,23700.0,19400.0,Yes,32500.0,802.0,725700.0,182000.0,Vehicle EMI,403000.0,18,Not_Eligible,500.0
32.0,Male,Married,Graduate,18000.0,Self-employed,5.4,MNC,Rented,3700.0,2,1,0.0,0.0,2200.0,2700.0,3500.0,No,0.0,701.0,70700.0,26000.0,Vehicle EMI,1.122e+06,84,Not_Eligible,2655.0
27.0,Female,Single,High School,25200.0,Private,1.9,MNC,Own,0.0,2,1,0.0,0.0,1600.0,4000.0,4800.0,No,0.0,747.0,93100.0,51000.0,Personal Loan EMI,450000.0,26,Not_Eligible,7400.0
38.0,Male,Married,Graduate,29100.0,Private,6.9,MNC,Family,0.0,3,2,7100.0,0.0,3500.0,5700.0,2700.0,No,0.0,721.0,70000.0,14100.0,Personal Loan EMI,513000.0,30,Not_Eligible,5050.0
48.0,Male,Married,High School,81900.0,Private,12.9,Large Indian,Own,0.0,3,2,13200.0,22900.0,4300.0,22900.0,15800.0,No,0.0,776.0,47100.0,14800.0,Personal Loan EMI,656000.0,16,Not_Eligible,1344.0
38.0,Female,Married,Graduate,115200.0,Government,6.3,Large Indian,Rented,31300.0,2,1,12200.0,0.0,11900.0,19400.0,20100.0,Yes,21100.0,701.0,131500.0,33900.0,E-commerce Shopping EMI,25000.0,7,Not_Eligible,500.0
27.0,Female,Single,High School,37000.0,Government,0.7,Mid-size,Rented,10900.0,1,0,0.0,0.0,2200.0,6600.0,6900.0,No,0.0,718.0,91800.0,42500.0,Vehicle EMI,848000.0,56,Not_Eligible,5200.0
38.0,male,Married,High School,35900.0,Private,2.3,MNC,Own,0.0,3,2,14300.0,13100.0,2900.0,7700.0,5800.0,No,0.0,668.0,25600.0,6900.0,Personal Loan EMI,172000.0,49,Not_Eligible,500.0
32.0,Female,Single,Graduate,23600.0,Private,2.5,Large Indian,Rented,6200.0,1,0,0.0,0.0,1300.0,3700.0,1700.0,No,0.0,791.0,137300.0,41900.0,Vehicle EMI,317000.0,63,Not_Eligible,6420.0
48.0,Male,Married,Graduate,34500.0,Private,0.5,MNC,Family,0.0,4,3,4200.0,0.0,4800.0,6700.0,4200.0,No,0.0,653.0,155200.0,42900.0,Personal Loan EMI,331000.0,49,Not_Eligible,5840.0
38.0,Male,Married,Post Graduate,54200.0,Government,7.9,Large Indian,Rented,13300.0,4,3,0.0,0.0,3100.0,13000.0,3500.0,No,0.0,654.0,104600.0,36000.0,Vehicle EMI,752000.0,50,Not_Eligible,9372.0
48.0,Male,Married,Graduate,34300.0,Government,5.9,Large Indian,Family,0.0,4,3,4700.0,0.0,4000.0,6400.0,4400.0,No,0.0,824.0,48200.0,25300.0,Home Appliances EMI,84000.0,30,Eligible,7814.4
38.0,Male,Married,Graduate,24100.0,Private,2.7,Mid-size,Family,0.0,4,3,9200.0,0.0,2500.0,5000.0,2500.0,Yes,3500.0,570.0,115100.0,26700.0,Education EMI,273000.0,43,Not_Eligible,500.0
32.0,Male,Married,Professional,52100.0,Private,1.1,Large Indian,Own,0.0,4,3,0.0,0.0,5600.0,11000.0,3400.0,Yes,10000.0,610.0,213000.0,78600.0,E-commerce Shopping EMI,62000.0,14,Eligible,6188.0
27.0,Male,Single,Graduate,79000.0,Private,2.4,MNC,Family,0.0,1,0,0.0,0.0,10100.0,23000.0,8100.0,No,0.0,696.0,480800.0,264000.0,Vehicle EMI,111000.0,30,Eligible,20790.0
58.0,Male,Married,Graduate,37700.0,Self-employed,23.7,Startup,Family,0.0,4,3,8500.0,0.0,2000.0,10200.0,5900.0,No,0.0,725.0,166100.0,98800.0,Vehicle EMI,1.181e+06,48,Not_Eligible,4995.0
38.0,Male,Single,High School,49600.0,Private,1.5,MNC,Own,0.0,1,0,0.0,0.0,3000.0,9200.0,8000.0,Yes,6600.0,701.0,40300.0,23500.0,Education EMI,243000.0,35,Not_Eligible,6384.0
38.0,Male,Married,Professional,34000.0,Self-employed,1.2,Large Indian,Rented,10400.0,2,1,0.0,0.0,2900.0,6800.0,5500.0,No,0.0,649.0,84300.0,43400.0,Home Appliances EMI,86000.0,31,Not_Eligible,3024.0
27.0,Male,Married,,38300.0,Private,4.1,Mid-size,Family,0.0,2,1,0.0,0.0,4900.0,9800.0,3900.0,Yes,5200.0,618.0,166600.0,83700.0,Home Appliances EMI,58000.0,30,Eligible,4060.0
32.0,Female,Married,Graduate,53300.0,Private,4.3,Mid-size,Rented,14300.0,4,3,6500.0,24500.0,3800.0,8900.0,8300.0,No,0.0,655.0,308400.0,118100.0,Personal Loan EMI,96000.0,12,Not_Eligible,500.0
48.0,Female,Married,Professional,50400.0,Private,2.2,Small,Own,,3,2,12900.0,0.0,6300.0,12300.0,4300.0,Yes,8100.0,660.0,380300.0,164300.0,E-commerce Shopping EMI,76000.0,22,Not_Eligible,2502.5
27.0,Female,Single,Post Graduate,36000.0,Private,0.5,Large Indian,Own,0.0,3,2,0.0,0.0,4800.0,8900.0,2600.0,No,0.0,582.0,273100.0,86200.0,Vehicle EMI,1.388e+06,41,Not_Eligible,6934.4
48.0,Male,Married,Graduate,50700.0,Private,4.9,Large Indian,Rented,10100.0,3,2,8500.0,15400.0,5700.0,8700.0,5200.0,Yes,5900.0,618.0,73500.0,19100.0,Personal Loan EMI,760000.0,53,Not_Eligible,500.0
38.0,Male,Married,High School,26900.0,Private,1.7,MNC,Family,0.0,3,2,0.0,0.0,2000.0,4700.0,1500.0,Yes,2700.0,585.0,185100.0,76800.0,E-commerce Shopping EMI,34000.0,24,Eligible,4928.0
48.0,Female,Married,Post Graduate,56900.0,Private,2.0,Mid-size,Family,0.0,3,2,4500.0,0.0,3200.0,9100.0,4300.0,No,0.0,642.0,136300.0,81100.0,E-commerce Shopping EMI,85000.0,24,Eligible,14320.0
38.0,Male,Married,Graduate,29700.0,Private,6.3,Startup,Family,0.0,3,2,6800.0,0.0,2600.0,6200.0,4500.0,Yes,8800.0,667.0,43300.0,19400.0,Vehicle EMI,151000.0,74,Not_Eligible,500.0
48.0,Female,Married,Professional,62300.0,Government,3.4,Mid-size,Family,0.0,4,3,15000.0,24000.0,3700.0,14300.0,12100.0,No,0.0,850.0,481300.0,219600.0,Personal Loan EMI,319000.0,34,Not_Eligible,500.0
27.0,Female,Single,Graduate,23300.0,Private,3.7,Large Indian,Rented,4300.0,3,2,7200.0,0.0,1900.0,5700.0,4000.0,No,0.0,639.0,63700.0,26600.0,Personal Loan EMI,228000.0,18,Not_Eligible,500.0
58.0,Male,Married,Graduate,39600.0,Self-employed,21.2,MNC,Rented,12700.0,4,3,0.0,0.0,3000.0,7400.0,5600.0,Yes,8000.0,746.0,75600.0,40100.0,Vehicle EMI,1.188e+06,38,Not_Eligible,730.8
32.0,Male,Married,High School,81900.0,Private,5.4,Startup,Rented,20800.0,3,2,8100.0,23400.0,5900.0,23000.0,8100.0,No,0.0,693.0,296800.0,91300.0,E-commerce Shopping EMI,46000.0,19,Not_Eligible,500.0
27.0,Male,Married,Graduate,47700.0,Private,1.7,MNC,Rented,15600.0,3,2,14600.0,0.0,4400.0,7600.0,3300.0,No,0.0,635.0,128500.0,59000.0,E-commerce Shopping EMI,119000.0,8,Not_Eligible,880.0
38.0,Male,Married,Professional,42200.0,Private,10.3,Mid-size,Own,0.0,5,4,0.0,0.0,3000.0,8400.0,3200.0,Yes,4800.0,650.0,199300.0,66400.0,Education EMI,279000.0,18,Not_Eligible,7980.0
38.0,Female,Married,High School,49200.0,Private,0.7,MNC,Family,0.0,3,2,2200.0,0.0,6700.0,8400.0,3500.0,Yes,11300.0,791.0,263400.0,83200.0,Home Appliances EMI,224000.0,8,Not_Eligible,5745.6
27.0,Male,Married,Graduate,57100.0,Self-employed,0.5,Startup,Rented,8900.0,3,2,3500.0,0.0,5900.0,9000.0,10000.0,No,0.0,725.0,428900.0,158800.0,Vehicle EMI,874000.0,40,Not_Eligible,9801.0
58.0,Female,Married,Graduate,44000.0,Self-employed,4.3,MNC,Rented,12900.0,3,2,0.0,0.0,2700.0,8800.0,7500.0,Yes,5000.0,659.0,237200.0,129700.0,E-commerce Shopping EMI,143000.0,9,Not_Eligible,2236.5
38.0,Male,Married,Professional,27000.0,Self-employed,1.4,MNC,Family,0.0,5,4,14100.0,0.0,3400.0,6800.0,5200.0,No,0.0,608.0,141500.0,77500.0,Vehicle EMI,444000.0,65,Not_Eligible,500.0
32.0,Male,Married,Post Graduate,64100.0,Private,0.7,MNC,Rented,15200.0,4,3,12800.0,0.0,9500.0,16800.0,12200.0,No,0.0,669.0,135600.0,63900.0,Vehicle EMI,837000.0,56,Not_Eligible,500.0
58.0,Female,Married,Professional,81200.0,Self-employed,10.9,Startup,Family,0.0,3,2,6400.0,0.0,9600.0,16200.0,15200.0,Yes,15400.0,804.0,105500.0,27100.0,Education EMI,405000.0,39,Not_Eligible,5564.16
27.0,Male,Single,High School,31100.0,Private,3.0,Mid-size,Rented,6600.0,3,2,8200.0,0.0,1800.0,8800.0,3400.0,Yes,7700.0,547.0,,15200.0,Home Appliances EMI,215000.0,34,Not_Eligible,500.0
32.0,Female,Married,Graduate,35600.0,Private,0.5,Mid-size,Own,0.0,3,2,9000.0,0.0,3200.0,6500.0,4000.0,Yes,6800.0,685.0,65700.0,37400.0,Vehicle EMI,392000.0,45,Not_Eligible,1366.4
38.0,Male,Married,Graduate,54700.0,Private,8.6,Large Indian,Family,0.0,4,3,7600.0,14200.0,4100.0,12000.0,8300.0,No,0.0,669.0,65800.0,29500.0,Vehicle EMI,117000.0,80,Eligible,3400.0
48.0,Male,Married,Graduate,111400.0,Government,2.5,Large Indian,Own,0.0,3,2,0.0,5100.0,8500.0,17100.0,18300.0,Yes,19700.0,755.0,309800.0,73800.0,Personal Loan EMI,479000.0,56,Eligible,17934.0
27.0,Male,Single,Graduate,73100.0,Private,0.5,MNC,Own,0.0,1,0,0.0,0.0,8100.0,19000.0,4300.0,No,0.0,711.0,442100.0,257000.0,E-commerce Shopping EMI,89000.0,8,Eligible,18348.0
27.0,Female,Married,High School,56800.0,Private,0.5,MNC,Own,0.0,4,3,5900.0,0.0,7700.0,10300.0,10600.0,No,0.0,823.0,287200.0,166200.0,E-commerce Shopping EMI,33000.0,9,Eligible,10704.0
38.0,Female,Married,Professional,68600.0,Private,16.0,Mid-size,Rented,15000.0,4,3,5800.0,7600.0,8900.0,19000.0,9200.0,Yes,11200.0,619.0,516300.0,172600.0,Vehicle EMI,974000.0,41,Not_Eligible,500.0
38.0,Female,Married,Graduate,10775.0,Private,14.4,MNC,Rented,3400.0,4,3,0.0,13500.0,3100.0,3500.0,1500.0,No,0.0,735.0,63200.0,19900.0,Personal Loan EMI,844000.0,17,Not_Eligible,500.0
48.0,Female,Married,High School,37700.0,Private,6.5,Mid-size,Family,0.0,3,2,12400.0,21600.0,3200.0,8400.0,3200.0,Yes,9000.0,784.0,36600.0,20700.0,Personal Loan EMI,573000.0,29,Not_Eligible,500.0
32.0,Male,Married,Graduate,18500.0,Government,10.0,Large Indian,Own,0.0,3,2,14100.0,16500.0,1500.0,3400.0,2000.0,No,0.0,693.0,77800.0,18700.0,Education EMI,134000.0,6,Not_Eligible,500.0
38.0,Male,Married,Professional,54000.0,Government,0.5,Large Indian,Rented,18300.0,4,3,14900.0,0.0,6300.0,13100.0,5100.0,Yes,15700.0,640.0,285700.0,84400.0,Vehicle EMI,413000.0,52,Not_Eligible,500.0
48.0,Female,Married,High School,88400.0,Private,12.8,Large Indian,Family,0.0,5,4,0.0,0.0,5100.0,26100.0,4400.0,Yes,16100.0,755.0,563900.0,199700.0,Education EMI,327000.0,46,Eligible,16955.4
27.0,Female,Single,Post Graduate,23400.0,Government,2.9,Startup,Rented,8000.0,1,0,0.0,0.0,1600.0,5900.0,3600.0,Yes,5300.0,685.0,70900.0,39500.0,Personal Loan EMI,573000.0,43,Not_Eligible,500.0
38.0,Male,Single,Graduate,60900.0,Private,5.1,Mid-size,Own,0.0,1,0,0.0,0.0,7600.0,10800.0,3200.0,No,0.0,695.0,187400.0,95700.0,E-commerce Shopping EMI,132000.0,10,Eligible,19650.0
38.0,Male,Married,High School,46000.0,Private,5.7,MNC,Own,0.0,2,1,0.0,0.0,6800.0,13500.0,2600.0,No,0.0,783.0,285500.0,148100.0,Vehicle EMI,871000.0,68,Not_Eligible,15246.0
38.0,Female,Married,Professional,86900.0,Private,3.3,MNC,Own,0.0,5,4,4400.0,21300.0,8800.0,18800.0,12800.0,No,0.0,794.0,631800.0,302500.0,Home Appliances EMI,237000.0,25,Eligible,13728.0
38.0,Male,Married,Post Graduate,41900.0,Government,7.3,MNC,Family,0.0,3,2,0.0,0.0,5000.0,9200.0,7700.0,No,0.0,726.0,248500.0,96800.0,Personal Loan EMI,149000.0,24,Eligible,11000.0
27.0,Male,Single,Graduate,56900.0,Private,1.0,Large Indian,Family,0.0,3,2,0.0,0.0,6000.0,16600.0,4700.0,Yes,8500.0,582.0,34600.0,14100.0,E-commerce Shopping EMI,168000.0,4,Not_Eligible,4726.4
58.0,Male,Married,Post Graduate,118300.0,Private,21.4,Large Indian,Own,0.0,4,3,0.0,22600.0,14600.0,24600.0,13400.0,No,0.0,791.0,586900.0,182200.0,Vehicle EMI,404000.0,24,Eligible,25860.0
48.0,Male,Married,Graduate,37000.0,Private,25.2,Large Indian,Rented,6500.0,3,2,6000.0,0.0,3300.0,6900.0,2900.0,Yes,10300.0,714.0,167600.0,84100.0,Personal Loan EMI,527000.0,39,Not_Eligible,500.0
38.0,Female,Single,Graduate,18800.0,Private,1.3,MNC,Rented,5500.0,1,0,0.0,0.0,2700.0,5400.0,1900.0,No,0.0,677.0,29700.0,12400.0,Personal Loan EMI,174000.0,59,Not_Eligible,1320.0
38.0,Male,Married,Post Graduate,62200.0,Private,0.5,Mid-size,Own,0.0,2,1,6500.0,0.0,8700.0,11500.0,6800.0,No,0.0,618.0,465700.0,177800.0,Vehicle EMI,420000.0,68,High_Risk,10102.4
32.0,Male,Single,Post Graduate,95300.0,Private,0.5,Small,Rented,21300.0,2,1,13300.0,0.0,11000.0,25000.0,16000.0,Yes,19500.0,638.0,608000.0,126200.0,Education EMI,311000.0,21,Not_Eligible,500.0
32.0,Female,Single,Graduate,35500.0,Private,4.5,Mid-size,Family,0.0,3,2,5000.0,0.0,4500.0,6400.0,5200.0,No,0.0,646.0,261500.0,69600.0,Education EMI,176000.0,21,Not_Eligible,6336.0
32.0,Male,Married,Graduate,56500.0,Private,4.9,Mid-size,Rented,8700.0,2,1,0.0,0.0,8300.0,9500.0,10100.0,No,0.0,676.0,273000.0,129000.0,Vehicle EMI,1.127e+06,58,Not_Eligible,9950.0
48.0,Male,Married,Graduate,50300.0,Private,4.3,Large Indian,Own,0.0,3,2,0.0,0.0,5200.0,8900.0,4100.0,No,0.0,729.0,173300.0,87300.0,Vehicle EMI,953000.0,42,Not_Eligible,16050.0
38.0,Female,Married,Professional,83000.0,Private,0.8,Large Indian,Family,0.0,3,2,0.0,0.0,11100.0,21900.0,8100.0,No,0.0,774.0,607000.0,326300.0,E-commerce Shopping EMI,143000.0,16,Eligible,22123.2
48.0,Female,Single,Graduate,15000.0,Private,2.5,Small,Own,0.0,1,0,0.0,0.0,2100.0,4100.0,900.0,No,0.0,642.0,83200.0,42800.0,Personal Loan EMI,501000.0,50,Not_Eligible,3160.0
38.0,Male,Married,Professional,59900.0,Private,6.8,Mid-size,Family,0.0,3,2,9200.0,0.0,4100.0,13500.0,3600.0,No,0.0,684.0,361200.0,75000.0,E-commerce Shopping EMI,110000.0,20,Eligible,16225.0
48.0,Female,Married,Graduate,35600.0,Government,5.7,MNC,Family,0.0,3,2,12800.0,0.0,3600.0,8900.0,3500.0,No,0.0,781.0,125900.0,46500.0,Personal Loan EMI,858000.0,16,Not_Eligible,4488.0
32.0,Male,Married,Post Graduate,72700.0,Private,6.8,Mid-size,Own,0.0,3,2,5800.0,0.0,10200.0,16100.0,10600.0,No,0.0,688.0,53000.0,31600.0,Education EMI,160000.0,17,High_Risk,12000.0
32.0,Male,Married,Graduate,28700.0,Private,3.6,Mid-size,Own,0.0,5,4,0.0,15200.0,3400.0,6200.0,2300.0,No,0.0,678.0,81800.0,32600.0,Personal Loan EMI,267000.0,34,Not_Eligible,800.0
38.0,Male,Single,Graduate,32400.0,Private,0.5,MNC,Rented,6900.0,1,0,0.0,0.0,3700.0,6600.0,1700.0,Yes,8300.0,635.0,53900.0,15600.0,Personal Loan EMI,183000.0,26,Not_Eligible,931.84
48.0,Male,Married,High School,42000.0,Private,11.4,Mid-size,Own,0.0,3,2,0.0,0.0,4400.0,12400.0,5800.0,Yes,9700.0,664.0,33900.0,8900.0,Home Appliances EMI,41000.0,30,Eligible,2716.0
38.0,Male,Married,Professional,61500.0,Private,11.9,Mid-size,Rented,18800.0,4,3,0.0,0.0,3700.0,10100.0,7400.0,No,0.0,733.0,71200.0,41200.0,Education EMI,114000.0,43,Eligible,8600.0
27.0,Male,Married,Graduate,71500.0,Private,5.0,Large Indian,Rented,24100.0,5,4,8700.0,6700.0,5700.0,17100.0,13700.0,Yes,15000.0,620.0,327500.0,155200.0,Personal Loan EMI,798000.0,25,Not_Eligible,500.0
32.0,Male,Married,Post Graduate,25300.0,Private,0.5,MNC,Rented,6700.0,5,4,0.0,18000.0,2500.0,5300.0,3200.0,Yes,2600.0,675.0,86000.0,45900.0,Personal Loan EMI,263000.0,45,Not_Eligible,500.0
32.0,Female,Married,Graduate,81000.0,Private,0.9,Mid-size,Rented,20300.0,4,3,0.0,0.0,10500.0,17000.0,15700.0,No,0.0,647.0,633900.0,336800.0,E-commerce Shopping EMI,10000.0,8,Eligible,6160.0
27.0,Male,Single,Graduate,149600.0,Private,0.7,MNC,Own,0.0,2,1,0.0,19500.0,16800.0,32900.0,12600.0,No,0.0,788.0,571000.0,177600.0,Home Appliances EMI,235000.0,12,Eligible,32544.0
38.0,Male,Married,Post Graduate,11805.0,Private,3.1,Large Indian,Rented,12300.0,3,2,4700.0,10400.0,3900.0,6300.0,2300.0,Yes,11300.0,583.0,49800.0,24800.0,Education EMI,268000.0,29,Not_Eligible,500.0
27.0,Male,Single,Post Graduate,100900.0,Government,1.5,Startup,Rented,28500.0,1,0,0.0,0.0,7100.0,21300.0,8500.0,No,0.0,796.0,261400.0,73700.0,Education EMI,132000.0,30,Eligible,21300.0
27.0,Male,Single,Graduate,40200.0,Private,0.5,Mid-size,Rented,10900.0,3,2,0.0,12300.0,2400.0,11900.0,7200.0,No,0.0,770.0,93900.0,48700.0,Education EMI,294000.0,33,Not_Eligible,500.0
32.0,Male,Single,High School,72500.0,Private,2.3,Startup,Rented,13300.0,1,0,0.0,0.0,9100.0,17000.0,4900.0,Yes,19500.0,626.0,221300.0,53900.0,Vehicle EMI,1.492e+06,28,Not_Eligible,2436.0
38.0,Male,Married,High School,32300.0,Private,2.0,Mid-size,Own,0.0,4,3,13700.0,0.0,3700.0,6700.0,3800.0,No,0.0,640.0,254700.0,56600.0,Education EMI,203000.0,31,Not_Eligible,1936.0
48.0,Male,Married,Graduate,35100.0,Government,2.9,Startup,Rented,6800.0,5,4,0.0,0.0,3200.0,5600.0,4400.0,No,0.0,683.0,84000.0,26200.0,Home Appliances EMI,125000.0,27,Eligible,7550.0
32.0,Male,Single,Post Graduate,74400.0,Private,3.5,MNC,Own,0.0,2,1,0.0,0.0,7300.0,16400.0,11000.0,No,0.0,690.0,123100.0,73100.0,E-commerce Shopping EMI,118000.0,23,Eligible,15880.0
58.0,Female,Married,Post Graduate,81300.0,Private,13.9,Mid-size,Family,0.0,4,3,0.0,0.0,7900.0,16700.0,15500.0,No,0.0,622.0,607300.0,227100.0,Education EMI,327000.0,22,High_Risk,18128.0
27.0,Male,Married,Professional,46700.0,Government,1.9,Large Indian,Rented,9700.0,3,2,7800.0,0.0,2700.0,9900.0,5700.0,Yes,10200.0,684.0,175400.0,64500.0,Personal Loan EMI,242000.0,39,Not_Eligible,500.0
38.0,Female,Married,Graduate,94925.0,Private,0.7,Startup,Rented,21700.0,4,3,0.0,0.0,9600.0,20900.0,14200.0,Yes,20100.0,738.0,564500.0,176000.0,Home Appliances EMI,47000.0,29,High_Risk,2324.0
38.0,Male,Married,Graduate,31700.0,Government,10.0,MNC,Family,0.0,5,4,0.0,0.0,2500.0,5500.0,3500.0,Yes,9300.0,735.0,111500.0,37800.0,E-commerce Shopping EMI,172000.0,7,Not_Eligible,4196.5
32.0,Female,Married,Professional,68900.0,Private,0.5,MNC,Own,0.0,3,2,0.0,0.0,4600.0,19300.0,6700.0,Yes,8000.0,701.0,536700.0,169000.0,Personal Loan EMI,934000.0,13,Not_Eligible,9332.4
32.0,Female,Single,Graduate,31900.0,Private,10.0,Large Indian,Family,0.0,2,1,11200.0,0.0,1800.0,6700.0,1600.0,Yes,5700.0,688.0,115000.0,47700.0,Personal Loan EMI,521000.0,36,Not_Eligible,1715.0
27.0,Male,Married,Post Graduate,103200.0,Private,0.5,Small,Own,0.0,2,1,5000.0,0.0,9100.0,18300.0,16900.0,No,0.0,644.0,463800.0,93200.0,E-commerce Shopping EMI,153000.0,7,Not_Eligible,17248.0
27.0,Female,Single,Graduate,5959.0,Private,2.6,Startup,Rented,5600.0,1,0,0.0,0.0,2300.0,5500.0,4200.0,No,0.0,623.0,112000.0,67100.0,E-commerce Shopping EMI,18000.0,13,Eligible,1960.0
38.0,Male,Married,Graduate,27900.0,Self-employed,1.5,Startup,Own,0.0,3,2,0.0,13400.0,2000.0,7200.0,3100.0,Yes,8000.0,738.0,200500.0,46100.0,E-commerce Shopping EMI,49000.0,22,Not_Eligible,500.0
32.0,Male,Single,Professional,64700.0,Private,0.5,Mid-size,Own,0.0,1,0,0.0,0.0,6300.0,17700.0,11400.0,Yes,18000.0,470.0,37400.0,19600.0,Education EMI,459000.0,20,Not_Eligible,1265.6
38.0,Male,Married,Professional,84900.0,Private,2.9,Small,Rented,14800.0,2,1,14600.0,17800.0,5600.0,21900.0,8300.0,No,0.0,801.0,561600.0,275200.0,E-commerce Shopping EMI,93000.0,8,Not_Eligible,1254.0
32.0,Male,Single,Post Graduate,64800.0,Private,10.0,Large Indian,Rented,20200.0,1,0,0.0,0.0,6400.0,12200.0,6700.0,No,0.0,774.0,502100.0,163900.0,Vehicle EMI,89000.0,43,Eligible,12738.0
31.0,Male,Single,Professional,55594.0,Private,5.1,MNC,Own,0.0,1,0,0.0,0.0,6800.0,12900.0,4500.0,Yes,12400.0,,343700.0,103900.0,Personal Loan EMI,892000.0,46,Not_Eligible,7122.5
38.0,Female,Single,Post Graduate,104500.0,Private,0.5,Large Indian,Rented,36300.0,1,0,0.0,0.0,11000.0,28100.0,9800.0,No,0.0,774.0,411200.0,151000.0,E-commerce Shopping EMI,38000.0,9,Eligible,9264.0
27.0,Female,Single,Graduate,18000.0,Private,3.1,MNC,Own,0.0,2,1,0.0,6900.0,2100.0,5200.0,1000.0,No,0.0,809.0,64000.0,33600.0,Vehicle EMI,1.178e+06,57,Not_Eligible,1680.0
32.0,Male,Married,Graduate,33200.0,Private,3.6,Startup,Own,0.0,4,3,0.0,8900.0,4400.0,8500.0,6100.0,No,0.0,744.0,221000.0,60700.0,Personal Loan EMI,263000.0,35,Not_Eligible,2915.0
27.0,Male,Single,Graduate,18000.0,Private,2.0,MNC,Rented,5900.0,3,2,10300.0,0.0,2300.0,4000.0,3000.0,No,0.0,733.0,86500.0,35600.0,Vehicle EMI,755000.0,54,Not_Eligible,500.0
38.0,female,Married,,28800.0,Private,0.9,MNC,Own,0.0,4,3,12500.0,0.0,3200.0,6300.0,4500.0,Yes,6700.0,626.0,190900.0,62700.0,Personal Loan EMI,865000.0,55,Not_Eligible,500.0
58.0,Female,Married,High School,39000.0,Private,3.0,Large Indian,Rented,8100.0,3,2,9100.0,0.0,3400.0,9700.0,5800.0,Yes,8700.0,680.0,229300.0,72200.0,Home Appliances EMI,43000.0,30,Not_Eligible,500.0
32.0,Female,Single,Graduate,41400.0,Private,2.1,Startup,Rented,6900.0,1,0,0.0,0.0,2200.0,11500.0,3800.0,No,0.0,780.0,143300.0,76000.0,Home Appliances EMI,241000.0,14,Not_Eligible,10200.0
32.0,Male,Married,Post Graduate,49400.0,Private,3.1,Startup,Family,0.0,2,1,8100.0,24700.0,5600.0,10100.0,6800.0,No,0.0,780.0,30300.0,9400.0,Personal Loan EMI,496000.0,57,Not_Eligible,500.0
38.0,Male,Married,Graduate,26600.0,Self-employed,9.0,Large Indian,Own,0.0,3,2,14200.0,19000.0,3100.0,5600.0,2700.0,No,0.0,757.0,45000.0,11800.0,Home Appliances EMI,202000.0,9,Not_Eligible,500.0
58.0,Female,Married,Graduate,32300.0,Private,10.3,Mid-size,Own,0.0,3,2,7600.0,0.0,4300.0,5400.0,2800.0,Yes,3500.0,688.0,145500.0,55000.0,E-commerce Shopping EMI,42000.0,6,Not_Eligible,3045.0
32.0,Male,Married,Graduate,15000.0,Private,0.5,Large Indian,Family,0.0,2,1,11800.0,0.0,1300.0,3900.0,1000.0,Yes,3400.0,654.0,92500.0,31500.0,Education EMI,394000.0,39,Not_Eligible,500.0
27.0,Male,Married,Post Graduate,66200.0,Private,0.5,Mid-size,Rented,13200.0,3,2,0.0,0.0,9200.0,16100.0,11100.0,Yes,9100.0,611.0,233500.0,62200.0,E-commerce Shopping EMI,79000.0,22,Not_Eligible,1680.0
27.0,Female,Married,Graduate,43600.0,Private,1.6,Mid-size,Own,0.0,5,4,8300.0,21700.0,2700.0,11800.0,2200.0,No,0.0,688.0,280500.0,83300.0,Education EMI,363000.0,34,Not_Eligible,500.0
32.0,Male,Married,Graduate,45000.0,Private,2.1,Mid-size,Family,0.0,3,2,4800.0,0.0,4500.0,10100.0,7500.0,Yes,10800.0,682.0,109300.0,24500.0,E-commerce Shopping EMI,17000.0,13,Eligible,2555.0
48.0,Male,Married,Post Graduate,32200.0,Government,11.2,MNC,Own,0.0,5,4,0.0,0.0,2800.0,6700.0,3000.0,No,0.0,766.0,,5300.0,Education EMI,481000.0,48,Not_Eligible,10401.6
38.0,Female,Married,Professional,105800.0,Government,0.5,Mid-size,Family,0.0,4,3,6000.0,0.0,6600.0,16100.0,17000.0,No,0.0,705.0,311500.0,157100.0,Personal Loan EMI,990000.0,31,Not_Eligible,30050.0
32.0,Female,Married,Graduate,61400.0,Government,5.0,Mid-size,Family,0.0,3,2,6200.0,0.0,7900.0,14000.0,4300.0,No,0.0,700.0,279400.0,122600.0,Personal Loan EMI,338000.0,35,Eligible,15950.0
38.0,Female,Married,Graduate,25900.0,Government,16.0,Mid-size,Family,0.0,4,3,0.0,0.0,2800.0,7700.0,2300.0,Yes,4700.0,721.0,47500.0,25900.0,Personal Loan EMI,963000.0,22,Not_Eligible,2587.2
38.0,Male,Married,Graduate,32700.0,Private,3.3,Mid-size,Own,0.0,5,4,0.0,5200.0,2400.0,9200.0,3600.0,Yes,7400.0,777.0,184200.0,72400.0,Vehicle EMI,1.482e+06,20,Not_Eligible,2058.0
48.0,Male,Married,Post Graduate,92400.0,Government,6.6,MNC,Family,0.0,3,2,0.0,0.0,8800.0,19500.0,18000.0,No,0.0,803.0,559500.0,129300.0,Home Appliances EMI,77000.0,36,Eligible,33468.6
32.0,Female,Single,Professional,129900.0,Government,7.7,Large Indian,Rented,37900.0,2,1,12400.0,0.0,16800.0,27200.0,16500.0,No,0.0,838.0,320700.0,128500.0,Vehicle EMI,959000.0,77,Not_Eligible,12606.0
38.0,Male,Married,Graduate,39700.0,Private,11.5,Mid-size,Family,0.0,4,3,0.0,24600.0,4600.0,8300.0,4300.0,Yes,8400.0,700.0,193500.0,104600.0,E-commerce Shopping EMI,184000.0,9,Not_Eligible,500.0
38.0,Female,Married,Post Graduate,48600.0,Private,2.2,Large Indian,Own,0.0,4,3,13400.0,0.0,6700.0,8600.0,3100.0,Yes,5400.0,632.0,316900.0,130000.0,Home Appliances EMI,86000.0,8,Not_Eligible,3511.2
32.0,Male,Married,Graduate,63400.0,Self-employed,4.5,Mid-size,Rented,11500.0,5,4,0.0,0.0,9400.0,18600.0,10100.0,No,0.0,664.0,461900.0,126500.0,Education EMI,453000.0,17,Not_Eligible,6831.0
27.0,Female,Single,Post Graduate,24100.0,Self-employed,0.5,Large Indian,Family,0.0,2,1,0.0,19900.0,2600.0,6500.0,1700.0,Yes,5400.0,615.0,23600.0,14100.0,Personal Loan EMI,365000.0,12,Not_Eligible,500.0
32.0,Male,Married,Professional,72500.0,Private,2.4,MNC,Rented,21000.0,3,2,0.0,12800.0,6900.0,17600.0,12500.0,No,0.0,718.0,466600.0,192100.0,Education EMI,287000.0,20,Not_Eligible,935.0
58.0,Female,Married,High School,70100.0,Private,3.2,MNC,Family,0.0,4,3,0.0,0.0,7000.0,10700.0,13000.0,Yes,14600.0,704.0,116900.0,41300.0,Vehicle EMI,1.202e+06,33,Not_Eligible,6944.0
48.0,Male,Single,Post Graduate,114700.0,Private,0.5,Large Indian,Rented,34400.0,1,0,0.0,0.0,8100.0,19400.0,12400.0,No,0.0,665.0,459300.0,215300.0,E-commerce Shopping EMI,133000.0,15,Eligible,16160.0
38.0,Male,Married,Post Graduate,60000.0,Self-employed,9.8,Startup,Own,0.0,3,2,4700.0,0.0,6700.0,16700.0,5100.0,No,0.0,727.0,446500.0,93100.0,E-commerce Shopping EMI,90000.0,23,Eligible,13266.0
48.0,Male,Married,Graduate,42300.0,Private,1.8,Large Indian,Rented,8900.0,2,1,10100.0,0.0,3800.0,12500.0,3300.0,Yes,5200.0,593.0,254100.0,134500.0,Education EMI,441000.0,33,Not_Eligible,500.0
27.0,Male,Married,Post Graduate,107700.0,Private,0.5,Mid-size,Family,0.0,3,2,15000.0,0.0,16000.0,20000.0,10500.0,No,0.0,757.0,152100.0,81400.0,Education EMI,406000.0,33,High_Risk,17740.8
27.0,Female,Married,Graduate,115800.0,Private,0.7,Large Indian,Family,0.0,2,1,0.0,0.0,8600.0,29200.0,7600.0,Yes,26900.0,609.0,195100.0,77400.0,Home Appliances EMI,216000.0,11,Not_Eligible,7795.2
27.0,Male,Married,High School,56000.0,Government,0.7,MNC,Rented,13100.0,4,3,11000.0,0.0,6000.0,12800.0,4600.0,No,0.0,850.0,127800.0,42200.0,Vehicle EMI,80000.0,35,Eligible,5100.0
58.0,Female,Married,Professional,73500.0,Private,5.0,Small,Rented,14600.0,3,2,11000.0,0.0,10300.0,16600.0,3900.0,No,0.0,767.0,47400.0,22200.0,Vehicle EMI,1.482e+06,55,Not_Eligible,8208.0
32.0,Male,Single,Post Graduate,9545.0,Self-employed,7.0,Large Indian,Family,0.0,2,1,0.0,0.0,4400.0,11300.0,3300.0,No,0.0,689.0,220100.0,117600.0,Home Appliances EMI,28000.0,24,Eligible,9360.0
58.0,Male,Married,Graduate,34400.0,Private,31.5,Mid-size,Own,0.0,5,4,2900.0,0.0,4100.0,5400.0,4600.0,Yes,8400.0,667.0,47400.0,13400.0,Personal Loan EMI,901000.0,22,Not_Eligible,2520.0
32.0,Male,Married,Graduate,50800.0,Self-employed,3.6,Mid-size,Family,0.0,2,1,0.0,17300.0,3100.0,15000.0,7000.0,No,0.0,694.0,70700.0,30600.0,Home Appliances EMI,62000.0,36,Eligible,3024.0
32.0,Male,Single,High School,71600.0,Private,5.6,MNC,Own,0.0,2,1,14300.0,0.0,8200.0,18300.0,7700.0,No,0.0,694.0,444900.0,208900.0,Personal Loan EMI,245000.0,48,Eligible,12705.0
48.0,Male,Married,Professional,52400.0,Private,14.5,Large Indian,Family,0.0,4,3,4000.0,6900.0,5300.0,8100.0,8400.0,Yes,6000.0,714.0,336100.0,127600.0,E-commerce Shopping EMI,123000.0,3,Not_Eligible,5274.5
38.0,Male,Married,Graduate,95500.0,Private,12.6,Mid-size,Rented,15900.0,4,3,11100.0,0.0,11900.0,19900.0,5300.0,Yes,28200.0,748.0,424900.0,203700.0,Education EMI,77000.0,44,Not_Eligible,1120.0
48.0,FEMALE,Married,Graduate,54100.0,Government,15.5,Large Indian,Rented,15300.0,3,2,0.0,0.0,4900.0,14400.0,7400.0,No,0.0,740.0,295300.0,163300.0,Education EMI,176000.0,36,High_Risk,6655.0
27.0,Female,Single,Graduate,37300.0,Private,0.7,Large Indian,Family,0.0,1,0,0.0,0.0,3000.0,9100.0,4200.0,Yes,9700.0,604.0,216300.0,109600.0,Vehicle EMI,261000.0,27,Not_Eligible,2531.2
48.0,Male,Married,Graduate,76200.0,Private,10.0,Mid-size,Own,0.0,4,3,9400.0,0.0,5800.0,18300.0,8300.0,Yes,22900.0,671.0,231300.0,129100.0,Home Appliances EMI,108000.0,29,Not_Eligible,4025.0
32.0,Female,Married,Graduate,31100.0,Government,0.5,Startup,Rented,6600.0,3,2,3900.0,24600.0,2200.0,8800.0,4400.0,Yes,4000.0,654.0,215800.0,105600.0,Personal Loan EMI,598000.0,31,Not_Eligible,500.0
38.0,Male,Married,Professional,107500.0,Private,0.5,Mid-size,Own,0.0,3,2,0.0,0.0,12000.0,29200.0,20100.0,No,0.0,751.0,742700.0,247300.0,Vehicle EMI,547000.0,27,High_Risk,24393.6
27.0,Female,Single,Post Graduate,98600.0,Government,1.0,Large Indian,Family,,2,1,0.0,0.0,6400.0,21700.0,17200.0,No,0.0,728.0,104600.0,21800.0,Vehicle EMI,1.066e+06,63,Not_Eligible,21320.0
38.0,Female,Married,Graduate,46200.0,Private,1.2,MNC,Rented,9000.0,3,2,0.0,0.0,6300.0,9600.0,4200.0,No,0.0,684.0,66300.0,16600.0,E-commerce Shopping EMI,46000.0,7,Not_Eligible,6840.0
32.0,Male,Married,Graduate,20000.0,Private,2.0,Large Indian,Rented,6400.0,4,3,0.0,0.0,1600.0,5700.0,3400.0,Yes,2500.0,782.0,137800.0,65300.0,Vehicle EMI,985000.0,43,Not_Eligible,500.0
27.0,Male,Single,Graduate,55000.0,Private,2.6,Mid-size,Rented,17400.0,2,1,10600.0,20700.0,3800.0,8500.0,4400.0,Yes,12400.0,597.0,342700.0,193500.0,Vehicle EMI,228000.0,81,Not_Eligible,500.0
38.0,Female,Married,Post Graduate,97400.0,Private,0.6,Startup,Rented,15000.0,5,4,7600.0,0.0,12500.0,16100.0,8600.0,No,0.0,783.0,79300.0,40600.0,Vehicle EMI,309000.0,17,Not_Eligible,14438.4
58.0,Male,Married,Graduate,79400.0,Private,3.2,Large Indian,Family,0.0,4,3,3400.0,10100.0,4600.0,22400.0,11000.0,No,0.0,605.0,448000.0,160600.0,Home Appliances EMI,72000.0,36,Eligible,11160.0
48.0,Male,Married,Graduate,65800.0,Private,11.2,Small,Own,0.0,4,3,14900.0,0.0,9200.0,11500.0,12400.0,Yes,11000.0,618.0,275500.0,70500.0,Personal Loan EMI,629000.0,28,Not_Eligible,1904.0
32.0,Female,Married,Post Graduate,23400.0,Private,1.2,Startup,Family,0.0,4,3,4300.0,7800.0,3000.0,3900.0,4200.0,Yes,6300.0,1200.0,182700.0,75800.0,Vehicle EMI,343000.0,50,Not_Eligible,500.0
32.0,Female,Married,High School,35400.0,Private,0.5,Mid-size,Rented,,2,1,0.0,0.0,2800.0,5600.0,5400.0,No,0.0,671.0,240200.0,78100.0,Home Appliances EMI,50000.0,31,Eligible,4092.0
27.0,Female,Single,High School,33300.0,Private,0.6,MNC,Own,0.0,3,2,2000.0,0.0,4000.0,8100.0,5300.0,Yes,4200.0,608.0,119900.0,27800.0,Education EMI,97000.0,26,Not_Eligible,2172.8
58.0,Male,Single,Graduate,78000.0,Government,15.8,Large Indian,Rented,13000.0,3,2,11300.0,0.0,6400.0,17700.0,9600.0,No,0.0,850.0,150200.0,71900.0,Personal Loan EMI,717000.0,26,Not_Eligible,10560.0
38.0,Female,Married,Graduate,62300.0,Self-employed,5.3,Large Indian,Family,0.0,2,1,15000.0,0.0,4100.0,15900.0,10100.0,No,0.0,702.0,241100.0,67800.0,Vehicle EMI,1.469e+06,73,Not_Eligible,7740.0
27.0,Female,Single,Graduate,63000.0,Government,1.6,MNC,Rented,10400.0,3,2,12200.0,0.0,5100.0,16200.0,4800.0,No,0.0,706.0,128700.0,56300.0,Personal Loan EMI,431000.0,59,Not_Eligible,7150.0
32.0,Male,Married,Post Graduate,23400.0,Government,1.4,Large Indian,Rented,7700.0,2,1,14100.0,21700.0,1700.0,4700.0,3500.0,No,0.0,1200.0,111200.0,38600.0,Vehicle EMI,423000.0,49,Not_Eligible,500.0
58.0,Male,Married,Graduate,51300.0,Private,18.8,Startup,Family,0.0,2,1,0.0,14200.0,6900.0,13200.0,10000.0,No,0.0,684.0,281700.0,136100.0,E-commerce Shopping EMI,39000.0,18,Eligible,3500.0
38.0,Male,Married,High School,40700.0,Private,2.6,Small,Family,0.0,3,2,2800.0,0.0,5700.0,8800.0,2800.0,No,0.0,624.0,232900.0,95700.0,Personal Loan EMI,745000.0,37,Not_Eligible,8240.0
48.0,Male,Married,Post Graduate,23300.0,Private,26.0,Mid-size,Own,0.0,3,2,0.0,0.0,1400.0,6500.0,2900.0,Yes,3600.0,599.0,174900.0,91800.0,Home Appliances EMI,49000.0,12,Not_Eligible,2741.2
38.0,Male,Single,High School,67200.0,Private,1.1,MNC,Rented,16700.0,2,1,0.0,0.0,9800.0,12900.0,8800.0,No,0.0,678.0,391800.0,199900.0,Personal Loan EMI,905000.0,54,Not_Eligible,9500.0
32.0,Female,Married,Professional,33500.0,Private,1.8,MNC,Own,0.0,4,3,12500.0,0.0,3300.0,9700.0,2000.0,No,0.0,695.0,78000.0,26900.0,Vehicle EMI,90000.0,61,Eligible,3000.0
48.0,Female,Married,Graduate,22300.0,Government,11.6,Startup,Rented,4900.0,3,2,4600.0,0.0,1200.0,4500.0,2900.0,No,0.0,801.0,17000.0,6700.0,Home Appliances EMI,228000.0,13,Not_Eligible,2217.6
27.0,Male,Married,Graduate,85500.0,Private,2.6,MNC,Family,0.0,4,3,4700.0,0.0,6800.0,15000.0,12200.0,Yes,24400.0,762.0,548100.0,303000.0,E-commerce Shopping EMI,17000.0,3,Eligible,10348.8
38.0,Male,Married,Graduate,50200.0,Private,1.3,Startup,Own,0.0,3,2,0.0,0.0,3400.0,11100.0,6600.0,Yes,8900.0,719.0,197400.0,96400.0,Vehicle EMI,455000.0,61,Not_Eligible,7070.0
38.0,Male,Married,Post Graduate,105800.0,Private,0.5,Mid-size,Family,0.0,2,1,12300.0,0.0,10800.0,18300.0,10400.0,No,0.0,787.0,483900.0,108000.0,E-commerce Shopping EMI,69000.0,23,Eligible,25920.0
48.0,Male,Married,High School,306147.0,Private,3.7,Mid-size,Rented,17500.0,2,1,0.0,0.0,4300.0,17000.0,7300.0,No,0.0,840.0,66800.0,21600.0,Home Appliances EMI,144000.0,24,Eligible,10368.0
32.0,Male,Married,Post Graduate,98500.0,Private,3.8,Large Indian,Family,0.0,2,1,7400.0,15600.0,10400.0,17600.0,11100.0,No,0.0,720.0,60900.0,22200.0,E-commerce Shopping EMI,56000.0,24,Eligible,14560.0
27.0,Female,Single,Post Graduate,39600.0,Private,0.6,Mid-size,Own,0.0,2,1,0.0,0.0,2100.0,8600.0,6100.0,Yes,6300.0,693.0,164300.0,53200.0,Personal Loan EMI,268000.0,27,Not_Eligible,4620.0
38.0,Male,Married,Post Graduate,58400.0,Private,0.5,MNC,Rented,17400.0,2,1,6100.0,0.0,7700.0,11300.0,10500.0,No,0.0,688.0,266100.0,83400.0,Vehicle EMI,903000.0,73,Not_Eligible,2160.0
38.0,Female,Married,Graduate,58100.0,Private,0.5,Mid-size,Family,0.0,4,3,7800.0,9500.0,5200.0,15000.0,4400.0,No,0.0,562.0,443900.0,123800.0,Education EMI,441000.0,25,Not_Eligible,5702.4
32.0,Female,Single,Post Graduate,23700.0,Private,0.8,MNC,Own,0.0,2,1,0.0,0.0,1800.0,4700.0,3300.0,Yes,6700.0,614.0,126700.0,31200.0,Vehicle EMI,426000.0,38,Not_Eligible,1612.8
58.0,Male,Married,Graduate,70000.0,Government,1.4,Large Indian,Own,0.0,3,2,9600.0,0.0,6100.0,12700.0,5500.0,Yes,18300.0,654.0,544200.0,304500.0,Education EMI,262000.0,13,Not_Eligible,6853.0
38.0,Male,Married,Post Graduate,170800.0,Self-employed,2.4,Startup,Rented,57000.0,3,2,0.0,0.0,23700.0,39200.0,26900.0,Yes,18000.0,665.0,89000.0,48200.0,Personal Loan EMI,312000.0,18,Not_Eligible,1512.0
48.0,Female,Married,Graduate,18000.0,Self-employed,22.9,Large Indian,Family,0.0,4,3,0.0,0.0,1200.0,3900.0,3500.0,No,0.0,658.0,111600.0,63000.0,Personal Loan EMI,932000.0,50,Not_Eligible,4653.0
38.0,Male,Married,Graduate,73300.0,Private,2.7,Large Indian,Family,0.0,4,3,8500.0,22000.0,6300.0,13100.0,14500.0,Yes,18700.0,643.0,44200.0,26500.0,Education EMI,216000.0,42,Not_Eligible,500.0
32.0,Male,Single,Graduate,54700.0,Government,10.0,MNC,Own,0.0,3,2,10600.0,23800.0,3400.0,13900.0,4100.0,Yes,8000.0,687.0,65400.0,23100.0,Education EMI,311000.0,8,Not_Eligible,500.0
38.0,Male,Married,Post Graduate,45500.0,Private,0.5,MNC,Family,0.0,5,4,3000.0,12400.0,2400.0,8600.0,6400.0,No,0.0,742.0,274500.0,157900.0,Home Appliances EMI,287000.0,20,Not_Eligible,5588.0
38.0,Male,Single,Graduate,25800.0,Government,9.6,MNC,Own,0.0,3,2,2600.0,0.0,1700.0,7400.0,2200.0,Yes,2800.0,647.0,61900.0,26500.0,Home Appliances EMI,26000.0,36,Eligible,2802.8
38.0,Female,Married,Professional,104600.0,Private,3.2,Startup,Rented,30200.0,3,2,9700.0,0.0,14300.0,26800.0,19900.0,No,0.0,716.0,182200.0,87000.0,Education EMI,486000.0,6,Not_Eligible,1480.0
27.0,Male,Married,High School,37500.0,Private,0.5,Large Indian,Own,0.0,4,3,6200.0,0.0,3800.0,8800.0,5600.0,Yes,4000.0,671.0,101000.0,57100.0,E-commerce Shopping EMI,87000.0,11,Not_Eligible,2548.0
32.0,Male,Married,Graduate,61800.0,Government,0.5,Large Indian,Rented,12000.0,3,2,13300.0,0.0,4000.0,14100.0,7100.0,No,0.0,731.0,162500.0,69000.0,Vehicle EMI,991000.0,83,Not_Eligible,5650.0
38.0,Male,Married,Post Graduate,54200.0,Self-employed,3.5,Startup,Own,0.0,3,2,0.0,0.0,8100.0,13500.0,10600.0,Yes,10300.0,613.0,31900.0,17100.0,Home Appliances EMI,184000.0,6,Not_Eligible,2358.72
38.0,Female,Married,Post Graduate,57600.0,Private,3.9,Large Indian,Family,0.0,4,3,4800.0,9000.0,4500.0,13900.0,6900.0,Yes,13600.0,633.0,332400.0,99100.0,Home Appliances EMI,161000.0,11,Not_Eligible,1372.0
58.0,Female,Married,Professional,88000.0,Private,18.5,Startup,Rented,24200.0,2,1,0.0,15500.0,12000.0,13800.0,9700.0,No,0.0,705.0,79900.0,46500.0,Education EMI,388000.0,7,Not_Eligible,5120.0
48.0,Male,Married,Post Graduate,31700.0,Private,2.0,Mid-size,Rented,6500.0,4,3,0.0,0.0,2500.0,5600.0,5500.0,No,0.0,507.0,182800.0,38000.0,Home Appliances EMI,216000.0,25,Not_Eligible,2900.0
32.0,Male,Married,Post Graduate,31900.0,Self-employed,1.9,Startup,Rented,5700.0,3,2,0.0,0.0,2700.0,5300.0,4500.0,No,0.0,735.0,76000.0,25400.0,Education EMI,252000.0,40,Not_Eligible,6165.0
48.0,Male,Married,Post Graduate,5193.0,Private,0.8,MNC,Own,0.0,4,3,0.0,0.0,3700.0,6200.0,4600.0,No,0.0,636.0,122300.0,67000.0,Personal Loan EMI,340000.0,56,Not_Eligible,3680.0
32.0,Male,Married,Post Graduate,184900.0,Self-employed,0.5,Mid-size,Rented,63900.0,2,1,10900.0,0.0,27500.0,54200.0,15700.0,Yes,22600.0,686.0,225200.0,99600.0,Home Appliances EMI,176000.0,13,Not_Eligible,500.0
27.0,Male,Married,Professional,131900.0,Private,4.2,Large Indian,Own,0.0,4,3,0.0,0.0,15300.0,30000.0,14600.0,Yes,14000.0,716.0,580100.0,239800.0,Personal Loan EMI,658000.0,56,High_Risk,20300.0
48.0,Female,Married,Graduate,30800.0,Government,9.5,Large Indian,Own,0.0,2,1,5900.0,0.0,3600.0,5000.0,4600.0,Yes,4000.0,748.0,91600.0,34700.0,Home Appliances EMI,227000.0,21,Not_Eligible,2964.5
48.0,Male,Married,Graduate,38700.0,Self-employed,3.3,MNC,Rented,10000.0,4,3,12700.0,22600.0,2000.0,10500.0,7400.0,No,0.0,711.0,260400.0,127900.0,Personal Loan EMI,864000.0,19,Not_Eligible,500.0
38.0,Male,Married,Post Graduate,69500.0,Private,0.5,Large Indian,Own,0.0,2,1,9100.0,0.0,9800.0,19100.0,7600.0,No,0.0,680.0,120000.0,54000.0,Vehicle EMI,581000.0,26,Not_Eligible,7648.0
27.0,Male,Single,Graduate,50100.0,Private,0.5,Startup,Own,0.0,2,1,9400.0,0.0,2900.0,9100.0,7200.0,No,0.0,661.0,244500.0,105300.0,E-commerce Shopping EMI,135000.0,14,Not_Eligible,8600.0
38.0,Female,Single,Professional,69400.0,Private,1.1,Mid-size,Own,0.0,2,1,14900.0,0.0,4000.0,10500.0,12500.0,Yes,19700.0,589.0,186200.0,75500.0,Vehicle EMI,1.22e+06,27,Not_Eligible,2184.0
48.0,Female,Married,Professional,110700.0,Private,5.1,Large Indian,Rented,28800.0,4,3,10500.0,0.0,8800.0,24600.0,11100.0,No,0.0,785.0,152400.0,49500.0,Home Appliances EMI,171000.0,26,Eligible,12912.0
32.0,Male,Married,Graduate,37200.0,Self-employed,3.2,Mid-size,Family,0.0,3,2,8600.0,0.0,3900.0,6600.0,5900.0,No,0.0,681.0,214400.0,78900.0,Home Appliances EMI,41000.0,29,Eligible,5490.0
27.0,Male,Married,High School,47500.0,Private,4.7,MNC,Rented,7400.0,3,2,14300.0,0.0,3400.0,11200.0,6300.0,No,0.0,684.0,235200.0,56700.0,Home Appliances EMI,237000.0,36,Not_Eligible,2450.0
38.0,Female,Married,Graduate,33800.0,Self-employed,2.7,Mid-size,Family,0.0,5,4,7200.0,5800.0,3300.0,8100.0,5200.0,Yes,7900.0,621.0,255000.0,139700.0,Personal Loan EMI,753000.0,45,Not_Eligible,500.0
48.0,Male,Married,Graduate,48800.0,Private,3.6,MNC,Own,0.0,3,2,9100.0,0.0,7000.0,13200.0,6400.0,Yes,14300.0,619.0,218300.0,126900.0,E-commerce Shopping EMI,158000.0,21,Not_Eligible,500.0
58.0,Female,Married,Post Graduate,81400.0,Government,3.3,MNC,Rented,22500.0,2,1,11100.0,0.0,8800.0,22000.0,4200.0,No,0.0,743.0,606100.0,183200.0,Home Appliances EMI,288000.0,12,Not_Eligible,7744.0
32.0,Male,Single,Post Graduate,23400.0,Government,6.2,Mid-size,Own,0.0,2,1,12300.0,0.0,2800.0,6300.0,3700.0,No,0.0,788.0,135900.0,47700.0,E-commerce Shopping EMI,174000.0,12,Not_Eligible,500.0
38.0,Male,Married,Graduate,55400.0,Self-employed,2.5,Large Indian,Family,0.0,4,3,0.0,17200.0,5200.0,16400.0,10700.0,No,0.0,631.0,128800.0,51600.0,Vehicle EMI,240000.0,65,Not_Eligible,2124.0
27.0,male,Married,Post Graduate,54200.0,Private,4.0,Large Indian,Own,0.0,3,2,6400.0,0.0,6900.0,14000.0,4000.0,No,0.0,680.0,35700.0,11500.0,Vehicle EMI,1.459e+06,47,Not_Eligible,9160.0
32.0,Female,Married,Graduate,73200.0,Government,0.5,Large Indian,Family,0.0,4,3,14200.0,0.0,7500.0,12400.0,5200.0,No,0.0,689.0,326600.0,125600.0,Vehicle EMI,1.046e+06,35,Not_Eligible,16950.0
48.0,Male,Married,Graduate,42100.0,Government,20.3,Startup,Family,0.0,5,4,13800.0,0.0,5500.0,7300.0,3500.0,No,0.0,753.0,228700.0,133100.0,Vehicle EMI,1.393e+06,80,Not_Eligible,7920.0
38.0,Male,Married,High School,32500.0,Private,5.0,Large Indian,Rented,8100.0,3,2,7900.0,6300.0,2700.0,5900.0,6200.0,No,0.0,750.0,19700.0,9000.0,Vehicle EMI,1.321e+06,13,Not_Eligible,500.0
38.0,Female,Married,Graduate,43300.0,Private,4.0,Mid-size,Rented,12700.0,3,2,0.0,6000.0,5100.0,10700.0,3900.0,Yes,8200.0,578.0,36400.0,8400.0,E-commerce Shopping EMI,82000.0,22,Not_Eligible,500.0
38.0,Male,Married,Post Graduate,51500.0,Private,1.2,MNC,Own,0.0,2,1,12300.0,0.0,6200.0,11700.0,7200.0,No,0.0,594.0,284000.0,150700.0,Education EMI,180000.0,15,Not_Eligible,5640.0
32.0,Male,Married,Professional,57700.0,Self-employed,1.2,MNC,Rented,16800.0,3,2,7900.0,0.0,4600.0,15600.0,9800.0,No,0.0,780.0,436100.0,142200.0,Education EMI,432000.0,25,Not_Eligible,1782.0
58.0,Male,Married,Post Graduate,58700.0,Private,9.2,Large Indian,Own,0.0,4,3,10700.0,0.0,7400.0,16200.0,6500.0,Yes,12400.0,671.0,454300.0,188900.0,Education EMI,414000.0,48,Not_Eligible,2117.5
38.0,Female,Married,Post Graduate,64200.0,Private,6.0,Large Indian,Own,0.0,3,2,12000.0,0.0,4100.0,10200.0,10100.0,No,0.0,805.0,469300.0,183200.0,Education EMI,283000.0,10,Not_Eligible,18348.0
38.0,Male,Married,Graduate,7567.0,Self-employed,1.7,Small,Rented,22900.0,2,1,4300.0,0.0,8300.0,20400.0,8500.0,Yes,16900.0,697.0,156600.0,73900.0,E-commerce Shopping EMI,163000.0,15,Not_Eligible,2746.8
48.0,Male,Married,Graduate,74100.0,Private,12.0,Startup,Rented,22300.0,3,2,9100.0,18100.0,3900.0,14100.0,9800.0,No,0.0,715.0,54200.0,30400.0,Home Appliances EMI,95000.0,32,Not_Eligible,500.0
58.0,Male,Married,Graduate,61600.0,Private,12.2,Large Indian,Rented,10700.0,5,4,5400.0,0.0,8700.0,15400.0,3700.0,No,0.0,806.0,236400.0,115700.0,Education EMI,174000.0,16,Not_Eligible,10620.0
32.0,Male,Married,Professional,73400.0,Private,0.5,MNC,Rented,16700.0,5,4,6800.0,0.0,5900.0,18500.0,8400.0,Yes,18100.0,642.0,51600.0,16400.0,E-commerce Shopping EMI,78000.0,22,Not_Eligible,500.0
32.0,Female,Married,High School,28400.0,Private,1.2,Large Indian,Rented,8300.0,4,3,7800.0,0.0,4100.0,5200.0,2800.0,No,0.0,782.0,172400.0,92900.0,E-commerce Shopping EMI,58000.0,3,Not_Eligible,500.0
38.0,Male,Married,Graduate,27800.0,Private,7.2,Mid-size,Family,0.0,2,1,0.0,17400.0,4000.0,7200.0,1600.0,No,0.0,824.0,188000.0,68800.0,Education EMI,72000.0,27,Not_Eligible,500.0
32.0,Female,Married,Post Graduate,57800.0,Government,3.9,Startup,Rented,19000.0,2,1,14200.0,19500.0,5100.0,9000.0,4600.0,Yes,7300.0,793.0,426700.0,149400.0,Vehicle EMI,82000.0,25,Not_Eligible,500.0
58.0,Female,Married,High School,65300.0,Self-employed,1.8,Large Indian,Own,0.0,3,2,8200.0,5700.0,8600.0,14900.0,7700.0,No,0.0,742.0,233600.0,128400.0,Vehicle EMI,420000.0,16,Not_Eligible,9090.0
48.0,Male,Married,Post Graduate,42000.0,Government,24.8,Large Indian,Family,0.0,3,2,0.0,18500.0,5700.0,9100.0,7800.0,No,0.0,815.0,228900.0,126700.0,Home Appliances EMI,48000.0,33,Not_Eligible,594.0
38.0,Male,Married,Post Graduate,88300.0,Self-employed,2.4,MNC,Rented,15100.0,4,3,8600.0,0.0,11800.0,17900.0,13000.0,Yes,11100.0,736.0,100400.0,44300.0,Home Appliances EMI,277000.0,30,Not_Eligible,2721.6
38.0,Female,Married,Graduate,25000.0,Private,1.7,Mid-size,Family,0.0,3,2,0.0,23400.0,3600.0,4700.0,4400.0,Yes,3900.0,597.0,18700.0,4300.0,E-commerce Shopping EMI,99000.0,9,Not_Eligible,500.0
58.0,Male,Married,Professional,85500.0,Private,10.0,Large Indian,Rented,29100.0,3,2,4400.0,0.0,5900.0,20700.0,8900.0,No,0.0,721.0,295200.0,147900.0,Personal Loan EMI,144000.0,47,Eligible,8250.0
32.0,Female,Single,Professional,11608.0,Private,1.7,Mid-size,Rented,20100.0,1,0,0.0,0.0,7300.0,11700.0,10600.0,Yes,17200.0,663.0,69000.0,15400.0,Home Appliances EMI,103000.0,20,Not_Eligible,2352.0
27.0,Male,Single,Professional,157300.0,Private,2.3,Small,Own,0.0,1,0,0.0,0.0,20400.0,34000.0,24000.0,No,0.0,732.0,967000.0,485500.0,Home Appliances EMI,219000.0,28,Eligible,43395.0
48.0,Male,Married,High School,38000.0,Private,5.3,Large Indian,Own,0.0,4,3,0.0,0.0,4100.0,10500.0,6300.0,Yes,8700.0,729.0,49100.0,15700.0,Home Appliances EMI,147000.0,24,Not_Eligible,2352.0
32.0,Female,Married,Graduate,58900.0,Government,5.7,Mid-size,Own,0.0,2,1,0.0,23600.0,4200.0,10400.0,3200.0,Yes,9400.0,603.0,398600.0,201600.0,Home Appliances EMI,140000.0,24,Not_Eligible,2744.28
48.0,Male,Married,Graduate,28000.0,Government,8.6,MNC,Family,0.0,4,3,0.0,0.0,2500.0,6000.0,2900.0,No,0.0,812.0,61600.0,36600.0,Home Appliances EMI,35000.0,36,Eligible,10956.0
27.0,Male,Single,Post Graduate,52200.0,Private,0.5,MNC,Family,0.0,1,0,0.0,0.0,3900.0,12900.0,7900.0,Yes,8800.0,617.0,102400.0,59400.0,Home Appliances EMI,252000.0,9,Not_Eligible,3351.04
38.0,Male,Married,Graduate,51500.0,Private,2.9,MNC,Own,11810.0,5,4,12400.0,0.0,4600.0,10200.0,9800.0,No,0.0,625.0,135800.0,29600.0,Vehicle EMI,837000.0,78,Not_Eligible,5800.0
38.0,Male,Married,Post Graduate,44800.0,Private,0.5,MNC,Rented,11400.0,3,2,7100.0,0.0,5400.0,7200.0,6000.0,No,0.0,644.0,329000.0,69000.0,Home Appliances EMI,71000.0,26,Not_Eligible,2710.4
38.0,Male,Married,Professional,30400.0,Self-employed,0.5,Startup,Rented,9200.0,3,2,8600.0,0.0,3500.0,7600.0,5000.0,No,0.0,689.0,35300.0,16700.0,Home Appliances EMI,292000.0,22,Not_Eligible,500.0
27.0,Male,Single,Graduate,61200.0,Private,0.7,MNC,Own,0.0,2,1,0.0,0.0,6600.0,17100.0,8400.0,No,0.0,603.0,397200.0,214200.0,Vehicle EMI,1.18e+06,56,Not_Eligible,10243.2
38.0,Male,Married,Post Graduate,54300.0,Private,2.2,Small,Own,0.0,5,4,0.0,0.0,4900.0,11600.0,4500.0,No,0.0,706.0,426400.0,120400.0,Home Appliances EMI,220000.0,20,Eligible,18315.0
58.0,Male,Married,Post Graduate,91900.0,Self-employed,6.0,Mid-size,Own,0.0,3,2,4000.0,0.0,10000.0,15000.0,10000.0,No,0.0,638.0,387200.0,154300.0,Home Appliances EMI,160000.0,36,Eligible,19044.0
38.0,Female,Married,Graduate,114100.0,Government,7.8,Small,Family,0.0,2,1,0.0,0.0,12400.0,22100.0,11600.0,No,0.0,850.0,619800.0,295800.0,Education EMI,222000.0,35,Eligible,44880.0
48.0,Male,Married,Graduate,52500.0,Private,11.8,Mid-size,Own,0.0,3,2,14800.0,11800.0,4600.0,13900.0,3400.0,Yes,7900.0,672.0,32900.0,17100.0,E-commerce Shopping EMI,176000.0,19,Not_Eligible,500.0
27.0,Female,Married,Professional,77600.0,Private,1.8,Mid-size,Own,0.0,3,2,2300.0,0.0,5000.0,19800.0,14300.0,No,0.0,807.0,570600.0,328600.0,E-commerce Shopping EMI,151000.0,8,High_Risk,23892.0
32.0,Male,Married,Graduate,59600.0,Self-employed,1.2,Startup,Own,8441.0,5,4,0.0,0.0,6000.0,11300.0,5900.0,No,0.0,694.0,47400.0,13600.0,Education EMI,308000.0,23,Not_Eligible,13104.0
27.0,Male,Married,Graduate,31000.0,Self-employed,0.5,Small,Family,0.0,3,2,11100.0,20100.0,2900.0,6600.0,5400.0,Yes,8600.0,649.0,27000.0,10400.0,Education EMI,281000.0,10,Not_Eligible,500.0
38.0,Female,Married,Professional,52300.0,Government,4.7,Large Indian,Rented,11400.0,4,3,0.0,0.0,3400.0,14400.0,7500.0,No,0.0,735.0,38200.0,8400.0,E-commerce Shopping EMI,166000.0,8,Not_Eligible,6864.0
32.0,Female,Married,Graduate,27200.0,Private,2.6,Small,Rented,6800.0,3,2,0.0,0.0,1700.0,5900.0,5100.0,No,0.0,695.0,212800.0,123900.0,E-commerce Shopping EMI,12000.0,5,Eligible,4235.0
27.0,Male,Married,Professional,78100.0,Private,2.7,Large Indian,Own,0.0,2,1,3300.0,0.0,6000.0,20400.0,6000.0,No,0.0,776.0,564100.0,136600.0,Vehicle EMI,177000.0,46,Eligible,27984.0
32.0,Female,Single,Graduate,50000.0,Government,3.9,Large Indian,Rented,12800.0,2,1,8700.0,9700.0,4800.0,12500.0,7100.0,Yes,5400.0,710.0,307300.0,116100.0,Home Appliances EMI,89000.0,23,Not_Eligible,500.0
32.0,Male,Single,Graduate,23300.0,Private,1.1,MNC,Rented,3900.0,3,2,0.0,0.0,1400.0,5600.0,3900.0,Yes,5900.0,603.0,64900.0,31900.0,Home Appliances EMI,157000.0,34,Not_Eligible,728.0
26.0,Female,Single,Post Graduate,74312.0,Government,5.0,MNC,Rented,22900.0,2,1,3700.0,0.0,8500.0,13200.0,5600.0,Yes,14200.0,709.0,201200.0,101200.0,Education EMI,285000.0,47,Not_Eligible,1848.0
32.0,Male,Single,Post Graduate,48800.0,Private,1.8,Large Indian,Own,0.0,2,1,13600.0,0.0,2900.0,12200.0,8800.0,No,0.0,663.0,201700.0,93000.0,Vehicle EMI,1.145e+06,61,Not_Eligible,5650.0
48.0,Male,Married,High School,27600.0,Private,14.6,Startup,Family,0.0,2,1,0.0,0.0,2400.0,8300.0,3300.0,No,0.0,645.0,117900.0,28400.0,E-commerce Shopping EMI,37000.0,11,Eligible,5440.0
27.0,Male,Single,Graduate,43400.0,Private,2.4,MNC,Own,0.0,1,0,0.0,0.0,3100.0,11000.0,6600.0,No,0.0,639.0,79200.0,32800.0,E-commerce Shopping EMI,19000.0,3,High_Risk,7264.0
58.0,Male,Married,Graduate,37400.0,Private,13.1,Large Indian,Rented,7100.0,3,2,0.0,0.0,3400.0,6300.0,4500.0,Yes,11100.0,599.0,290100.0,71000.0,Education EMI,83000.0,17,Not_Eligible,1540.0
32.0,Male,Married,Post Graduate,99700.0,Private,1.1,Large Indian,Own,0.0,3,2,0.0,0.0,14600.0,19500.0,7500.0,Yes,17100.0,750.0,283100.0,152900.0,Vehicle EMI,482000.0,42,Eligible,17220.0
48.0,Male,Married,Graduate,26000.0,Government,23.2,MNC,Rented,4700.0,4,3,12600.0,20700.0,1500.0,6400.0,4400.0,No,0.0,789.0,174900.0,81000.0,Personal Loan EMI,494000.0,50,Not_Eligible,500.0
38.0,Male,Married,Post Graduate,50600.0,Self-employed,1.9,Mid-size,Family,0.0,3,2,0.0,0.0,2500.0,9800.0,2900.0,Yes,5900.0,735.0,111900.0,43500.0,Personal Loan EMI,199000.0,14,Not_Eligible,9292.5
48.0,Female,Married,Graduate,33600.0,Private,0.5,Mid-size,Own,0.0,4,3,7100.0,0.0,4300.0,6500.0,5600.0,No,0.0,685.0,74900.0,29000.0,E-commerce Shopping EMI,94000.0,11,Not_Eligible,4040.0
38.0,Male,Married,Post Graduate,64600.0,Private,6.8,Mid-size,Own,0.0,4,3,6400.0,24600.0,6300.0,16700.0,8300.0,No,0.0,767.0,324500.0,71500.0,Home Appliances EMI,137000.0,36,Not_Eligible,1380.0
38.0,Male,Married,Professional,117700.0,Self-employed,1.3,MNC,Rented,29800.0,3,2,0.0,0.0,8600.0,27300.0,17100.0,No,0.0,688.0,59000.0,13800.0,Education EMI,214000.0,36,Eligible,12564.0
48.0,Male,Married,High School,46600.0,Private,8.6,Large Indian,Own,0.0,2,1,0.0,0.0,4200.0,11700.0,5500.0,No,0.0,724.0,327700.0,123600.0,Education EMI,467000.0,19,Not_Eligible,13860.0
38.0,Female,Married,Graduate,61400.0,Government,0.9,Large Indian,Rented,14800.0,2,1,5400.0,0.0,8500.0,17800.0,6000.0,No,0.0,709.0,388600.0,119500.0,Personal Loan EMI,585000.0,21,Not_Eligible,4895.0
27.0,Female,Married,Graduate,43300.0,Private,4.8,Startup,Family,0.0,5,4,0.0,10100.0,3800.0,11200.0,2900.0,Yes,12500.0,678.0,150800.0,70400.0,Home Appliances EMI,231000.0,25,Not_Eligible,980.0
38.0,Male,Married,Graduate,82000.0,Private,7.2,Large Indian,Family,0.0,3,2,9400.0,0.0,5100.0,16200.0,14800.0,Yes,14600.0,641.0,153300.0,65300.0,E-commerce Shopping EMI,197000.0,21,Not_Eligible,4905.6
38.0,Male,Married,Professional,46000.0,Private,0.5,MNC,Rented,8100.0,4,3,0.0,0.0,4000.0,9800.0,5300.0,Yes,12600.0,567.0,58400.0,26700.0,Education EMI,166000.0,11,Not_Eligible,1111.04
48.0,Male,Single,High School,17500.0,Private,6.8,Mid-size,Rented,3600.0,1,0,0.0,0.0,1800.0,4000.0,3100.0,Yes,2000.0,675.0,123800.0,72800.0,Home Appliances EMI,269000.0,31,Not_Eligible,1155.0
48.0,Male,Married,Graduate,68500.0,Self-employed,0.6,Large Indian,Own,0.0,5,4,0.0,0.0,10300.0,14500.0,9000.0,Yes,16800.0,609.0,118700.0,31900.0,E-commerce Shopping EMI,15000.0,18,Eligible,3608.64
38.0,Male,Married,Graduate,87900.0,Government,1.0,Startup,Rented,14600.0,5,4,0.0,0.0,13000.0,25600.0,9000.0,Yes,14900.0,742.0,89100.0,22000.0,Education EMI,384000.0,44,Not_Eligible,3024.0
32.0,Male,Single,Graduate,22000.0,Private,0.5,Startup,Family,0.0,1,0,0.0,0.0,1200.0,4900.0,3100.0,No,0.0,703.0,117300.0,36400.0,E-commerce Shopping EMI,107000.0,18,Not_Eligible,5120.0
48.0,Male,Single,Graduate,44700.0,Private,5.7,Large Indian,Own,0.0,2,1,0.0,23100.0,2300.0,8200.0,8100.0,No,0.0,671.0,138200.0,69800.0,Vehicle EMI,241000.0,21,Not_Eligible,1500.0
48.0,Male,Married,Professional,85300.0,Private,22.3,Large Indian,Rented,17100.0,3,2,0.0,0.0,10600.0,16200.0,13300.0,No,0.0,850.0,87300.0,21900.0,Personal Loan EMI,163000.0,15,High_Risk,13488.0
32.0,Male,Single,Post Graduate,58200.0,Private,3.1,MNC,Family,0.0,2,1,6200.0,0.0,8000.0,13600.0,10400.0,No,0.0,667.0,194600.0,93800.0,Personal Loan EMI,441000.0,36,Not_Eligible,10000.0
38.0,Male,Married,Graduate,74000.0,Self-employed,2.2,Startup,Family,0.0,3,2,8000.0,0.0,10400.0,18800.0,5700.0,No,0.0,655.0,562200.0,265400.0,E-commerce Shopping EMI,158000.0,11,Not_Eligible,15394.5
58.0,Male,Married,Graduate,28600.0,Private,16.8,Large Indian,Rented,5000.0,4,3,0.0,5900.0,2000.0,8200.0,1800.0,No,0.0,652.0,115000.0,59600.0,Education EMI,319000.0,14,Not_Eligible,2850.0
38.0,Male,Married,Graduate,65700.0,Private,12.6,MNC,Rented,11700.0,3,2,12300.0,6200.0,8900.0,15900.0,10900.0,No,0.0,715.0,369800.0,118000.0,Home Appliances EMI,74000.0,14,Not_Eligible,500.0
38.0,Male,Married,Graduate,31600.0,Self-employed,9.6,Small,Rented,6000.0,4,3,6400.0,0.0,4400.0,7000.0,6100.0,No,0.0,601.0,162100.0,55400.0,Personal Loan EMI,198000.0,20,Not_Eligible,612.0
38.0,Male,Married,Graduate,132500.0,Private,6.2,MNC,Own,0.0,3,2,4400.0,0.0,10200.0,23900.0,12200.0,Yes,25300.0,735.0,96300.0,22900.0,Education EMI,208000.0,42,Eligible,15820.0
27.0,Male,Married,Graduate,39500.0,Government,0.9,Large Indian,Own,0.0,4,3,0.0,0.0,4100.0,10700.0,3200.0,Yes,10600.0,612.0,213700.0,96700.0,E-commerce Shopping EMI,125000.0,5,Not_Eligible,3052.0
32.0,Male,Married,Graduate,41000.0,Self-employed,0.5,MNC,Rented,7400.0,4,3,12800.0,0.0,3200.0,10600.0,6900.0,No,0.0,646.0,212400.0,90600.0,Vehicle EMI,1.255e+06,70,Not_Eligible,500.0
32.0,Male,Married,Post Graduate,19500.0,Private,0.5,Startup,Family,0.0,4,3,7100.0,0.0,1000.0,3600.0,3500.0,No,0.0,681.0,95900.0,25600.0,Personal Loan EMI,542000.0,17,Not_Eligible,1720.0
38.0,Male,Married,Graduate,71000.0,Private,2.2,Large Indian,Rented,17300.0,2,1,8400.0,0.0,6100.0,21100.0,9500.0,Yes,21300.0,706.0,380300.0,121000.0,E-commerce Shopping EMI,138000.0,4,Not_Eligible,500.0
48.0,Male,Married,Graduate,48300.0,Private,2.3,Large Indian,Family,0.0,3,2,11300.0,17000.0,4900.0,13000.0,6200.0,Yes,13200.0,708.0,339100.0,167300.0,Home Appliances EMI,102000.0,18,Not_Eligible,500.0
58.0,Female,Married,Graduate,109800.0,Private,4.3,Mid-size,Rented,29700.0,4,3,8800.0,0.0,12500.0,20500.0,15500.0,Yes,22000.0,657.0,467400.0,200000.0,Home Appliances EMI,218000.0,7,Not_Eligible,500.0
38.0,Female,Married,Post Graduate,52500.0,Private,5.2,Large Indian,Own,0.0,5,4,0.0,7500.0,4800.0,8800.0,7800.0,No,0.0,760.0,157700.0,69400.0,Home Appliances EMI,79000.0,18,Eligible,14160.0
38.0,Male,Married,Graduate,54700.0,Private,1.0,Startup,Family,0.0,4,3,9800.0,0.0,3200.0,14700.0,4900.0,No,0.0,691.0,177500.0,60700.0,Vehicle EMI,766000.0,76,Not_Eligible,11050.0
48.0,Female,Married,Graduate,66000.0,Self-employed,12.6,Mid-size,Family,0.0,4,3,0.0,0.0,6600.0,15700.0,12200.0,No,0.0,682.0,262600.0,101900.0,Home Appliances EMI,152000.0,14,High_Risk,14175.0
48.0,Male,Single,Post Graduate,57900.0,Private,24.8,Large Indian,Own,0.0,1,0,0.0,0.0,6200.0,12000.0,6800.0,No,0.0,779.0,406800.0,175200.0,Home Appliances EMI,171000.0,22,Eligible,21714.0
32.0,Female,Married,Post Graduate,34400.0,Private,3.2,MNC,Own,0.0,3,2,0.0,0.0,3100.0,8700.0,5700.0,Yes,6000.0,512.0,97500.0,45100.0,E-commerce Shopping EMI,47000.0,13,Not_Eligible,1907.5
27.0,Male,Married,High School,24800.0,Private,1.9,MNC,Rented,5100.0,3,2,12100.0,0.0,1800.0,5800.0,3200.0,No,0.0,717.0,74400.0,26100.0,E-commerce Shopping EMI,42000.0,6,Not_Eligible,500.0
38.0,Male,Married,Graduate,20900.0,Private,16.0,MNC,Rented,6600.0,4,3,0.0,0.0,1400.0,3300.0,1600.0,Yes,5800.0,651.0,56100.0,31000.0,Personal Loan EMI,292000.0,14,Not_Eligible,770.0
38.0,Female,Married,Graduate,368837.0,Private,2.1,Mid-size,Family,0.0,3,2,5600.0,0.0,1600.0,3100.0,2700.0,Yes,1900.0,649.0,142200.0,37500.0,Education EMI,366000.0,24,Not_Eligible,1139.6
48.0,Male,Married,Graduate,28600.0,Private,7.3,Startup,Rented,8600.0,3,2,2300.0,23600.0,4300.0,5100.0,4200.0,Yes,4800.0,676.0,221200.0,82100.0,Education EMI,163000.0,25,Not_Eligible,500.0
27.0,Male,Married,Graduate,48700.0,Government,2.2,Large Indian,Rented,10100.0,3,2,13300.0,0.0,3800.0,10100.0,7100.0,Yes,10800.0,634.0,269500.0,116800.0,Education EMI,272000.0,6,Not_Eligible,500.0
58.0,Male,Married,High School,55900.0,Private,1.7,Mid-size,Family,0.0,3,2,0.0,0.0,7500.0,11100.0,10500.0,Yes,10900.0,543.0,129600.0,28000.0,Vehicle EMI,197000.0,74,Not_Eligible,2782.5
48.0,Female,Married,Graduate,38400.0,Government,0.5,Mid-size,Rented,12700.0,3,2,0.0,12400.0,2800.0,6000.0,6000.0,No,0.0,744.0,177500.0,99100.0,Education EMI,78000.0,11,Not_Eligible,500.0
31.0,Female,Married,Graduate,64424.0,Private,8.3,Small,Rented,20700.0,4,3,0.0,0.0,4400.0,10000.0,7100.0,No,0.0,653.0,387700.0,93100.0,E-commerce Shopping EMI,81000.0,13,Eligible,12210.0
32.0,Male,Married,Post Graduate,52600.0,Government,10.0,Startup,Own,0.0,3,2,2900.0,0.0,6200.0,14900.0,10100.0,Yes,15500.0,706.0,240500.0,54800.0,Personal Loan EMI,617000.0,42,Not_Eligible,1155.0
38.0,Female,Married,High School,42200.0,Private,1.7,Mid-size,Own,0.0,3,2,10600.0,8200.0,2800.0,10300.0,8400.0,No,0.0,609.0,213600.0,94000.0,E-commerce Shopping EMI,127000.0,9,Not_Eligible,760.0
48.0,Male,Married,Graduate,52100.0,Private,19.3,Large Indian,Rented,9700.0,3,2,0.0,12400.0,6200.0,9100.0,3100.0,No,0.0,772.0,404600.0,92600.0,Home Appliances EMI,61000.0,9,High_Risk,7656.0
27.0,Male,Married,Graduate,63000.0,Government,0.5,Startup,Rented,16600.0,4,3,0.0,0.0,6200.0,11200.0,10400.0,No,0.0,719.0,422800.0,173200.0,Education EMI,263000.0,16,Not_Eligible,10230.0
58.0,Female,Married,Post Graduate,57900.0,Private,1.1,MNC,Own,0.0,5,4,0.0,0.0,5100.0,15000.0,8800.0,Yes,14900.0,651.0,204200.0,104900.0,Personal Loan EMI,626000.0,29,Not_Eligible,4935.0
38.0,Male,Married,Graduate,50400.0,Private,10.8,MNC,Own,0.0,3,2,12800.0,5700.0,6200.0,9400.0,2600.0,No,0.0,706.0,381300.0,149300.0,E-commerce Shopping EMI,35000.0,9,Eligible,7535.0
27.0,Male,Single,High School,49700.0,Private,0.5,Startup,Own,0.0,2,1,0.0,0.0,3300.0,10200.0,9600.0,Yes,12000.0,555.0,221600.0,89000.0,Personal Loan EMI,242000.0,49,Not_Eligible,3270.4
27.0,Male,Married,Graduate,44400.0,Private,0.5,Mid-size,Own,0.0,3,2,5100.0,9400.0,4400.0,13100.0,5600.0,No,0.0,739.0,129300.0,69900.0,E-commerce Shopping EMI,172000.0,10,Not_Eligible,2720.0
48.0,Female,Married,Post Graduate,32000.0,Private,19.1,Small,Own,0.0,2,1,0.0,6300.0,2800.0,6100.0,4100.0,Yes,7500.0,755.0,122000.0,37100.0,E-commerce Shopping EMI,62000.0,11,Not_Eligible,2184.0
38.0,Male,Married,Graduate,62000.0,Private,11.0,Startup,Rented,19700.0,4,3,2100.0,8500.0,4200.0,17400.0,9700.0,No,0.0,794.0,155800.0,63700.0,Education EMI,376000.0,18,Not_Eligible,500.0
58.0,Female,Married,Graduate,67000.0,Private,1.1,Mid-size,Rented,13900.0,5,4,2600.0,21600.0,7600.0,10200.0,9200.0,No,0.0,686.0,206100.0,63200.0,Personal Loan EMI,177000.0,25,Not_Eligible,950.0
38.0,Male,Married,Post Graduate,93400.0,Private,1.9,Mid-size,Rented,16500.0,3,2,0.0,0.0,4700.0,25400.0,15700.0,Yes,22700.0,587.0,318700.0,177200.0,Education EMI,63000.0,6,Not_Eligible,2352.0
38.0,Male,Married,Post Graduate,145200.0,Private,0.5,Startup,Rented,34000.0,2,1,12100.0,0.0,12800.0,39200.0,17200.0,Yes,27000.0,758.0,999600.0,465600.0,Education EMI,295000.0,32,Not_Eligible,1071.84
32.0,Female,Married,Professional,53700.0,Private,3.2,Large Indian,Family,0.0,4,3,8900.0,0.0,5000.0,11100.0,7900.0,No,0.0,752.0,244000.0,122500.0,Home Appliances EMI,200000.0,9,Not_Eligible,12480.0
48.0,Female,Married,High School,67500.0,Self-employed,18.7,Mid-size,Rented,12600.0,3,2,0.0,21400.0,8600.0,16700.0,9500.0,Yes,17800.0,673.0,148300.0,88500.0,Education EMI,92000.0,42,Not_Eligible,500.0
38.0,Female,Married,Graduate,20900.0,Private,1.0,MNC,Family,0.0,3,2,2700.0,0.0,1500.0,5400.0,2000.0,No,0.0,625.0,25000.0,11200.0,E-commerce Shopping EMI,134000.0,16,Not_Eligible,2976.0
32.0,Female,Married,Graduate,9610.0,Private,6.4,Large Indian,Family,0.0,5,4,0.0,8000.0,4200.0,6900.0,5800.0,No,0.0,663.0,262700.0,78200.0,Education EMI,277000.0,17,Not_Eligible,8580.0
38.0,Male,Single,Graduate,53900.0,Private,7.4,Startup,Family,0.0,1,0,0.0,0.0,4800.0,8500.0,4300.0,Yes,13900.0,667.0,136400.0,75000.0,Vehicle EMI,1.353e+06,24,Not_Eligible,7840.0
48.0,Female,Married,Post Graduate,88700.0,Private,7.5,Large Indian,Own,0.0,4,3,3200.0,0.0,11600.0,23100.0,6900.0,No,0.0,824.0,705300.0,360800.0,Education EMI,420000.0,7,Not_Eligible,28974.0
27.0,Female,Single,Post Graduate,77300.0,Private,0.5,Large Indian,Family,0.0,2,1,14700.0,0.0,7100.0,12900.0,5300.0,Yes,21000.0,717.0,280800.0,83800.0,Education EMI,394000.0,31,Not_Eligible,4564.0
38.0,Female,Married,High School,31200.0,Private,3.2,Startup,Rented,6000.0,3,2,14900.0,0.0,3000.0,9200.0,4100.0,Yes,3300.0,705.0,214000.0,44600.0,Education EMI,320000.0,8,Not_Eligible,500.0
38.0,Male,Married,Graduate,33000.0,Self-employed,0.8,MNC,Rented,5600.0,3,2,5000.0,0.0,2500.0,7500.0,4700.0,No,0.0,786.0,33900.0,11800.0,E-commerce Shopping EMI,127000.0,3,Not_Eligible,3326.4
38.0,Male,Married,Post Graduate,83300.0,Private,16.0,MNC,Own,0.0,3,2,11200.0,16900.0,4600.0,18600.0,13600.0,No,0.0,727.0,216400.0,119200.0,Personal Loan EMI,908000.0,36,Not_Eligible,9200.0
27.0,Male,Single,Graduate,26800.0,Private,1.6,MNC,Own,0.0,2,1,8300.0,0.0,3200.0,4200.0,1800.0,Yes,7600.0,698.0,212200.0,63800.0,Education EMI,407000.0,30,Not_Eligible,654.5
48.0,Female,Married,Graduate,22400.0,Government,17.4,Small,Family,0.0,3,2,0.0,13700.0,2800.0,5600.0,3000.0,No,0.0,761.0,72000.0,16300.0,Vehicle EMI,1.16e+06,21,Not_Eligible,500.0
32.0,Male,Married,Post Graduate,42000.0,Private,1.6,Mid-size,Family,0.0,3,2,13700.0,5600.0,5000.0,9900.0,6100.0,Yes,8400.0,741.0,310100.0,98300.0,Home Appliances EMI,230000.0,26,Not_Eligible,500.0
38.0,Female,Married,Graduate,61700.0,Private,0.5,MNC,Own,0.0,2,1,6200.0,12000.0,4500.0,17800.0,9300.0,No,0.0,687.0,251700.0,74600.0,Vehicle EMI,1.355e+06,80,Not_Eligible,4760.0
48.0,Female,Married,Graduate,59800.0,Private,11.6,Small,Own,0.0,3,2,8800.0,7300.0,5500.0,16000.0,10800.0,No,0.0,728.0,177800.0,87600.0,Education EMI,284000.0,14,Not_Eligible,5700.0
38.0,Male,Single,Post Graduate,40300.0,Private,3.0,Large Indian,Rented,11700.0,2,1,2300.0,0.0,2700.0,11000.0,5100.0,No,0.0,593.0,122100.0,29400.0,Home Appliances EMI,38000.0,31,Eligible,3000.0
27.0,Male,Single,Professional,118200.0,Government,2.3,MNC,Own,0.0,1,0,0.0,0.0,17200.0,34000.0,18300.0,No,0.0,698.0,535700.0,125500.0,Education EMI,125000.0,28,Eligible,24350.0
48.0,Female,Married,High School,22900.0,Private,3.5,Startup,Own,0.0,2,1,0.0,0.0,2800.0,3900.0,2900.0,No,0.0,736.0,114400.0,27500.0,Education EMI,282000.0,16,Not_Eligible,6650.0
58.0,Female,Married,Graduate,32600.0,Government,7.7,Mid-size,Own,0.0,4,3,4700.0,0.0,3100.0,8200.0,6000.0,Yes,8000.0,745.0,235900.0,135300.0,Personal Loan EMI,509000.0,56,Not_Eligible,1101.1
32.0,Male,Married,,18000.0,Private,6.9,MNC,Rented,3700.0,4,3,0.0,0.0,2100.0,3000.0,3000.0,No,0.0,655.0,139000.0,,Personal Loan EMI,607000.0,29,Not_Eligible,3410.0
27.0,Female,Married,Graduate,38900.0,Private,0.7,Large Indian,Family,0.0,2,1,0.0,0.0,3700.0,6100.0,6100.0,No,0.0,559.0,126300.0,60800.0,Home Appliances EMI,186000.0,35,High_Risk,7360.0
27.0,Male,Single,Graduate,56900.0,Private,2.6,Mid-size,Own,0.0,1,0,0.0,0.0,4100.0,9400.0,10700.0,No,0.0,725.0,245500.0,54500.0,Education EMI,356000.0,34,Eligible,16350.0
58.0,Male,Married,Graduate,54200.0,Private,3.6,Large Indian,Rented,10600.0,3,2,2500.0,0.0,7200.0,14400.0,5100.0,No,0.0,544.0,273900.0,92200.0,Home Appliances EMI,208000.0,8,Not_Eligible,3600.0
38.0,Female,Married,Post Graduate,64400.0,Private,9.0,Startup,Family,0.0,2,1,9300.0,0.0,5500.0,10400.0,5900.0,No,0.0,647.0,149900.0,47200.0,E-commerce Shopping EMI,53000.0,9,Eligible,13320.0
32.0,Male,Married,Professional,38000.0,Private,9.0,Startup,Own,0.0,2,1,10400.0,0.0,3700.0,11300.0,4400.0,No,0.0,725.0,200900.0,95900.0,Education EMI,245000.0,18,Not_Eligible,4100.0
27.0,Female,Married,Graduate,106100.0,Self-employed,0.5,Small,Rented,25300.0,2,1,10800.0,0.0,12000.0,22700.0,8200.0,No,0.0,811.0,378700.0,83300.0,Vehicle EMI,85000.0,31,Eligible,14634.0
27.0,Female,Single,High School,36100.0,Private,2.2,Large Indian,Family,0.0,2,1,0.0,10700.0,5200.0,6200.0,3200.0,Yes,4400.0,522.0,157500.0,70000.0,E-commerce Shopping EMI,43000.0,16,Not_Eligible,1120.0
58.0,Female,Married,High School,79700.0,Private,11.9,MNC,Own,0.0,4,3,8900.0,0.0,7200.0,17300.0,4500.0,Yes,9600.0,713.0,499800.0,152700.0,Vehicle EMI,487000.0,60,High_Risk,12397.0
32.0,Female,Single,Post Graduate,40700.0,Private,2.1,Startup,Family,0.0,2,1,11400.0,0.0,4200.0,8400.0,6700.0,No,0.0,780.0,297400.0,98400.0,Home Appliances EMI,277000.0,25,Not_Eligible,6600.0
32.0,Female,Single,Graduate,51200.0,Government,3.9,Large Indian,Own,0.0,2,1,0.0,10200.0,6800.0,12300.0,5400.0,No,0.0,811.0,148700.0,79000.0,Vehicle EMI,1.22e+06,64,Not_Eligible,10890.0
38.0,Male,Married,Graduate,47100.0,Private,1.7,Startup,Own,0.0,2,1,0.0,0.0,3300.0,7600.0,8100.0,Yes,12200.0,551.0,103900.0,49400.0,Home Appliances EMI,238000.0,20,Not_Eligible,4452.0
27.0,Male,Single,Graduate,88900.0,Government,0.5,Startup,Family,0.0,2,1,9300.0,11800.0,8300.0,17600.0,6100.0,No,0.0,793.0,165400.0,64000.0,Education EMI,68000.0,26,Eligible,17184.0
48.0,Male,Married,Post Graduate,94600.0,Private,17.5,Large Indian,Own,0.0,4,3,2700.0,0.0,6600.0,22200.0,17500.0,No,0.0,684.0,96400.0,49900.0,Education EMI,92000.0,14,Eligible,18240.0
38.0,Male,Married,Professional,22500.0,Government,3.7,Large Indian,Family,0.0,2,1,0.0,12700.0,2200.0,5800.0,4300.0,No,0.0,711.0,159600.0,86500.0,Vehicle EMI,381000.0,51,Not_Eligible,500.0
48.0,Female,Married,Post Graduate,46100.0,Private,0.9,Large Indian,Rented,8800.0,4,3,0.0,11400.0,3800.0,7100.0,5300.0,No,0.0,627.0,273300.0,76200.0,E-commerce Shopping EMI,191000.0,5,Not_Eligible,3104.0
27.0,Male,Single,Graduate,32500.0,Private,0.7,Large Indian,Own,0.0,2,1,11300.0,22400.0,4000.0,5600.0,5300.0,Yes,3900.0,538.0,169400.0,52700.0,Vehicle EMI,525000.0,55,Not_Eligible,500.0
48.0,Male,Married,Graduate,86500.0,Private,26.0,MNC,Own,0.0,4,3,0.0,0.0,7900.0,24600.0,11200.0,Yes,19500.0,722.0,156600.0,69100.0,Education EMI,267000.0,18,Not_Eligible,6524.0
27.0,Male,Married,Graduate,18000.0,Government,2.6,MNC,Family,0.0,4,3,5800.0,0.0,2000.0,3500.0,2900.0,No,0.0,712.0,128500.0,71500.0,Education EMI,84000.0,31,Not_Eligible,2090.0
38.0,Male,Married,High School,42600.0,Private,4.2,Large Indian,Family,0.0,3,2,4300.0,0.0,2400.0,11400.0,7700.0,No,0.0,709.0,202600.0,94400.0,Personal Loan EMI,204000.0,33,High_Risk,8400.0
32.0,Male,Single,Professional,79800.0,Private,2.1,Startup,Own,0.0,3,2,0.0,0.0,11000.0,17000.0,7200.0,Yes,8800.0,727.0,222500.0,89100.0,Vehicle EMI,146000.0,22,Eligible,12530.0
48.0,Male,Married,High School,55900.0,Government,7.4,MNC,Rented,14800.0,4,3,0.0,0.0,4800.0,15200.0,10600.0,Yes,11400.0,758.0,192900.0,73100.0,Home Appliances EMI,69000.0,34,Not_Eligible,500.0
32.0,Male,Married,High School,54800.0,Private,0.5,Large Indian,Rented,13900.0,3,2,7200.0,0.0,6300.0,13100.0,8600.0,No,0.0,699.0,55300.0,15100.0,Home Appliances EMI,83000.0,29,Not_Eligible,1824.0
48.0,Female,Married,Graduate,29900.0,Government,11.6,Startup,Family,0.0,4,3,0.0,0.0,3600.0,7500.0,3000.0,Yes,5000.0,674.0,176100.0,50800.0,Vehicle EMI,485000.0,35,Not_Eligible,4158.0
48.0,Female,Married,Post Graduate,70100.0,Government,6.2,Large Indian,Own,0.0,5,4,0.0,0.0,4000.0,20200.0,9500.0,No,0.0,707.0,337700.0,188300.0,Home Appliances EMI,249000.0,26,Eligible,20020.0
58.0,Female,Married,Graduate,73600.0,Private,36.0,MNC,Rented,15500.0,2,1,0.0,0.0,3900.0,15400.0,9700.0,No,0.0,723.0,219100.0,127500.0,Education EMI,299000.0,21,Not_Eligible,14550.0
38.0,Male,Married,Graduate,26700.0,Private,0.5,Small,Rented,7900.0,4,3,11300.0,0.0,1400.0,7100.0,4400.0,No,0.0,741.0,148200.0,40500.0,Education EMI,103000.0,41,Not_Eligible,500.0
48.0,Female,Married,Graduate,73600.0,Government,10.9,MNC,Rented,20500.0,2,1,15000.0,24300.0,10000.0,13300.0,10100.0,Yes,13000.0,,459800.0,133300.0,Home Appliances EMI,195000.0,23,Not_Eligible,500.0
38.0,Male,Married,Professional,57300.0,Private,6.9,Mid-size,Rented,17200.0,5,4,0.0,0.0,5100.0,14900.0,5100.0,Yes,16100.0,629.0,74200.0,40000.0,Personal Loan EMI,957000.0,47,Not_Eligible,500.0
27.0,Male,Married,Graduate,20000.0,Private,0.5,Mid-size,Own,0.0,4,3,0.0,0.0,2000.0,4300.0,3600.0,Yes,5100.0,657.0,27000.0,14500.0,Vehicle EMI,1.195e+06,16,Not_Eligible,1120.0
58.0,Female,Married,Post Graduate,102000.0,Private,18.5,Large Indian,Rented,34900.0,3,2,0.0,19800.0,11900.0,23100.0,7200.0,Yes,24000.0,844.0,705700.0,301200.0,E-commerce Shopping EMI,98000.0,6,Not_Eligible,500.0
32.0,Female,Married,,77400.0,Private,0.6,Mid-size,Rented,22200.0,3,2,10900.0,15300.0,8400.0,15800.0,10300.0,No,0.0,735.0,382200.0,171900.0,Home Appliances EMI,128000.0,35,Not_Eligible,500.0
38.0,Male,Single,Post Graduate,127900.0,Government,11.9,MNC,Rented,37500.0,1,0,0.0,0.0,8100.0,29900.0,15100.0,Yes,13000.0,665.0,214700.0,56100.0,Home Appliances EMI,278000.0,31,Not_Eligible,7484.4
58.0,Female,Married,Graduate,77400.0,Private,11.1,Large Indian,Own,,4,3,0.0,0.0,7300.0,17800.0,13200.0,No,0.0,613.0,481600.0,166000.0,Home Appliances EMI,192000.0,10,Not_Eligible,17204.0
32.0,Female,Married,Post Graduate,80400.0,Private,0.7,MNC,Family,0.0,4,3,0.0,0.0,11200.0,22200.0,10300.0,No,0.0,748.0,217300.0,48800.0,Vehicle EMI,1.374e+06,23,Not_Eligible,14680.0
38.0,Female,Married,Post Graduate,26000.0,Private,1.2,Startup,Rented,7000.0,4,3,11900.0,10400.0,2700.0,5800.0,4200.0,No,0.0,824.0,61200.0,13100.0,E-commerce Shopping EMI,73000.0,11,Not_Eligible,500.0
38.0,Male,Single,Post Graduate,36900.0,Private,7.2,MNC,Rented,9800.0,1,0,0.0,0.0,3900.0,10200.0,6600.0,No,0.0,708.0,226000.0,104900.0,Education EMI,399000.0,43,Not_Eligible,3520.0
38.0,Male,Single,Graduate,79400.0,Private,4.2,Startup,Rented,21100.0,3,2,0.0,0.0,11000.0,12500.0,13300.0,Yes,20600.0,711.0,614400.0,,Personal Loan EMI,532000.0,56,Not_Eligible,500.0
32.0,Female,Single,High School,28700.0,Government,0.5,Large Indian,Rented,8700.0,1,0,0.0,0.0,3500.0,7100.0,4700.0,Yes,8000.0,781.0,222200.0,,Personal Loan EMI,520000.0,34,Not_Eligible,500.0
32.0,Male,Married,Graduate,111100.0,Private,1.7,Mid-size,Rented,27400.0,3,2,12500.0,0.0,13200.0,31100.0,10200.0,Yes,32400.0,733.0,850500.0,397600.0,Home Appliances EMI,212000.0,8,Not_Eligible,500.0
58.0,Male,Married,Graduate,51300.0,Private,4.2,Large Indian,Own,0.0,4,3,0.0,0.0,5300.0,13100.0,8500.0,Yes,12200.0,695.0,410000.0,84300.0,E-commerce Shopping EMI,154000.0,20,Not_Eligible,4697.0
48.0,Male,Married,Post Graduate,80800.0,Government,0.9,Large Indian,Own,0.0,3,2,0.0,0.0,8900.0,13500.0,9800.0,No,0.0,801.0,380300.0,153800.0,Education EMI,457000.0,32,Eligible,29160.0
48.0,Male,Married,Post Graduate,44800.0,Government,13.2,MNC,Own,0.0,2,1,14600.0,0.0,6400.0,8800.0,3900.0,No,0.0,793.0,261800.0,112100.0,Vehicle EMI,588000.0,79,Not_Eligible,7326.0
38.0,Female,Married,Post Graduate,123900.0,Private,8.5,Startup,Family,0.0,4,3,6200.0,14900.0,18400.0,31700.0,14000.0,No,0.0,766.0,92100.0,40500.0,Vehicle EMI,1.363e+06,61,Not_Eligible,18576.0
48.0,Male,Married,Graduate,75100.0,Private,0.5,Large Indian,Own,0.0,5,4,12300.0,0.0,8600.0,17200.0,12100.0,No,0.0,787.0,464000.0,93600.0,E-commerce Shopping EMI,27000.0,16,Eligible,13147.2
32.0,Male,Married,Professional,158100.0,Government,0.8,Startup,Rented,36400.0,3,2,0.0,18100.0,8600.0,31900.0,31600.0,No,0.0,785.0,197700.0,66000.0,Home Appliances EMI,236000.0,6,Not_Eligible,15120.0
58.0,Female,Married,Professional,112600.0,Private,4.3,Large Indian,Own,0.0,5,4,4400.0,12300.0,9200.0,25500.0,19600.0,No,0.0,680.0,811900.0,253700.0,Vehicle EMI,893000.0,50,High_Risk,22880.0
58.0,Female,Married,Graduate,41200.0,Private,5.1,Startup,Rented,8100.0,5,4,10600.0,0.0,3000.0,9400.0,2300.0,Yes,10400.0,765.0,133200.0,44600.0,Vehicle EMI,369000.0,17,Not_Eligible,500.0
48.0,Male,Married,Graduate,17800.0,Private,10.5,Large Indian,Family,0.0,4,3,14000.0,0.0,2200.0,4200.0,1800.0,Yes,5100.0,767.0,107100.0,22000.0,Education EMI,236000.0,20,Not_Eligible,500.0
32.0,Female,Married,Graduate,61300.0,Private,0.5,Small,Own,0.0,3,2,2300.0,0.0,5400.0,15300.0,5300.0,No,0.0,657.0,242500.0,122000.0,Education EMI,284000.0,20,Not_Eligible,13200.0
58.0,Male,Married,High School,25500.0,Government,10.3,MNC,Rented,8300.0,3,2,0.0,0.0,2300.0,5800.0,3100.0,No,0.0,804.0,58200.0,25300.0,Vehicle EMI,1.34e+06,62,Not_Eligible,3960.0
27.0,Male,Single,Post Graduate,112900.0,Private,1.9,Large Indian,Own,0.0,1,0,0.0,0.0,9900.0,31700.0,6200.0,No,0.0,726.0,893500.0,404300.0,Personal Loan EMI,831000.0,29,High_Risk,35805.0
48.0,Female,Married,Graduate,51000.0,Self-employed,3.5,MNC,Own,9204.0,3,2,8900.0,0.0,5200.0,13300.0,9700.0,No,0.0,753.0,36000.0,12900.0,Home Appliances EMI,241000.0,28,Not_Eligible,6004.8
27.0,Male,Single,Post Graduate,115400.0,Government,0.5,Startup,Rented,23100.0,1,0,0.0,0.0,13600.0,24200.0,22200.0,Yes,20600.0,656.0,516500.0,291600.0,Home Appliances EMI,174000.0,23,Not_Eligible,4095.0
32.0,Female,Married,Graduate,37000.0,Self-employed,7.2,Startup,Own,0.0,4,3,5100.0,17000.0,4000.0,6900.0,3700.0,Yes,4300.0,784.0,52700.0,26000.0,Education EMI,172000.0,48,Not_Eligible,500.0
58.0,Female,Married,Post Graduate,76700.0,Private,2.9,Mid-size,Family,0.0,3,2,8900.0,6700.0,5300.0,16600.0,4500.0,Yes,19400.0,720.0,170900.0,51200.0,E-commerce Shopping EMI,160000.0,24,Not_Eligible,5355.0
38.0,Male,Married,Post Graduate,64100.0,Private,9.1,MNC,Rented,10500.0,4,3,4400.0,0.0,7700.0,16600.0,10100.0,Yes,6500.0,682.0,61300.0,15800.0,Home Appliances EMI,98000.0,22,Not_Eligible,2324.0
48.0,Male,Single,Post Graduate,85200.0,Private,6.4,Mid-size,Own,,2,1,0.0,0.0,5100.0,22000.0,5200.0,Yes,21300.0,619.0,185500.0,52300.0,Education EMI,313000.0,42,Not_Eligible,8848.0
38.0,Male,Married,Post Graduate,94000.0,Private,0.5,MNC,Family,0.0,4,3,0.0,0.0,13200.0,21800.0,11500.0,No,0.0,792.0,204900.0,111200.0,Personal Loan EMI,778000.0,28,Not_Eligible,22800.0
27.0,Female,Married,Post Graduate,36900.0,Private,0.5,MNC,Rented,12900.0,4,3,12300.0,0.0,3000.0,5800.0,6600.0,No,0.0,670.0,87500.0,46400.0,Personal Loan EMI,657000.0,52,Not_Eligible,500.0
38.0,Male,Married,Post Graduate,56700.0,Private,3.2,Mid-size,Own,0.0,4,3,0.0,0.0,5200.0,11700.0,10400.0,No,0.0,664.0,173500.0,38600.0,Home Appliances EMI,94000.0,17,Eligible,14700.0
27.0,Female,Married,Graduate,25200.0,Self-employed,0.6,Large Indian,Family,0.0,4,3,10900.0,22000.0,2900.0,5400.0,1600.0,No,0.0,756.0,29000.0,14700.0,Education EMI,371000.0,18,Not_Eligible,500.0
27.0,Female,Married,Graduate,18000.0,Government,1.9,Large Indian,Own,0.0,3,2,6400.0,11400.0,2300.0,4100.0,1900.0,Yes,3100.0,700.0,36900.0,21300.0,Education EMI,435000.0,6,Not_Eligible,500.0
27.0,Male,Married,High School,39400.0,Private,2.1,Startup,Own,0.0,4,3,0.0,23400.0,2200.0,10600.0,5400.0,No,0.0,711.0,44000.0,18300.0,E-commerce Shopping EMI,47000.0,18,Not_Eligible,500.0
48.0,Female,Single,Graduate,26300.0,Private,11.3,Mid-size,Family,0.0,3,2,0.0,17300.0,2500.0,5200.0,3500.0,No,0.0,725.0,149400.0,56300.0,Home Appliances EMI,289000.0,23,Not_Eligible,500.0
27.0,Female,Married,High School,64800.0,Government,0.5,Mid-size,Own,0.0,4,3,14900.0,0.0,8300.0,17600.0,7500.0,Yes,12800.0,771.0,458300.0,236700.0,Personal Loan EMI,168000.0,56,Not_Eligible,1709.4
38.0,Male,Married,Post Graduate,48600.0,Private,4.1,Mid-size,Rented,12000.0,3,2,2200.0,0.0,6100.0,10200.0,4900.0,Yes,10800.0,663.0,133100.0,39400.0,Home Appliances EMI,54000.0,25,Not_Eligible,840.0
38.0,Female,Married,Graduate,38400.0,Self-employed,0.5,MNC,Family,0.0,4,3,5400.0,0.0,5100.0,6900.0,3000.0,Yes,7200.0,659.0,191900.0,94200.0,Vehicle EMI,481000.0,44,Not_Eligible,3402.0
58.0,Female,Married,Graduate,106700.0,Private,3.5,MNC,Own,0.0,2,1,0.0,0.0,11100.0,22100.0,11100.0,No,0.0,664.0,86000.0,28000.0,Home Appliances EMI,135000.0,16,Eligible,24960.0
38.0,Male,Married,Graduate,42000.0,Private,6.5,Large Indian,Rented,8900.0,3,2,6000.0,0.0,5400.0,10600.0,2600.0,No,0.0,784.0,220900.0,63500.0,E-commerce Shopping EMI,56000.0,21,Eligible,5100.0
32.0,Male,Married,Post Graduate,23400.0,Private,2.8,Startup,Family,0.0,3,2,12000.0,0.0,2900.0,4500.0,4100.0,No,0.0,580.0,131400.0,35300.0,Education EMI,164000.0,7,Not_Eligible,500.0
32.0,Female,Married,High School,27100.0,Private,2.9,Large Indian,Rented,4700.0,3,2,0.0,5300.0,1800.0,4200.0,5300.0,Yes,2800.0,752.0,216400.0,66900.0,Personal Loan EMI,140000.0,48,Not_Eligible,1386.0
32.0,Male,Single,Professional,41800.0,Private,4.6,Large Indian,Rented,10900.0,1,0,0.0,0.0,6200.0,8400.0,8200.0,No,0.0,674.0,43600.0,12800.0,Personal Loan EMI,789000.0,30,Not_Eligible,3240.0
38.0,Female,Married,Professional,27000.0,Private,9.7,Large Indian,Family,11033.0,4,3,9400.0,0.0,2100.0,4100.0,5100.0,Yes,7100.0,590.0,23400.0,6400.0,Personal Loan EMI,829000.0,39,Not_Eligible,500.0
38.0,Male,Single,Post Graduate,56000.0,Government,2.3,Mid-size,Rented,9600.0,3,2,10500.0,0.0,6600.0,14100.0,11000.0,No,0.0,677.0,258700.0,109500.0,Home Appliances EMI,200000.0,31,Not_Eligible,2100.0
58.0,Female,Single,Graduate,67200.0,Self-employed,11.3,MNC,Rented,15100.0,1,0,0.0,0.0,3400.0,11100.0,4000.0,Yes,16300.0,634.0,209400.0,88800.0,E-commerce Shopping EMI,189000.0,15,Not_Eligible,4359.6
48.0,Male,Married,Graduate,33200.0,Private,8.4,Small,Family,0.0,3,2,7800.0,23300.0,3600.0,5300.0,5200.0,Yes,8600.0,721.0,105700.0,45600.0,Home Appliances EMI,244000.0,22,Not_Eligible,500.0
32.0,Female,Married,High School,55300.0,Private,2.4,Small,Family,0.0,4,3,8500.0,0.0,7600.0,9900.0,3800.0,Yes,7100.0,691.0,245200.0,118400.0,Personal Loan EMI,247000.0,42,Not_Eligible,6440.0
48.0,Male,Single,Graduate,51000.0,Private,6.1,Startup,Family,0.0,1,0,0.0,0.0,6500.0,8300.0,5400.0,Yes,6500.0,686.0,138400.0,75800.0,E-commerce Shopping EMI,166000.0,10,Not_Eligible,8505.0
38.0,Female,Married,Graduate,18000.0,Private,0.5,Large Indian,Family,0.0,3,2,0.0,0.0,2000.0,2900.0,2400.0,Yes,4700.0,600.0,143000.0,67700.0,Education EMI,239000.0,7,Not_Eligible,1478.4
58.0,Male,Married,Post Graduate,77200.0,Private,13.1,Mid-size,Rented,24400.0,5,4,0.0,7800.0,4900.0,15900.0,14500.0,No,0.0,651.0,168900.0,41600.0,Personal Loan EMI,196000.0,29,Not_Eligible,4850.0
38.0,Male,Married,Graduate,73600.0,Government,10.3,MNC,Rented,15300.0,2,1,14900.0,0.0,8700.0,17400.0,3900.0,No,0.0,667.0,194700.0,92400.0,E-commerce Shopping EMI,128000.0,21,High_Risk,7370.0
27.0,Female,Single,High School,30900.0,Private,1.1,Large Indian,Own,0.0,1,0,0.0,0.0,3500.0,6900.0,5900.0,Yes,7300.0,634.0,229200.0,90800.0,Education EMI,103000.0,34,Not_Eligible,2248.4
48.0,Male,Married,Graduate,72400.0,Private,14.5,Large Indian,Family,0.0,2,1,3200.0,0.0,7200.0,11000.0,10100.0,No,0.0,696.0,408700.0,182700.0,Education EMI,390000.0,10,Not_Eligible,20450.0
48.0,Male,Married,Graduate,52500.0,Private,15.5,MNC,Family,0.0,5,4,0.0,18900.0,7800.0,14000.0,7500.0,No,0.0,655.0,238300.0,71500.0,Personal Loan EMI,770000.0,14,Not_Eligible,2150.0
27.0,Male,Single,Graduate,62000.0,Private,0.6,Mid-size,Own,0.0,1,0,0.0,0.0,4900.0,10700.0,11000.0,No,0.0,700.0,315400.0,167200.0,Home Appliances EMI,46000.0,26,Eligible,14160.0
38.0,Male,Single,Professional,76100.0,Private,5.9,Mid-size,Rented,19300.0,1,0,0.0,0.0,7500.0,18500.0,7400.0,No,0.0,722.0,82400.0,36800.0,Home Appliances EMI,31000.0,32,Eligible,9360.0
32.0,Male,Married,Graduate,72000.0,Private,5.9,Large Indian,Family,0.0,2,1,13400.0,0.0,5400.0,17600.0,12000.0,No,0.0,789.0,293100.0,167400.0,Home Appliances EMI,265000.0,13,Not_Eligible,14160.0
32.0,Female,Single,Post Graduate,56600.0,Private,0.8,Mid-size,Own,0.0,1,0,0.0,0.0,8100.0,14400.0,5200.0,No,0.0,674.0,307000.0,63500.0,Personal Loan EMI,838000.0,52,Not_Eligible,11560.0
58.0,Male,Married,High School,36100.0,Private,5.0,Large Indian,Own,0.0,4,3,0.0,0.0,2100.0,7600.0,5500.0,No,0.0,720.0,176300.0,102400.0,Education EMI,179000.0,42,Eligible,10450.0
48.0,Male,Married,High School,58200.0,Private,0.5,MNC,Rented,12200.0,3,2,4300.0,0.0,6700.0,13000.0,4500.0,Yes,12700.0,552.0,243100.0,135500.0,Education EMI,54000.0,22,Not_Eligible,1075.2
32.0,Male,Married,Graduate,107700.0,Private,0.8,Large Indian,Family,0.0,3,2,14800.0,0.0,14700.0,31000.0,7400.0,No,0.0,683.0,203800.0,50000.0,E-commerce Shopping EMI,175000.0,19,High_Risk,12736.0
32.0,Female,Single,Graduate,40300.0,Government,1.8,Large Indian,Rented,8200.0,1,0,0.0,0.0,3700.0,9600.0,3700.0,No,0.0,647.0,316700.0,78600.0,E-commerce Shopping EMI,13000.0,18,Eligible,6644.0
38.0,Male,Married,Graduate,91200.0,Government,1.2,Mid-size,Family,0.0,4,3,4700.0,0.0,5600.0,19600.0,14400.0,No,0.0,725.0,673500.0,304300.0,E-commerce Shopping EMI,161000.0,17,Eligible,25795.0
48.0,Male,Married,Post Graduate,129800.0,Private,9.8,Mid-size,Rented,19500.0,5,4,8800.0,0.0,17100.0,25500.0,23200.0,No,0.0,738.0,661400.0,317600.0,Vehicle EMI,278000.0,54,Eligible,17850.0
58.0,Male,Married,,32800.0,Government,1.9,Startup,Family,0.0,3,2,10500.0,0.0,3800.0,8400.0,2400.0,No,0.0,597.0,112400.0,41600.0,Personal Loan EMI,758000.0,34,Not_Eligible,3080.0
32.0,Female,Married,High School,28800.0,Private,3.0,Large Indian,Rented,9900.0,5,4,10700.0,0.0,1900.0,4800.0,4200.0,No,0.0,637.0,117500.0,60500.0,Education EMI,337000.0,35,Not_Eligible,500.0
32.0,Female,Married,Post Graduate,59700.0,Government,0.5,Mid-size,Family,0.0,5,4,0.0,0.0,7700.0,12800.0,4300.0,No,0.0,779.0,142600.0,59400.0,Home Appliances EMI,45000.0,14,Eligible,20940.0
32.0,Male,Single,Professional,49300.0,Government,1.0,Large Indian,Rented,8800.0,2,1,13900.0,20900.0,7300.0,10100.0,6000.0,No,0.0,761.0,248100.0,126200.0,Home Appliances EMI,194000.0,7,Not_Eligible,500.0
48.0,Female,Married,High School,27700.0,Private,3.0,MNC,Own,0.0,4,3,14400.0,0.0,3500.0,7200.0,5400.0,No,0.0,667.0,15200.0,8500.0,Home Appliances EMI,95000.0,25,Not_Eligible,500.0
38.0,Female,Married,Graduate,56600.0,Self-employed,13.9,Mid-size,Family,0.0,2,1,0.0,0.0,4000.0,14400.0,4400.0,Yes,12500.0,668.0,126200.0,75300.0,Vehicle EMI,911000.0,69,Not_Eligible,6709.5
48.0,Female,Married,Graduate,36600.0,Private,2.7,Small,Rented,12500.0,4,3,10800.0,0.0,5400.0,6500.0,6500.0,No,0.0,577.0,94600.0,26900.0,Home Appliances EMI,201000.0,8,Not_Eligible,500.0
32.0,Female,Married,High School,42500.0,Private,0.5,Mid-size,Rented,12200.0,4,3,9500.0,0.0,6200.0,8100.0,5100.0,No,0.0,721.0,123500.0,49300.0,Education EMI,280000.0,25,Not_Eligible,560.0
48.0,Female,Married,High School,18700.0,Private,26.0,MNC,Family,0.0,2,1,9800.0,11100.0,2500.0,4600.0,2100.0,No,0.0,673.0,116500.0,54400.0,Personal Loan EMI,460000.0,37,Not_Eligible,500.0
38.0,Female,Married,Post Graduate,29100.0,Private,7.3,Large Indian,Own,,3,2,9900.0,0.0,3800.0,5500.0,2200.0,Yes,3200.0,654.0,101500.0,21600.0,Education EMI,476000.0,6,Not_Eligible,1575.0
58.0,Male,Single,Graduate,23500.0,Government,4.4,MNC,Rented,7100.0,3,2,6200.0,0.0,3300.0,5200.0,4400.0,Yes,6700.0,716.0,62100.0,28300.0,Vehicle EMI,1.419e+06,26,Not_Eligible,500.0
38.0,Female,Married,Post Graduate,45800.0,Government,3.6,Startup,Family,0.0,2,1,6600.0,16000.0,2800.0,8700.0,5800.0,No,0.0,850.0,363100.0,130400.0,Personal Loan EMI,570000.0,40,Not_Eligible,4283.4
38.0,female,Single,High School,48300.0,Private,4.6,MNC,Rented,9700.0,2,1,11200.0,0.0,2700.0,11500.0,8200.0,No,0.0,842.0,45300.0,11100.0,Education EMI,228000.0,24,Not_Eligible,2400.0
32.0,Male,Married,Graduate,40800.0,Private,4.4,Mid-size,Rented,10500.0,3,2,11300.0,0.0,3500.0,10500.0,4500.0,No,0.0,704.0,102700.0,42400.0,E-commerce Shopping EMI,113000.0,4,Not_Eligible,500.0
38.0,Female,Married,High School,68200.0,Private,12.4,MNC,Own,0.0,3,2,0.0,0.0,9600.0,13800.0,12700.0,No,0.0,805.0,313000.0,107000.0,Personal Loan EMI,624000.0,12,Not_Eligible,19260.0
38.0,Male,Married,Graduate,44100.0,Government,1.5,Mid-size,Rented,8900.0,4,3,12900.0,12700.0,4400.0,9400.0,7400.0,Yes,8800.0,755.0,103400.0,41400.0,Home Appliances EMI,187000.0,34,Not_Eligible,500.0
38.0,Female,Married,Post Graduate,85700.0,Private,5.5,Mid-size,Own,0.0,2,1,0.0,20200.0,7100.0,25200.0,15900.0,No,0.0,711.0,636300.0,,Vehicle EMI,553000.0,67,Not_Eligible,9515.0
58.0,Male,Married,Professional,68800.0,Private,31.6,Large Indian,Own,0.0,3,2,0.0,0.0,3600.0,17100.0,5800.0,Yes,18800.0,637.0,508600.0,257200.0,Home Appliances EMI,132000.0,17,Not_Eligible,7238.0
58.0,Male,Married,Professional,120500.0,Private,2.1,Mid-size,Own,0.0,2,1,0.0,0.0,9000.0,25400.0,10300.0,No,0.0,641.0,926600.0,278700.0,Education EMI,254000.0,34,Eligible,33352.0
38.0,Male,Married,Professional,30100.0,Private,6.3,Mid-size,Rented,5800.0,3,2,14900.0,0.0,4200.0,6900.0,2300.0,No,0.0,726.0,88700.0,33800.0,Personal Loan EMI,789000.0,46,Not_Eligible,500.0
38.0,Male,Married,High School,47400.0,Private,11.0,Large Indian,Own,0.0,4,3,2700.0,0.0,5300.0,10700.0,2400.0,No,0.0,704.0,,111500.0,Vehicle EMI,1.237e+06,51,Not_Eligible,14465.0
38.0,Female,Married,Graduate,20000.0,Private,2.0,Mid-size,Family,0.0,4,3,8400.0,0.0,2400.0,5700.0,2200.0,No,0.0,678.0,146600.0,40100.0,Education EMI,62000.0,33,Not_Eligible,715.0
48.0,Male,Married,Post Graduate,57400.0,Private,7.4,Startup,Family,0.0,3,2,0.0,0.0,3900.0,9900.0,3200.0,No,0.0,590.0,,154700.0,Home Appliances EMI,139000.0,18,Eligible,17776.0
32.0,Male,Single,Graduate,62400.0,Private,0.6,Startup,Own,0.0,1,0,0.0,0.0,5000.0,15800.0,3900.0,No,0.0,644.0,215400.0,76500.0,Education EMI,266000.0,22,Not_Eligible,12064.0
58.0,Male,Married,Graduate,81000.0,Private,18.1,Large Indian,Rented,26200.0,3,2,5300.0,16200.0,11700.0,13500.0,5400.0,No,0.0,764.0,442200.0,110600.0,Vehicle EMI,653000.0,77,Not_Eligible,1620.0
27.0,Female,Single,Professional,30000.0,Private,1.0,Mid-size,Rented,10200.0,2,1,7900.0,0.0,1700.0,4600.0,4800.0,No,0.0,721.0,57700.0,23500.0,Personal Loan EMI,791000.0,47,Not_Eligible,500.0
58.0,Male,Married,Post Graduate,23400.0,Government,19.5,MNC,Family,0.0,2,1,8600.0,16000.0,2500.0,3900.0,4500.0,No,0.0,810.0,183500.0,42000.0,Home Appliances EMI,65000.0,31,Not_Eligible,500.0
27.0,Male,Married,Graduate,20700.0,Private,1.5,Large Indian,Family,0.0,3,2,4800.0,0.0,2000.0,5000.0,1200.0,Yes,4900.0,628.0,138500.0,56200.0,Vehicle EMI,950000.0,65,Not_Eligible,862.4
48.0,Male,Married,Post Graduate,43700.0,Private,5.6,MNC,Rented,10700.0,2,1,11700.0,0.0,2600.0,10800.0,2400.0,No,0.0,727.0,309100.0,107100.0,Home Appliances EMI,43000.0,27,Eligible,3025.0
27.0,Male,Married,Post Graduate,51900.0,Private,3.0,Large Indian,Rented,7900.0,3,2,0.0,17300.0,6600.0,11600.0,3600.0,Yes,11700.0,683.0,322300.0,108200.0,Vehicle EMI,876000.0,70,Not_Eligible,500.0
38.0,Female,Married,Professional,69300.0,Government,1.1,Large Indian,Rented,17100.0,3,2,12400.0,11200.0,9800.0,17500.0,11500.0,No,0.0,667.0,210800.0,83200.0,Education EMI,152000.0,28,Not_Eligible,500.0
48.0,Male,Married,Post Graduate,73800.0,Government,2.0,Startup,Own,0.0,2,1,4700.0,0.0,9500.0,21900.0,11400.0,No,0.0,718.0,156900.0,89200.0,Home Appliances EMI,32000.0,27,Eligible,13150.0
48.0,Male,Married,Professional,82800.0,Private,11.5,MNC,Rented,19000.0,3,2,14300.0,0.0,8700.0,22200.0,7800.0,No,0.0,753.0,70700.0,20500.0,Vehicle EMI,527000.0,22,Not_Eligible,5184.0
48.0,Male,Married,Graduate,15000.0,Government,9.5,Mid-size,Own,0.0,4,3,9800.0,0.0,2000.0,4000.0,1100.0,No,0.0,686.0,47800.0,17500.0,Education EMI,200000.0,44,Not_Eligible,500.0
38.0,male,Married,Graduate,20000.0,Government,5.6,Mid-size,Own,0.0,3,2,5000.0,0.0,2700.0,3900.0,3900.0,Yes,3900.0,729.0,62500.0,35400.0,Education EMI,150000.0,35,Not_Eligible,500.0
27.0,Female,Single,Graduate,69100.0,Private,1.4,Small,Own,0.0,2,1,5200.0,0.0,3600.0,17600.0,7700.0,Yes,7200.0,842.0,95300.0,38900.0,E-commerce Shopping EMI,177000.0,24,High_Risk,9340.8
48.0,Female,Married,Graduate,54800.0,Private,6.8,Startup,Rented,11500.0,2,1,0.0,22800.0,6800.0,16400.0,7100.0,No,0.0,850.0,421400.0,221100.0,Vehicle EMI,1.159e+06,13,Not_Eligible,500.0
38.0,Female,Married,Professional,45800.0,Private,10.2,Mid-size,Own,0.0,4,3,14900.0,0.0,3400.0,11500.0,7100.0,No,0.0,740.0,180300.0,49800.0,Home Appliances EMI,162000.0,22,Not_Eligible,4450.0
48.0,Male,Married,Graduate,21100.0,Private,4.1,Mid-size,Own,0.0,3,2,12100.0,13200.0,1700.0,4300.0,1800.0,Yes,5900.0,598.0,128600.0,42100.0,Personal Loan EMI,697000.0,60,Not_Eligible,500.0
38.0,Male,Married,Graduate,48800.0,Self-employed,1.6,Large Indian,Own,0.0,5,4,5100.0,11600.0,2800.0,14500.0,8100.0,No,0.0,999.0,307200.0,119700.0,E-commerce Shopping EMI,159000.0,21,Not_Eligible,3316.5
48.0,Female,Married,Professional,85900.0,Government,8.7,Mid-size,Own,0.0,3,2,4800.0,0.0,4800.0,24500.0,9100.0,Yes,14800.0,805.0,345500.0,113800.0,Vehicle EMI,743000.0,38,Not_Eligible,12889.8
32.0,Male,Married,Graduate,21000.0,Government,0.6,MNC,Own,0.0,3,2,10900.0,7300.0,2700.0,5300.0,3600.0,No,0.0,750.0,12800.0,6600.0,Home Appliances EMI,285000.0,28,Not_Eligible,500.0
38.0,Male,Married,Graduate,73000.0,Private,6.6,Startup,Family,0.0,3,2,13100.0,0.0,6700.0,21200.0,5200.0,Yes,10600.0,698.0,521800.0,141400.0,Vehicle EMI,304000.0,40,Not_Eligible,6237.0
32.0,Male,Single,High School,55200.0,Private,0.5,Mid-size,Family,0.0,2,1,8800.0,0.0,3400.0,13300.0,3800.0,Yes,8000.0,580.0,28900.0,8000.0,Vehicle EMI,117000.0,78,Eligible,3207.68
38.0,Male,Married,Post Graduate,133700.0,Government,0.5,MNC,Own,0.0,4,3,2300.0,23100.0,10700.0,28100.0,9700.0,No,0.0,836.0,879500.0,412400.0,Home Appliances EMI,292000.0,21,Eligible,39468.0
48.0,Female,Married,Post Graduate,23400.0,Private,18.5,Startup,Own,0.0,2,1,5100.0,0.0,2600.0,4200.0,1800.0,No,0.0,616.0,51700.0,21900.0,Vehicle EMI,274000.0,35,Not_Eligible,3880.0
32.0,Female,Single,Professional,43800.0,Private,2.9,Startup,Own,0.0,2,1,0.0,0.0,3900.0,7700.0,8700.0,Yes,11700.0,747.0,307100.0,86800.0,Home Appliances EMI,41000.0,19,Eligible,4543.0
27.0,Female,Single,Professional,108500.0,Private,0.5,Large Indian,Rented,30900.0,1,0,0.0,0.0,12800.0,16600.0,7600.0,No,0.0,771.0,782800.0,353100.0,Education EMI,59000.0,41,Eligible,21436.8
32.0,Female,Married,Professional,64000.0,Private,0.5,Large Indian,Rented,21900.0,5,4,9800.0,0.0,4900.0,18100.0,4600.0,Yes,11800.0,532.0,220200.0,112600.0,Home Appliances EMI,197000.0,26,Not_Eligible,500.0
38.0,Female,Married,High School,24500.0,Private,5.0,Large Indian,Family,0.0,4,3,13800.0,0.0,2200.0,7100.0,2700.0,No,0.0,656.0,99700.0,32600.0,Vehicle EMI,1.153e+06,33,Not_Eligible,500.0
48.0,Female,Married,High School,20400.0,Government,26.0,Startup,Family,0.0,3,2,13400.0,18300.0,1700.0,4300.0,2600.0,No,0.0,755.0,115800.0,52100.0,Home Appliances EMI,96000.0,27,Not_Eligible,500.0
32.0,Male,Single,Graduate,91700.0,Private,1.1,Large Indian,Rented,28900.0,1,0,0.0,0.0,5500.0,15200.0,13000.0,Yes,25900.0,696.0,62500.0,25800.0,E-commerce Shopping EMI,184000.0,11,Not_Eligible,896.0
32.0,Female,Single,Post Graduate,105600.0,Private,2.4,Large Indian,Own,0.0,1,0,0.0,0.0,8500.0,25600.0,6300.0,No,0.0,640.0,498100.0,135800.0,Personal Loan EMI,356000.0,23,Eligible,26080.0
27.0,Female,Married,Post Graduate,23400.0,Government,1.7,Large Indian,Rented,3800.0,3,2,14400.0,5700.0,2700.0,5400.0,4000.0,No,0.0,752.0,165700.0,72000.0,Education EMI,363000.0,16,Not_Eligible,500.0
27.0,Female,Single,Graduate,37300.0,Private,0.5,Mid-size,Own,0.0,3,2,14100.0,0.0,2100.0,8700.0,5300.0,No,0.0,618.0,149900.0,33400.0,Personal Loan EMI,157000.0,31,Not_Eligible,2272.0
38.0,Male,Married,Graduate,83100.0,Private,9.3,Mid-size,Family,0.0,4,3,0.0,0.0,6900.0,19400.0,15500.0,No,0.0,745.0,520000.0,137000.0,Vehicle EMI,441000.0,55,Eligible,22715.0
38.0,Male,Married,Post Graduate,33100.0,Self-employed,7.9,Mid-size,Rented,9200.0,3,2,14300.0,20100.0,4300.0,9700.0,4400.0,No,0.0,746.0,245000.0,127500.0,E-commerce Shopping EMI,155000.0,6,Not_Eligible,500.0
27.0,Male,Married,Graduate,67800.0,Government,0.5,Small,Rented,15000.0,4,3,4900.0,20700.0,8200.0,16800.0,13200.0,Yes,17800.0,701.0,60200.0,12500.0,Education EMI,241000.0,20,Not_Eligible,500.0
38.0,Male,Married,Graduate,19500.0,Private,3.2,Startup,Rented,6200.0,3,2,3700.0,12400.0,2400.0,5100.0,2500.0,Yes,5300.0,579.0,116000.0,32200.0,Education EMI,273000.0,25,Not_Eligible,500.0
48.0,Male,Married,Graduate,25300.0,Private,24.7,Mid-size,Family,0.0,4,3,0.0,0.0,1700.0,5700.0,1500.0,No,0.0,710.0,79800.0,18100.0,Home Appliances EMI,130000.0,17,Not_Eligible,8200.0
48.0,Male,Married,Graduate,87000.0,Private,0.5,Startup,Own,0.0,4,3,10200.0,0.0,7600.0,16400.0,13500.0,Yes,12300.0,658.0,551100.0,186300.0,Vehicle EMI,1.459e+06,17,Not_Eligible,8316.0
27.0,Male,Single,Graduate,89400.0,Private,2.8,MNC,Family,,2,1,0.0,0.0,10600.0,22100.0,11100.0,Yes,12200.0,640.0,58700.0,28000.0,Education EMI,445000.0,17,Not_Eligible,7481.6
58.0,Female,Married,Graduate,61300.0,Private,0.8,Large Indian,Rented,11800.0,5,4,8300.0,0.0,4800.0,10700.0,9500.0,No,0.0,837.0,192500.0,110100.0,Vehicle EMI,1.494e+06,39,Not_Eligible,7776.0
48.0,Male,Married,Professional,30000.0,Private,15.5,MNC,Rented,8700.0,5,4,0.0,7500.0,1900.0,6600.0,2300.0,No,0.0,750.0,28400.0,7700.0,E-commerce Shopping EMI,110000.0,4,Not_Eligible,1440.0
38.0,Female,Married,Graduate,49900.0,Self-employed,16.0,MNC,Own,0.0,2,1,0.0,21000.0,6200.0,11600.0,3300.0,No,0.0,792.0,348100.0,205500.0,E-commerce Shopping EMI,26000.0,16,Eligible,4633.2
38.0,Female,Married,Post Graduate,67100.0,Government,0.5,MNC,Rented,19500.0,4,3,9500.0,0.0,6500.0,11000.0,7300.0,Yes,16300.0,671.0,62300.0,19200.0,Education EMI,179000.0,21,Not_Eligible,500.0
38.0,Male,Married,Graduate,31100.0,Private,4.1,Small,Family,0.0,3,2,12500.0,0.0,2800.0,5900.0,2300.0,Yes,7400.0,786.0,114900.0,59400.0,Education EMI,203000.0,10,Not_Eligible,500.0
27.0,Female,Married,Graduate,59100.0,Private,0.5,Large Indian,Own,0.0,4,3,0.0,16300.0,3000.0,12700.0,7400.0,No,0.0,740.0,140600.0,38300.0,E-commerce Shopping EMI,173000.0,12,Not_Eligible,7880.0
27.0,Male,Single,Professional,113900.0,Private,0.7,Startup,Rented,30600.0,1,0,0.0,0.0,14500.0,25900.0,21000.0,No,0.0,750.0,197300.0,117800.0,E-commerce Shopping EMI,105000.0,24,Eligible,8409.6
32.0,Male,Married,Graduate,6410.0,Private,1.8,Large Indian,Own,0.0,3,2,12200.0,10900.0,4800.0,9500.0,3300.0,Yes,9800.0,618.0,36400.0,13500.0,Personal Loan EMI,178000.0,37,Not_Eligible,500.0
48.0,Male,Married,Post Graduate,41300.0,Private,4.6,Startup,Own,0.0,3,2,0.0,0.0,2300.0,12100.0,4800.0,Yes,10800.0,587.0,173200.0,40100.0,E-commerce Shopping EMI,99000.0,23,Not_Eligible,3164.0
48.0,Male,Married,Professional,89400.0,Private,2.0,Large Indian,Own,0.0,2,1,0.0,14800.0,8200.0,23900.0,16600.0,Yes,24300.0,641.0,270800.0,58800.0,Personal Loan EMI,776000.0,29,Not_Eligible,500.0
48.0,Male,Married,Post Graduate,72400.0,Private,1.2,Large Indian,Rented,25100.0,5,4,4500.0,0.0,5300.0,20500.0,4600.0,No,0.0,579.0,456600.0,162400.0,Personal Loan EMI,267000.0,55,Not_Eligible,5456.0
48.0,Male,Married,Professional,114700.0,Private,5.2,Mid-size,Own,0.0,2,1,5200.0,0.0,12400.0,33700.0,7500.0,No,0.0,661.0,243700.0,122900.0,Home Appliances EMI,271000.0,10,Not_Eligible,27950.0
27.0,Male,Married,Post Graduate,66900.0,Private,0.9,Large Indian,Family,0.0,3,2,0.0,0.0,9300.0,16100.0,5000.0,No,0.0,800.0,244900.0,108900.0,Personal Loan EMI,604000.0,54,High_Risk,17520.0
32.0,Male,Married,Graduate,38100.0,Government,7.5,Large Indian,Family,0.0,3,2,9300.0,20900.0,5700.0,10500.0,7200.0,No,0.0,811.0,180200.0,54700.0,Vehicle EMI,1.038e+06,51,Not_Eligible,500.0
32.0,Male,Married,High School,33500.0,Private,0.8,Mid-size,Own,0.0,5,4,9900.0,0.0,2500.0,7100.0,2100.0,No,0.0,569.0,244600.0,111900.0,E-commerce Shopping EMI,148000.0,6,Not_Eligible,4188.8
58.0,Female,Married,Graduate,41100.0,Private,13.0,Large Indian,Family,0.0,3,2,14900.0,24700.0,5600.0,11200.0,6300.0,Yes,10500.0,779.0,40800.0,13700.0,E-commerce Shopping EMI,119000.0,12,Not_Eligible,500.0
32.0,Male,Married,Graduate,51000.0,Private,0.5,Mid-size,Own,0.0,3,2,0.0,22500.0,4600.0,13700.0,4800.0,No,0.0,653.0,175500.0,100500.0,E-commerce Shopping EMI,173000.0,12,Not_Eligible,2160.0
32.0,Female,Married,Post Graduate,58700.0,Private,4.2,Large Indian,Rented,,4,3,9700.0,0.0,6600.0,14700.0,6100.0,No,0.0,733.0,291700.0,63400.0,E-commerce Shopping EMI,199000.0,19,Not_Eligible,800.0
32.0,Male,Single,Post Graduate,100100.0,Government,2.3,Large Indian,Family,0.0,3,2,4700.0,0.0,13900.0,23700.0,13700.0,Yes,25800.0,743.0,302600.0,80800.0,Vehicle EMI,758000.0,32,Not_Eligible,6405.0
32.0,Female,Married,Professional,55000.0,Private,0.5,Large Indian,Rented,15300.0,4,3,5500.0,0.0,3600.0,10400.0,5100.0,No,0.0,700.0,78500.0,31000.0,Vehicle EMI,870000.0,29,Not_Eligible,4832.0
58.0,Female,Married,Professional,132800.0,Private,23.8,MNC,Own,0.0,4,3,11900.0,12100.0,7500.0,23100.0,23500.0,Yes,27900.0,636.0,865000.0,468400.0,Personal Loan EMI,180000.0,40,Eligible,8254.4
32.0,Male,Married,Post Graduate,24000.0,Private,0.5,Large Indian,Family,0.0,2,1,0.0,0.0,3200.0,4400.0,3500.0,Yes,6400.0,693.0,118600.0,46100.0,Personal Loan EMI,850000.0,23,Not_Eligible,1820.0
58.0,female,Married,Graduate,30600.0,Private,21.0,Small,Rented,9800.0,4,3,0.0,0.0,2800.0,8300.0,2900.0,Yes,6900.0,609.0,127300.0,68700.0,Personal Loan EMI,791000.0,47,Not_Eligible,500.0
38.0,Male,Married,High School,60700.0,Private,3.9,Mid-size,Rented,10500.0,4,3,13000.0,0.0,4800.0,14800.0,7700.0,Yes,7200.0,686.0,478400.0,186100.0,Education EMI,324000.0,11,Not_Eligible,1039.5
32.0,Female,Married,Professional,56200.0,Government,0.6,Startup,Rented,17600.0,5,4,7300.0,0.0,7100.0,12300.0,7300.0,Yes,11600.0,812.0,248600.0,91500.0,Vehicle EMI,98000.0,41,Not_Eligible,500.0
32.0,Male,Married,Professional,52500.0,Government,1.3,Mid-size,Own,0.0,3,2,3700.0,0.0,4200.0,11800.0,3900.0,No,0.0,1200.0,166100.0,48300.0,Personal Loan EMI,554000.0,47,Not_Eligible,14450.0
38.0,Female,Married,Professional,47800.0,Government,4.0,Large Indian,Rented,11700.0,2,1,0.0,18800.0,6800.0,13400.0,8900.0,No,0.0,704.0,56000.0,17100.0,Personal Loan EMI,171000.0,60,Not_Eligible,500.0
58.0,Female,Single,Graduate,75000.0,Government,5.7,Large Indian,Family,0.0,1,0,0.0,0.0,10100.0,18700.0,11400.0,Yes,12800.0,686.0,51900.0,22900.0,Home Appliances EMI,119000.0,15,Not_Eligible,6776.0
48.0,Male,Married,Post Graduate,85100.0,Private,7.3,Small,Own,18727.0,3,2,0.0,0.0,9300.0,19100.0,15100.0,No,0.0,797.0,628200.0,145200.0,Home Appliances EMI,143000.0,18,Eligible,27456.0
38.0,Male,Married,High School,43300.0,Private,0.5,Mid-size,Own,0.0,5,4,0.0,0.0,5300.0,11500.0,2700.0,No,0.0,627.0,74100.0,30000.0,Education EMI,444000.0,35,Not_Eligible,6092.8
38.0,Male,Married,Post Graduate,71100.0,Government,0.6,MNC,Rented,18900.0,5,4,6100.0,9100.0,5100.0,18400.0,7100.0,Yes,19700.0,713.0,67600.0,23100.0,Vehicle EMI,1.366e+06,76,Not_Eligible,500.0
27.0,Female,Single,Graduate,40400.0,Private,0.5,Startup,Family,0.0,1,0,0.0,0.0,4200.0,11000.0,6700.0,Yes,6300.0,706.0,72100.0,23700.0,Education EMI,180000.0,17,Not_Eligible,2732.8
38.0,Male,Married,Professional,140500.0,Private,16.0,Mid-size,Family,0.0,2,1,0.0,24700.0,15500.0,27000.0,7500.0,No,0.0,820.0,729700.0,335900.0,Education EMI,336000.0,47,Eligible,39480.0
32.0,Male,Married,Graduate,64800.0,Private,4.4,Startup,Own,0.0,3,2,0.0,18000.0,7700.0,10000.0,3900.0,No,0.0,0.0,108900.0,62200.0,Vehicle EMI,499000.0,62,Not_Eligible,10080.0
32.0,Female,Married,Professional,96100.0,Private,5.2,MNC,Family,0.0,4,3,8400.0,0.0,6300.0,22200.0,8800.0,Yes,9700.0,746.0,745200.0,349800.0,E-commerce Shopping EMI,192000.0,10,Not_Eligible,15669.5
48.0,Male,Married,Graduate,82700.0,Private,2.0,Large Indian,Rented,19900.0,2,1,13600.0,7900.0,10800.0,13400.0,5400.0,Yes,20400.0,668.0,273500.0,116200.0,Personal Loan EMI,617000.0,21,Not_Eligible,500.0
48.0,Male,Married,Graduate,15000.0,Private,23.4,Small,Own,0.0,2,1,10500.0,0.0,1000.0,4100.0,1600.0,No,0.0,788.0,29100.0,15800.0,Education EMI,220000.0,37,Not_Eligible,500.0
38.0,Male,Married,High School,59600.0,Private,0.5,Small,Rented,17900.0,4,3,0.0,0.0,8900.0,13900.0,8300.0,No,0.0,777.0,402200.0,94000.0,Home Appliances EMI,104000.0,22,High_Risk,5596.8
48.0,Male,Married,Graduate,23200.0,Private,4.9,Small,Family,0.0,3,2,11000.0,7400.0,2900.0,4600.0,3600.0,No,0.0,638.0,12600.0,6300.0,Education EMI,471000.0,42,Not_Eligible,500.0
32.0,Female,Single,High School,31100.0,Private,0.5,Startup,Own,0.0,3,2,2900.0,19300.0,3400.0,6600.0,2600.0,No,0.0,572.0,209800.0,61600.0,Vehicle EMI,1.396e+06,80,Not_Eligible,500.0
32.0,Female,Married,Graduate,26400.0,Private,1.2,Large Indian,Rented,5000.0,3,2,0.0,10700.0,2900.0,5500.0,1800.0,No,0.0,654.0,20100.0,9600.0,Home Appliances EMI,104000.0,16,Not_Eligible,500.0
38.0,Male,Married,Post Graduate,90100.0,Government,7.0,MNC,Own,0.0,3,2,14000.0,0.0,6600.0,19100.0,14400.0,No,0.0,746.0,446500.0,192800.0,Home Appliances EMI,95000.0,17,Eligible,19800.0
38.0,Female,Married,Graduate,60700.0,Private,8.6,Large Indian,Own,0.0,3,2,3300.0,0.0,5300.0,15400.0,11100.0,Yes,13500.0,714.0,324100.0,110000.0,Personal Loan EMI,876000.0,42,Not_Eligible,4235.0
32.0,Male,Married,Graduate,30500.0,Private,3.1,Large Indian,Own,0.0,3,2,7900.0,0.0,3100.0,7300.0,6000.0,Yes,8500.0,657.0,224600.0,69100.0,Home Appliances EMI,138000.0,10,Not_Eligible,500.0
48.0,Male,Married,Post Graduate,72700.0,Private,13.3,MNC,Rented,24900.0,3,2,2100.0,19700.0,3800.0,14900.0,5300.0,No,0.0,727.0,528600.0,134400.0,Personal Loan EMI,312000.0,51,Not_Eligible,1100.0
48.0,Male,Married,Professional,81100.0,Private,1.6,Mid-size,Own,0.0,2,1,0.0,0.0,11400.0,23800.0,5100.0,Yes,15200.0,636.0,358800.0,94800.0,Personal Loan EMI,154000.0,59,Eligible,7168.0
38.0,Male,Married,Graduate,22700.0,Private,7.9,Startup,Rented,6700.0,2,1,8400.0,18400.0,2700.0,4500.0,4000.0,Yes,6600.0,719.0,104800.0,22200.0,E-commerce Shopping EMI,73000.0,19,Not_Eligible,500.0
32.0,MALE,Single,Post Graduate,111000.0,Private,2.3,MNC,Rented,17800.0,2,1,0.0,0.0,10300.0,22900.0,22100.0,No,0.0,590.0,94900.0,56000.0,Vehicle EMI,1.211e+06,77,Not_Eligible,12128.0
32.0,Male,Married,High School,40100.0,Private,3.3,Small,Own,0.0,3,2,14300.0,0.0,4100.0,11600.0,4700.0,No,0.0,667.0,137200.0,81800.0,Education EMI,118000.0,47,Not_Eligible,2700.0
58.0,Male,Married,Professional,155800.0,Self-employed,35.9,Startup,Rented,36600.0,4,3,8300.0,0.0,22000.0,43000.0,29000.0,No,0.0,727.0,956200.0,366200.0,E-commerce Shopping EMI,110000.0,13,Not_Eligible,8365.5
32.0,Male,Married,Professional,88300.0,Private,0.8,MNC,Family,0.0,3,2,13500.0,8400.0,5500.0,24600.0,9200.0,No,0.0,617.0,612200.0,226300.0,Vehicle EMI,1.224e+06,46,Not_Eligible,9539.2
38.0,Male,Married,Graduate,62300.0,Private,16.0,Mid-size,Family,0.0,4,3,0.0,8900.0,7700.0,13200.0,6400.0,No,0.0,726.0,356000.0,90800.0,Vehicle EMI,816000.0,69,Not_Eligible,13050.0
48.0,Male,Married,Graduate,48700.0,Government,2.5,MNC,Family,0.0,3,2,5600.0,24600.0,6200.0,10100.0,3100.0,No,0.0,724.0,381700.0,143900.0,Home Appliances EMI,100000.0,28,Not_Eligible,500.0
48.0,Female,Married,Post Graduate,65900.0,Self-employed,11.9,Large Indian,Rented,16000.0,3,2,11300.0,14600.0,4900.0,15500.0,3900.0,Yes,17800.0,673.0,171700.0,46800.0,E-commerce Shopping EMI,47000.0,4,Not_Eligible,500.0
38.0,Male,Married,Post Graduate,132200.0,Government,8.7,Large Indian,Family,0.0,5,4,14800.0,9600.0,8700.0,25400.0,10300.0,Yes,32900.0,745.0,413200.0,130200.0,E-commerce Shopping EMI,85000.0,22,Eligible,11742.5
32.0,Male,Married,Graduate,36200.0,Private,5.3,Startup,Family,0.0,2,1,9300.0,22200.0,3400.0,7600.0,4200.0,Yes,5000.0,577.0,286900.0,62400.0,Vehicle EMI,1.013e+06,38,Not_Eligible,500.0
38.0,Male,Married,Professional,87600.0,Private,4.0,Large Indian,Own,0.0,4,3,0.0,0.0,10400.0,16600.0,4500.0,Yes,15800.0,695.0,304500.0,170600.0,Home Appliances EMI,221000.0,24,Eligible,14105.0
27.0,Male,Single,Graduate,36100.0,Private,4.0,Mid-size,Rented,5600.0,3,2,14700.0,0.0,4600.0,7900.0,3200.0,No,0.0,705.0,250900.0,128300.0,Vehicle EMI,583000.0,14,Not_Eligible,500.0
38.0,Male,Married,Graduate,36000.0,Government,1.2,MNC,Rented,5800.0,5,4,7000.0,15800.0,4000.0,9600.0,3000.0,No,0.0,753.0,280500.0,150500.0,E-commerce Shopping EMI,90000.0,24,Not_Eligible,500.0
32.0,Female,Married,Graduate,22300.0,Private,4.0,Mid-size,Own,0.0,4,3,8800.0,0.0,1700.0,5100.0,4000.0,No,0.0,624.0,29100.0,12000.0,E-commerce Shopping EMI,92000.0,13,Not_Eligible,864.0
48.0,Female,Married,Graduate,69600.0,Government,15.2,Small,Rented,14500.0,3,2,6500.0,9200.0,5800.0,20000.0,12900.0,No,0.0,792.0,50000.0,27500.0,Personal Loan EMI,537000.0,34,Not_Eligible,500.0
32.0,Female,Married,Post Graduate,124300.0,Private,1.9,Large Indian,Own,0.0,2,1,4100.0,0.0,13100.0,24600.0,22300.0,No,0.0,656.0,216200.0,76400.0,E-commerce Shopping EMI,152000.0,17,Eligible,24080.0
32.0,Male,Single,Post Graduate,28600.0,Private,6.1,Large Indian,Own,0.0,2,1,0.0,5300.0,3900.0,6800.0,2900.0,No,0.0,627.0,155200.0,50000.0,Personal Loan EMI,650000.0,30,Not_Eligible,3880.0
48.0,Male,Single,Post Graduate,103600.0,Private,4.4,Startup,Rented,23200.0,1,0,0.0,0.0,8300.0,22800.0,11500.0,Yes,13900.0,781.0,276600.0,165500.0,Vehicle EMI,1.304e+06,40,Not_Eligible,10038.0
58.0,Male,Married,Post Graduate,108800.0,Government,2.7,Large Indian,Own,0.0,2,1,0.0,0.0,15500.0,21000.0,15400.0,Yes,20700.0,834.0,353400.0,81900.0,Personal Loan EMI,592000.0,32,Not_Eligible,15204.0
57.0,Female,Married,Post Graduate,64614.0,Private,0.5,Startup,Own,0.0,2,1,10600.0,0.0,6800.0,18200.0,4700.0,No,0.0,778.0,163000.0,85100.0,Personal Loan EMI,462000.0,52,Not_Eligible,12000.0
38.0,Female,Married,Post Graduate,37700.0,Private,1.7,Large Indian,Own,0.0,4,3,12200.0,23100.0,4100.0,11000.0,4200.0,No,0.0,755.0,293700.0,136000.0,Home Appliances EMI,24000.0,36,Not_Eligible,500.0
38.0,Male,Single,Graduate,86600.0,Private,7.2,Large Indian,Own,12173.0,3,2,8100.0,0.0,8600.0,24500.0,7000.0,Yes,20200.0,749.0,522800.0,240700.0,E-commerce Shopping EMI,39000.0,17,Eligible,7007.0
38.0,Male,Married,Graduate,19800.0,Private,15.8,Large Indian,Family,0.0,3,2,6700.0,0.0,1100.0,3900.0,1900.0,No,0.0,822.0,136900.0,75200.0,Personal Loan EMI,660000.0,23,Not_Eligible,4092.0
58.0,Male,Married,Graduate,93300.0,Private,5.1,Startup,Family,0.0,3,2,14700.0,0.0,9400.0,18600.0,17100.0,No,0.0,677.0,716500.0,238200.0,Personal Loan EMI,486000.0,58,Eligible,18425.0
38.0,Male,Married,Professional,43000.0,Private,4.6,Large Indian,Family,0.0,5,4,0.0,0.0,2900.0,7800.0,3800.0,No,0.0,769.0,210400.0,86600.0,Education EMI,354000.0,17,Not_Eligible,17100.0
27.0,Male,Single,Post Graduate,94500.0,Private,0.5,Mid-size,Own,0.0,3,2,0.0,10300.0,11700.0,22600.0,17300.0,No,0.0,742.0,639500.0,383600.0,Personal Loan EMI,426000.0,44,High_Risk,14344.0
48.0,Male,Married,High School,57200.0,Private,26.0,MNC,Own,0.0,4,3,9800.0,0.0,4400.0,13000.0,8600.0,No,0.0,751.0,208100.0,101100.0,Education EMI,127000.0,7,Not_Eligible,12840.0
48.0,Female,Married,Graduate,24000.0,Government,3.9,Mid-size,Rented,5100.0,2,1,10700.0,0.0,1800.0,4500.0,1200.0,No,0.0,705.0,183000.0,80700.0,Education EMI,438000.0,6,Not_Eligible,500.0
48.0,Female,Married,,24900.0,Private,15.0,Mid-size,Own,0.0,4,3,0.0,0.0,3200.0,7100.0,4400.0,Yes,3500.0,633.0,186700.0,105500.0,Vehicle EMI,451000.0,56,Not_Eligible,2063.6
32.0,Female,Single,High School,41900.0,Private,2.4,MNC,Rented,6700.0,1,0,0.0,0.0,4500.0,10000.0,3300.0,Yes,5600.0,658.0,131000.0,61600.0,Education EMI,384000.0,45,Not_Eligible,4130.0
38.0,Male,Married,High School,43700.0,Private,6.5,Large Indian,Own,0.0,5,4,0.0,0.0,6500.0,9600.0,3300.0,No,0.0,797.0,47000.0,22200.0,Vehicle EMI,536000.0,30,Not_Eligible,11664.0
58.0,Male,Married,High School,29200.0,Private,7.0,Mid-size,Family,0.0,3,2,0.0,0.0,3700.0,6300.0,5300.0,No,0.0,778.0,224700.0,107300.0,Home Appliances EMI,299000.0,23,Not_Eligible,9174.0
38.0,Male,Married,Post Graduate,152400.0,Private,0.5,Startup,Own,0.0,4,3,14600.0,16000.0,11800.0,42500.0,8300.0,Yes,34300.0,695.0,416500.0,241000.0,Home Appliances EMI,245000.0,13,Not_Eligible,6972.0
38.0,Male,Married,High School,25200.0,Private,4.0,MNC,Rented,8100.0,5,4,12400.0,0.0,1700.0,7400.0,3400.0,No,0.0,734.0,103700.0,35700.0,Home Appliances EMI,109000.0,22,Not_Eligible,500.0
32.0,Male,Married,Graduate,46700.0,Private,3.3,MNC,Rented,10100.0,4,3,13000.0,0.0,3400.0,10100.0,8700.0,Yes,13200.0,701.0,336900.0,102400.0,Home Appliances EMI,33000.0,15,Not_Eligible,500.0
48.0,Male,Married,Graduate,34700.0,Private,4.7,Mid-size,Family,0.0,2,1,0.0,0.0,2700.0,8100.0,6500.0,Yes,7500.0,650.0,150400.0,45600.0,Home Appliances EMI,81000.0,18,Not_Eligible,3465.0
48.0,Female,Married,Graduate,74500.0,Private,21.4,Mid-size,Family,0.0,2,1,6000.0,9600.0,7300.0,13000.0,11100.0,No,0.0,689.0,363200.0,89800.0,Education EMI,239000.0,23,High_Risk,13750.0
27.0,Female,Married,High School,34400.0,Private,0.6,Small,Rented,8400.0,2,1,0.0,0.0,2300.0,9200.0,5200.0,No,0.0,708.0,272500.0,57200.0,Education EMI,180000.0,42,Not_Eligible,4092.0
38.0,Female,Married,Professional,143400.0,Government,2.8,Mid-size,Family,0.0,4,3,0.0,0.0,15600.0,26000.0,12100.0,Yes,15400.0,681.0,977700.0,397100.0,Education EMI,269000.0,29,Eligible,28605.5
37.0,Male,Married,High School,5318.0,Private,0.5,MNC,Own,0.0,2,1,15000.0,0.0,4300.0,11000.0,6700.0,Yes,7000.0,554.0,166500.0,49200.0,Personal Loan EMI,382000.0,44,Not_Eligible,500.0
38.0,Female,Married,Post Graduate,19500.0,Private,4.1,MNC,Family,0.0,4,3,11600.0,16600.0,2800.0,3700.0,2500.0,Yes,3400.0,562.0,12200.0,6500.0,Personal Loan EMI,90000.0,50,Not_Eligible,500.0
38.0,Female,Married,Graduate,62000.0,Private,1.0,MNC,Rented,14000.0,4,3,0.0,0.0,4800.0,11300.0,9400.0,Yes,12700.0,555.0,257700.0,112000.0,Home Appliances EMI,48000.0,19,Not_Eligible,2744.0
32.0,Female,Married,Post Graduate,57800.0,Self-employed,0.5,MNC,Family,0.0,4,3,0.0,18800.0,8100.0,13000.0,7400.0,No,0.0,670.0,342600.0,142900.0,Home Appliances EMI,179000.0,25,Not_Eligible,4725.0
38.0,Female,Married,Graduate,30100.0,Government,8.1,MNC,Family,0.0,4,3,0.0,11100.0,2200.0,8100.0,2200.0,Yes,7800.0,776.0,119300.0,33900.0,Education EMI,207000.0,31,Not_Eligible,500.0
32.0,Female,Married,Post Graduate,30600.0,Self-employed,1.8,MNC,Own,0.0,3,2,3100.0,5500.0,3500.0,6000.0,3400.0,No,0.0,816.0,29600.0,9300.0,Education EMI,162000.0,41,Not_Eligible,3931.2
48.0,Male,Married,Graduate,16900.0,Self-employed,2.8,MNC,Rented,2700.0,5,4,0.0,0.0,2200.0,4200.0,1700.0,No,0.0,703.0,133000.0,73800.0,Personal Loan EMI,423000.0,18,Not_Eligible,3019.5
32.0,Male,Married,Professional,129800.0,Private,8.2,Large Indian,Family,0.0,3,2,8200.0,0.0,11800.0,28600.0,8800.0,Yes,29500.0,765.0,390200.0,110800.0,Vehicle EMI,430000.0,65,Eligible,18018.0
58.0,Female,Married,Graduate,53900.0,Private,11.7,MNC,Rented,14100.0,2,1,0.0,0.0,3100.0,8400.0,5500.0,Yes,9700.0,667.0,218600.0,60100.0,Education EMI,214000.0,38,Not_Eligible,4585.0
32.0,Male,Single,Graduate,54300.0,Private,3.5,Startup,Family,0.0,1,0,0.0,0.0,5200.0,16200.0,6400.0,No,0.0,694.0,124200.0,51200.0,E-commerce Shopping EMI,25000.0,12,Eligible,13250.0
32.0,Female,Married,Post Graduate,25700.0,Government,0.7,Large Indian,Rented,6300.0,4,3,0.0,12300.0,1900.0,4000.0,5000.0,No,0.0,749.0,96800.0,49000.0,Home Appliances EMI,164000.0,13,Not_Eligible,500.0
38.0,Male,Married,High School,14400.0,Private,0.8,Small,Rented,2800.0,2,1,4700.0,0.0,1800.0,3900.0,2800.0,No,0.0,589.0,51100.0,16800.0,Personal Loan EMI,421000.0,46,Not_Eligible,500.0
32.0,Female,Married,Post Graduate,23400.0,Private,9.1,Startup,Rented,6700.0,3,2,0.0,0.0,2000.0,5000.0,1900.0,No,0.0,831.0,158000.0,47100.0,Home Appliances EMI,255000.0,9,Not_Eligible,5148.0
38.0,Female,Married,Graduate,86300.0,Government,7.8,MNC,Own,0.0,2,1,3400.0,17100.0,10900.0,20400.0,9300.0,Yes,23100.0,795.0,403100.0,197600.0,E-commerce Shopping EMI,122000.0,15,Not_Eligible,970.2
32.0,Female,Single,Post Graduate,44700.0,Private,3.8,Mid-size,Own,0.0,2,1,14000.0,16100.0,3400.0,10900.0,3600.0,No,0.0,516.0,248900.0,62000.0,Education EMI,116000.0,15,Not_Eligible,500.0
38.0,Male,Married,Post Graduate,25700.0,Private,1.8,Mid-size,Rented,3900.0,2,1,8500.0,0.0,3700.0,7300.0,2200.0,No,0.0,753.0,48100.0,19000.0,Home Appliances EMI,176000.0,22,Not_Eligible,500.0
32.0,Female,Single,Graduate,63100.0,Private,2.5,Large Indian,Rented,12400.0,1,0,0.0,0.0,6300.0,17200.0,4700.0,Yes,17200.0,625.0,427800.0,208600.0,Personal Loan EMI,267000.0,28,Not_Eligible,1632.4
58.0,Female,Married,Professional,60400.0,Self-employed,2.5,Mid-size,Own,0.0,4,3,4400.0,0.0,6000.0,12400.0,4100.0,No,0.0,699.0,233800.0,121900.0,Home Appliances EMI,74000.0,36,Eligible,15075.0
38.0,Male,Married,High School,86800.0,Private,0.8,Large Indian,Family,0.0,2,1,0.0,0.0,10100.0,14400.0,7800.0,Yes,17600.0,641.0,671500.0,274300.0,Vehicle EMI,1.275e+06,22,Not_Eligible,9092.16
32.0,Male,Single,High School,19800.0,Private,10.0,Startup,Family,0.0,2,1,0.0,0.0,2600.0,5200.0,1300.0,Yes,3700.0,802.0,82300.0,38400.0,Education EMI,243000.0,33,Not_Eligible,2940.0
48.0,Male,Married,Graduate,68000.0,Government,2.1,Large Indian,Own,0.0,4,3,8400.0,13600.0,9100.0,19800.0,6600.0,No,0.0,769.0,231600.0,59900.0,Education EMI,408000.0,35,Not_Eligible,6300.0
32.0,Male,Single,Graduate,57700.0,Government,1.1,Small,Rented,11300.0,1,0,0.0,0.0,3000.0,11000.0,9500.0,No,0.0,785.0,197400.0,92800.0,Personal Loan EMI,422000.0,31,Not_Eligible,13740.0
48.0,Male,Single,Graduate,61500.0,Private,0.5,Startup,Own,0.0,1,0,0.0,0.0,3400.0,15700.0,3500.0,Yes,17500.0,662.0,143200.0,83700.0,Education EMI,292000.0,30,Not_Eligible,5992.0
27.0,Female,Single,Post Graduate,76600.0,Private,0.5,Small,Family,0.0,3,2,2500.0,0.0,4900.0,20600.0,8900.0,No,0.0,711.0,182300.0,36800.0,Home Appliances EMI,157000.0,13,High_Risk,15880.0
27.0,Male,Single,Graduate,42800.0,Government,0.5,Startup,Rented,9800.0,2,1,0.0,21800.0,4600.0,11600.0,4900.0,No,0.0,682.0,293600.0,142400.0,Vehicle EMI,160000.0,35,Not_Eligible,500.0
48.0,Female,Married,Graduate,48800.0,Private,10.1,Small,Family,0.0,5,4,0.0,20600.0,6900.0,14500.0,5600.0,Yes,6300.0,647.0,,118000.0,Personal Loan EMI,471000.0,56,Not_Eligible,500.0
32.0,Female,Single,Professional,141300.0,Private,2.7,MNC,Rented,23900.0,3,2,3500.0,17800.0,13800.0,36000.0,24800.0,No,0.0,773.0,1.0493e+06,215600.0,Education EMI,86000.0,37,Eligible,14190.0
38.0,Male,Married,Graduate,34400.0,Private,4.3,Startup,Rented,7500.0,2,1,12700.0,0.0,3500.0,8100.0,4800.0,Yes,4700.0,632.0,188300.0,94400.0,Home Appliances EMI,220000.0,13,Not_Eligible,500.0
58.0,Male,Single,Graduate,97900.0,Private,8.1,Mid-size,Rented,28800.0,2,1,4300.0,0.0,6000.0,28900.0,16100.0,No,0.0,742.0,186400.0,38000.0,Education EMI,275000.0,13,Not_Eligible,5520.0
32.0,Male,Married,Graduate,45200.0,Government,5.4,Mid-size,Family,0.0,4,3,0.0,0.0,5700.0,10500.0,6600.0,Yes,9000.0,753.0,123600.0,66100.0,Home Appliances EMI,164000.0,21,Not_Eligible,6190.8
38.0,Female,Single,Post Graduate,114800.0,Private,1.7,Large Indian,Own,0.0,2,1,7700.0,0.0,13100.0,23800.0,17500.0,No,0.0,752.0,828400.0,402400.0,E-commerce Shopping EMI,74000.0,4,Eligible,34782.0
58.0,Female,Married,Professional,46000.0,Self-employed,27.2,Mid-size,Rented,11200.0,3,2,0.0,0.0,5000.0,12900.0,3000.0,No,0.0,850.0,89700.0,28000.0,E-commerce Shopping EMI,170000.0,3,Not_Eligible,6004.8
27.0,Male,Single,Post Graduate,23400.0,Private,5.0,MNC,Rented,7300.0,1,0,0.0,0.0,3200.0,4000.0,1900.0,No,0.0,579.0,38100.0,15900.0,Home Appliances EMI,272000.0,25,Not_Eligible,2240.0
38.0,Female,Married,Graduate,70700.0,Private,5.9,Mid-size,Own,0.0,4,3,2300.0,0.0,8500.0,12100.0,5600.0,No,0.0,603.0,268000.0,129900.0,Personal Loan EMI,710000.0,12,Not_Eligible,16880.0
32.0,Male,Married,Graduate,24800.0,Private,1.6,Large Indian,Rented,5300.0,3,2,0.0,0.0,3300.0,6000.0,2900.0,No,0.0,721.0,189500.0,112300.0,E-commerce Shopping EMI,135000.0,12,Not_Eligible,4015.0
38.0,Female,Married,Post Graduate,79600.0,Self-employed,3.5,MNC,Own,0.0,3,2,12500.0,0.0,8000.0,15300.0,8600.0,Yes,20800.0,717.0,580800.0,288300.0,Home Appliances EMI,130000.0,28,Not_Eligible,4989.6
32.0,Male,Single,Post Graduate,63200.0,Private,1.8,Startup,Rented,9800.0,3,2,0.0,9600.0,3400.0,10100.0,6700.0,Yes,16600.0,725.0,462200.0,129700.0,E-commerce Shopping EMI,151000.0,9,Not_Eligible,2695.0
27.0,Female,Married,Graduate,32100.0,Government,3.2,MNC,Rented,6500.0,3,2,11900.0,0.0,3700.0,8300.0,5700.0,No,0.0,730.0,119900.0,34800.0,Vehicle EMI,769000.0,68,Not_Eligible,500.0
32.0,Male,Single,Professional,98300.0,Government,4.8,Large Indian,Own,0.0,2,1,0.0,0.0,10900.0,27000.0,6200.0,Yes,19700.0,797.0,630300.0,158400.0,E-commerce Shopping EMI,141000.0,18,Eligible,17532.9
58.0,Male,Married,High School,80700.0,Government,5.7,Startup,Rented,14000.0,4,3,0.0,0.0,7500.0,22300.0,7500.0,No,0.0,767.0,206700.0,49700.0,Personal Loan EMI,271000.0,46,Eligible,19404.0
32.0,Male,Married,Post Graduate,80600.0,Private,0.6,Large Indian,Own,0.0,4,3,4300.0,0.0,10100.0,14700.0,9900.0,No,0.0,823.0,201400.0,71000.0,E-commerce Shopping EMI,172000.0,21,Eligible,19968.0
38.0,Female,Married,Professional,57700.0,Private,1.6,Large Indian,Own,0.0,3,2,3500.0,0.0,4600.0,15700.0,9200.0,No,0.0,647.0,76000.0,30300.0,Home Appliances EMI,290000.0,29,Not_Eligible,7904.0
27.0,Male,Single,Graduate,29800.0,Private,1.3,Large Indian,Own,0.0,2,1,11900.0,0.0,2000.0,5200.0,2100.0,Yes,8900.0,631.0,58100.0,18500.0,Home Appliances EMI,235000.0,9,Not_Eligible,500.0
38.0,Female,Married,Professional,77600.0,Private,4.8,Large Indian,Rented,17100.0,5,4,0.0,0.0,4500.0,17700.0,4500.0,Yes,21400.0,654.0,201400.0,,Education EMI,242000.0,41,Not_Eligible,4340.0
58.0,Male,Married,High School,18900.0,Private,1.8,Large Indian,Rented,4100.0,4,3,13300.0,17400.0,1200.0,5200.0,1400.0,Yes,2100.0,689.0,94200.0,41300.0,Education EMI,78000.0,22,Not_Eligible,500.0
27.0,Male,Married,Graduate,387298.0,Private,0.5,Mid-size,Own,0.0,3,2,6600.0,9300.0,3600.0,15300.0,8800.0,No,0.0,674.0,479600.0,227700.0,Home Appliances EMI,83000.0,29,Eligible,10956.0
38.0,Male,Married,Professional,69600.0,Government,6.3,Large Indian,Own,0.0,3,2,0.0,0.0,7900.0,13900.0,4000.0,No,0.0,695.0,335200.0,139100.0,Home Appliances EMI,247000.0,18,Eligible,24090.0
38.0,Female,Married,Post Graduate,43300.0,Private,16.0,Mid-size,Own,0.0,2,1,3600.0,0.0,6400.0,8600.0,5700.0,No,0.0,649.0,316800.0,142300.0,Home Appliances EMI,46000.0,14,Eligible,8360.0
32.0,Female,Married,Graduate,36000.0,Self-employed,5.5,Mid-size,Own,0.0,5,4,0.0,12900.0,4900.0,5600.0,2100.0,No,0.0,698.0,224600.0,75400.0,Vehicle EMI,1.4e+06,56,Not_Eligible,5197.5
27.0,Male,Single,Graduate,47300.0,Private,0.5,Mid-size,Own,0.0,3,2,0.0,0.0,4000.0,7100.0,2800.0,No,0.0,694.0,142100.0,73400.0,Personal Loan EMI,409000.0,25,Not_Eligible,13360.0
27.0,Male,Single,Graduate,50600.0,Private,0.6,Large Indian,Family,0.0,1,0,0.0,0.0,3500.0,11600.0,5000.0,No,0.0,630.0,224800.0,53200.0,Education EMI,431000.0,47,Not_Eligible,9760.0
32.0,Male,Married,Graduate,16300.0,Private,8.8,MNC,Rented,5500.0,4,3,0.0,0.0,1800.0,2700.0,800.0,Yes,3700.0,514.0,45400.0,16300.0,E-commerce Shopping EMI,33000.0,10,Not_Eligible,500.0
38.0,Male,Married,Post Graduate,146200.0,Private,1.4,Large Indian,Rented,26900.0,3,2,0.0,0.0,19600.0,40300.0,9100.0,No,0.0,665.0,877100.0,396000.0,Vehicle EMI,170000.0,21,Eligible,25150.0
27.0,Male,Single,Professional,148200.0,Private,1.0,Startup,Own,0.0,1,0,0.0,0.0,13500.0,41800.0,17400.0,No,0.0,550.0,400300.0,100300.0,Home Appliances EMI,143000.0,14,Eligible,30200.0
58.0,Male,Married,Post Graduate,76800.0,Private,2.6,Mid-size,Family,0.0,2,1,0.0,19200.0,6400.0,15000.0,8700.0,No,0.0,809.0,571000.0,214200.0,Home Appliances EMI,181000.0,13,High_Risk,18150.0
32.0,Female,Single,Post Graduate,61700.0,Private,10.0,MNC,Own,0.0,1,0,0.0,0.0,8000.0,15400.0,4600.0,No,0.0,801.0,56400.0,24600.0,Vehicle EMI,246000.0,28,Eligible,16176.0
32.0,Female,Married,Graduate,328726.0,Private,2.6,Large Indian,Family,0.0,4,3,3200.0,0.0,3400.0,5400.0,3500.0,Yes,6200.0,594.0,120800.0,41100.0,Personal Loan EMI,987000.0,50,Not_Eligible,504.0
48.0,Male,Married,Professional,65100.0,Private,26.0,Mid-size,Rented,12100.0,2,1,2800.0,0.0,9000.0,14000.0,11100.0,No,0.0,723.0,392100.0,105800.0,E-commerce Shopping EMI,25000.0,23,Eligible,8855.0
32.0,Female,Married,Graduate,41500.0,Private,3.8,Large Indian,Family,0.0,4,3,9100.0,0.0,3900.0,9700.0,2600.0,No,0.0,741.0,30600.0,6300.0,Personal Loan EMI,719000.0,17,Not_Eligible,6480.0
58.0,Male,Married,Graduate,95200.0,Private,36.0,Large Indian,Rented,27800.0,4,3,3100.0,0.0,8000.0,27700.0,12000.0,No,0.0,791.0,355300.0,158700.0,Personal Loan EMI,392000.0,16,Not_Eligible,9960.0
38.0,Male,Married,Graduate,54900.0,Private,2.3,MNC,Own,0.0,3,2,8500.0,0.0,5000.0,10700.0,3600.0,No,0.0,626.0,369300.0,214900.0,Home Appliances EMI,99000.0,11,High_Risk,11924.0
27.0,Male,Married,Professional,9726.0,Private,2.4,Large Indian,Family,0.0,2,1,6400.0,22500.0,4400.0,7600.0,1900.0,No,0.0,572.0,28300.0,11800.0,Vehicle EMI,1.365e+06,59,Not_Eligible,500.0
32.0,Male,Married,Post Graduate,60300.0,Private,3.1,Large Indian,Rented,14300.0,3,2,0.0,0.0,4500.0,11600.0,8200.0,Yes,15600.0,577.0,364200.0,210500.0,Personal Loan EMI,143000.0,18,Not_Eligible,1878.8
38.0,Female,Married,Graduate,52600.0,Private,16.0,MNC,Own,6877.0,3,2,14500.0,0.0,4100.0,14100.0,3700.0,No,0.0,696.0,97000.0,26600.0,Home Appliances EMI,122000.0,19,Not_Eligible,6480.0
48.0,Male,Married,Graduate,38500.0,Private,0.6,MNC,Family,0.0,3,2,0.0,7900.0,3600.0,8000.0,3100.0,No,0.0,682.0,209700.0,102100.0,E-commerce Shopping EMI,58000.0,16,Eligible,6360.0
32.0,Male,Single,Post Graduate,101000.0,Private,1.8,MNC,Own,0.0,2,1,14300.0,20500.0,14100.0,22900.0,5100.0,Yes,27500.0,713.0,312900.0,136300.0,Personal Loan EMI,876000.0,40,Not_Eligible,500.0
58.0,Female,Married,Post Graduate,66200.0,Private,2.2,Startup,Own,0.0,4,3,11900.0,0.0,8400.0,15300.0,8200.0,Yes,11900.0,687.0,170800.0,43000.0,Vehicle EMI,139000.0,19,Not_Eligible,3675.0
48.0,Female,Married,Graduate,75500.0,Private,8.4,MNC,Family,0.0,3,2,10500.0,0.0,4800.0,18600.0,8600.0,No,0.0,715.0,275700.0,126200.0,Vehicle EMI,1.033e+06,39,Not_Eligible,16500.0
38.0,Male,Married,High School,39600.0,Private,16.0,MNC,Rented,10500.0,3,2,0.0,0.0,4800.0,11400.0,5200.0,No,0.0,786.0,193100.0,77700.0,Education EMI,294000.0,9,Not_Eligible,4620.0
58.0,Male,Married,Post Graduate,44500.0,Self-employed,3.8,Mid-size,Family,0.0,5,4,13300.0,0.0,4900.0,6700.0,4200.0,No,0.0,755.0,166500.0,94200.0,Education EMI,450000.0,22,Not_Eligible,8316.0
38.0,Male,Married,Post Graduate,42300.0,Private,1.0,MNC,Own,0.0,3,2,14000.0,0.0,4500.0,12200.0,2200.0,No,0.0,669.0,23900.0,5300.0,Vehicle EMI,1.136e+06,59,Not_Eligible,3760.0
38.0,Female,Married,Post Graduate,27500.0,Private,7.1,Mid-size,Own,0.0,5,4,11700.0,0.0,1600.0,7600.0,2600.0,No,0.0,702.0,26800.0,8400.0,Education EMI,241000.0,30,Not_Eligible,1600.0
27.0,Female,Married,Post Graduate,26000.0,Private,2.2,Mid-size,Rented,7500.0,5,4,0.0,12500.0,2000.0,4400.0,5100.0,No,0.0,708.0,37300.0,17800.0,Vehicle EMI,831000.0,21,Not_Eligible,500.0
32.0,Female,Single,Graduate,40200.0,Private,0.5,Mid-size,Rented,9500.0,2,1,0.0,0.0,3400.0,9200.0,3100.0,No,0.0,669.0,269900.0,105600.0,Education EMI,487000.0,44,Not_Eligible,6600.0
58.0,Male,Married,Graduate,65300.0,Government,31.7,Mid-size,Own,0.0,4,3,0.0,0.0,8900.0,16700.0,4800.0,No,0.0,850.0,408200.0,151300.0,Vehicle EMI,407000.0,12,Not_Eligible,25337.4
48.0,Female,Married,Post Graduate,101800.0,Self-employed,7.5,Large Indian,Own,10809.0,4,3,0.0,0.0,13300.0,20000.0,8900.0,No,0.0,745.0,138500.0,77000.0,Personal Loan EMI,653000.0,22,Not_Eligible,21456.0
32.0,Female,Married,Post Graduate,69000.0,Private,4.4,MNC,Family,0.0,3,2,13800.0,0.0,7400.0,10900.0,10600.0,Yes,10700.0,681.0,433900.0,134700.0,Education EMI,55000.0,11,High_Risk,6006.0
58.0,Female,Married,Graduate,6582.0,Private,36.0,Mid-size,Family,0.0,4,3,7500.0,16700.0,2200.0,12200.0,7700.0,No,0.0,652.0,62800.0,27900.0,E-commerce Shopping EMI,32000.0,8,Not_Eligible,500.0
38.0,Male,Married,High School,59800.0,Government,1.9,MNC,Family,0.0,3,2,0.0,0.0,3900.0,16600.0,3800.0,No,0.0,719.0,208500.0,115000.0,Vehicle EMI,1.16e+06,25,Not_Eligible,17750.0
38.0,Male,Married,Graduate,57100.0,Private,14.4,Large Indian,Own,0.0,3,2,13000.0,24600.0,5600.0,13300.0,5300.0,No,0.0,680.0,170200.0,98600.0,Personal Loan EMI,495000.0,35,Not_Eligible,500.0
38.0,Male,Married,Post Graduate,23400.0,Private,2.5,MNC,Rented,6200.0,3,2,4800.0,0.0,1700.0,4100.0,3900.0,No,0.0,804.0,100800.0,34500.0,Home Appliances EMI,68000.0,11,Not_Eligible,1620.0
38.0,Female,Married,Graduate,38900.0,Private,0.5,MNC,Family,17266.0,4,3,0.0,0.0,2500.0,8000.0,4000.0,No,0.0,665.0,212300.0,78000.0,Personal Loan EMI,744000.0,48,Not_Eligible,9760.0
32.0,Male,Married,Graduate,42600.0,Self-employed,3.1,Large Indian,Family,0.0,4,3,10700.0,0.0,3900.0,8800.0,3600.0,No,0.0,595.0,164300.0,92700.0,Home Appliances EMI,111000.0,19,Not_Eligible,5616.0
27.0,Male,Single,High School,12000.0,Private,0.6,Startup,Own,0.0,1,0,0.0,0.0,800.0,1900.0,2000.0,No,0.0,684.0,64100.0,17700.0,Vehicle EMI,178000.0,18,Not_Eligible,2920.0
32.0,Female,Married,Graduate,39500.0,Government,4.0,Large Indian,Family,0.0,5,4,5900.0,0.0,2800.0,9800.0,2700.0,No,0.0,786.0,229200.0,57900.0,Education EMI,111000.0,7,Not_Eligible,12078.0
32.0,Female,Married,High School,62600.0,Government,5.5,MNC,Family,0.0,4,3,10000.0,8300.0,9300.0,18700.0,5900.0,No,0.0,741.0,351100.0,161400.0,Vehicle EMI,939000.0,38,Not_Eligible,5720.0
38.0,Male,Married,Professional,63300.0,Private,1.4,Large Indian,Rented,18600.0,3,2,6500.0,0.0,6200.0,9800.0,5100.0,No,0.0,656.0,179200.0,60900.0,E-commerce Shopping EMI,23000.0,19,Eligible,8550.0
32.0,Male,Married,Post Graduate,110200.0,Private,1.4,Large Indian,Own,0.0,2,1,0.0,0.0,6200.0,26200.0,19100.0,No,0.0,736.0,495500.0,283300.0,Personal Loan EMI,783000.0,53,Eligible,29350.0
27.0,Male,Married,Graduate,27100.0,Government,4.3,MNC,Rented,7800.0,5,4,14500.0,0.0,2600.0,6500.0,2100.0,No,0.0,788.0,28400.0,8700.0,Personal Loan EMI,602000.0,60,Not_Eligible,500.0
32.0,Male,Married,High School,22700.0,Self-employed,8.3,Large Indian,Rented,5900.0,3,2,0.0,0.0,2000.0,6800.0,4100.0,No,0.0,712.0,16800.0,4000.0,Personal Loan EMI,981000.0,24,Not_Eligible,1404.0
38.0,Female,Married,Graduate,36900.0,Government,5.6,Large Indian,Own,0.0,4,3,11700.0,0.0,2700.0,9400.0,6000.0,No,0.0,808.0,78800.0,42400.0,E-commerce Shopping EMI,131000.0,19,Not_Eligible,4686.0
27.0,male,Married,Post Graduate,42300.0,Private,5.0,Large Indian,Rented,13500.0,3,2,7200.0,20500.0,5300.0,10600.0,3200.0,Yes,12500.0,728.0,328800.0,140500.0,Education EMI,216000.0,17,Not_Eligible,500.0
38.0,Male,Married,Professional,67600.0,Private,13.4,Small,Family,0.0,4,3,5900.0,0.0,5900.0,15300.0,4800.0,No,0.0,726.0,530500.0,177200.0,E-commerce Shopping EMI,132000.0,23,Eligible,19635.0
48.0,Female,Married,Graduate,91200.0,Government,3.4,Large Indian,Rented,28800.0,4,3,14200.0,0.0,4700.0,25800.0,16000.0,No,0.0,808.0,552200.0,125800.0,Personal Loan EMI,204000.0,12,Not_Eligible,1234.2
48.0,Male,Married,Professional,113100.0,Government,12.0,MNC,Own,0.0,3,2,10000.0,0.0,9800.0,30000.0,16700.0,No,0.0,844.0,871400.0,246100.0,Education EMI,267000.0,10,High_Risk,33831.6
48.0,Female,Married,Graduate,28100.0,Private,0.5,Large Indian,Rented,6000.0,3,2,0.0,0.0,3500.0,4500.0,4700.0,Yes,6900.0,596.0,58700.0,26700.0,Education EMI,376000.0,32,Not_Eligible,560.0
48.0,Female,Married,Graduate,37800.0,Self-employed,1.0,Large Indian,Family,0.0,2,1,15000.0,0.0,4500.0,8400.0,2500.0,No,0.0,778.0,150200.0,32800.0,Home Appliances EMI,252000.0,18,Not_Eligible,3996.0
48.0,Male,Married,Graduate,40600.0,Private,5.5,Startup,Rented,12100.0,3,2,8600.0,0.0,2300.0,7900.0,8000.0,No,0.0,1200.0,158900.0,91000.0,E-commerce Shopping EMI,25000.0,13,Not_Eligible,850.0
38.0,Female,Married,Post Graduate,38400.0,Self-employed,1.7,Startup,Rented,8700.0,4,3,10800.0,0.0,5600.0,6700.0,4900.0,No,0.0,653.0,227000.0,50700.0,Education EMI,72000.0,38,Not_Eligible,765.0
38.0,Male,Married,Professional,94800.0,Self-employed,2.1,Large Indian,Rented,29800.0,4,3,6500.0,0.0,13400.0,27700.0,10400.0,Yes,9800.0,625.0,403800.0,224700.0,E-commerce Shopping EMI,139000.0,24,Not_Eligible,500.0
48.0,Female,Married,Professional,40000.0,Government,4.6,Mid-size,Rented,6800.0,2,1,6700.0,0.0,4600.0,8400.0,6600.0,No,0.0,729.0,99000.0,55200.0,Vehicle EMI,1.435e+06,41,Not_Eligible,3795.0
32.0,Male,Married,Professional,101900.0,Government,4.9,Mid-size,Own,0.0,3,2,3400.0,0.0,6000.0,18700.0,14100.0,No,0.0,850.0,378600.0,188300.0,Education EMI,442000.0,15,High_Risk,39402.0
32.0,Female,Married,Graduate,18200.0,Private,1.6,MNC,Own,0.0,5,4,0.0,13400.0,1000.0,3500.0,1100.0,No,0.0,636.0,11800.0,2900.0,E-commerce Shopping EMI,28000.0,21,Not_Eligible,500.0
48.0,Male,Married,Post Graduate,58600.0,Private,3.8,Startup,Rented,13000.0,5,4,4000.0,20600.0,4900.0,15400.0,10400.0,No,0.0,772.0,468000.0,147000.0,E-commerce Shopping EMI,155000.0,16,Not_Eligible,500.0
27.0,Male,Single,Graduate,11771.0,Government,1.2,MNC,Own,,1,0,0.0,0.0,1200.0,5200.0,2900.0,Yes,2100.0,0.0,62100.0,37000.0,Vehicle EMI,1.475e+06,21,Not_Eligible,2310.0
38.0,Male,Single,Post Graduate,119300.0,Government,5.9,MNC,Family,0.0,3,2,11900.0,0.0,16000.0,32900.0,15700.0,No,0.0,821.0,747300.0,,Personal Loan EMI,822000.0,27,Not_Eligible,31072.8
27.0,Male,Single,Post Graduate,104900.0,Private,4.4,Large Indian,Rented,24500.0,1,0,0.0,0.0,12000.0,29500.0,13500.0,Yes,28800.0,750.0,90400.0,37300.0,Education EMI,278000.0,9,Not_Eligible,500.0
38.0,Male,Single,Graduate,18000.0,Private,2.0,Mid-size,Family,0.0,1,0,0.0,0.0,2000.0,2700.0,1000.0,Yes,2900.0,750.0,83800.0,37400.0,Home Appliances EMI,207000.0,30,Not_Eligible,3948.0
32.0,Female,Single,Post Graduate,39600.0,Government,1.3,MNC,Rented,10200.0,1,0,0.0,0.0,3600.0,7900.0,5300.0,Yes,7500.0,714.0,127800.0,43100.0,Personal Loan EMI,799000.0,14,Not_Eligible,1785.0
38.0,Male,Single,Graduate,97000.0,Private,10.8,Mid-size,Own,0.0,1,0,0.0,0.0,12800.0,14900.0,7600.0,Yes,26500.0,722.0,630600.0,214100.0,Vehicle EMI,199000.0,19,High_Risk,13552.0
27.0,Female,Married,Professional,96000.0,Private,1.7,Startup,Rented,14400.0,3,2,8000.0,10900.0,10200.0,17100.0,7100.0,Yes,14200.0,666.0,62700.0,32900.0,E-commerce Shopping EMI,98000.0,20,Not_Eligible,3948.0
32.0,Male,Married,Post Graduate,38700.0,Government,2.0,MNC,Own,0.0,4,3,0.0,0.0,4500.0,6400.0,6000.0,No,0.0,722.0,30500.0,13200.0,Home Appliances EMI,267000.0,32,Not_Eligible,8720.0
38.0,Male,Married,Graduate,77500.0,Self-employed,1.5,MNC,Family,0.0,4,3,10000.0,0.0,7200.0,15000.0,11600.0,No,0.0,802.0,584300.0,181600.0,Vehicle EMI,704000.0,78,Eligible,20017.8
32.0,Male,Married,Graduate,37300.0,Private,3.6,Mid-size,Own,0.0,4,3,2800.0,0.0,3100.0,6700.0,1900.0,No,0.0,611.0,238900.0,134600.0,Vehicle EMI,1.329e+06,17,Not_Eligible,10032.0
48.0,Male,Married,Post Graduate,42500.0,Private,6.8,Startup,Family,0.0,3,2,3900.0,0.0,4100.0,9200.0,5400.0,No,0.0,723.0,90400.0,26900.0,Home Appliances EMI,36000.0,20,Eligible,9950.0
38.0,Female,Married,Post Graduate,119900.0,Government,16.0,Large Indian,Family,0.0,3,2,13500.0,0.0,10900.0,19600.0,10600.0,No,0.0,789.0,273700.0,131800.0,Personal Loan EMI,656000.0,53,Eligible,43098.0
32.0,Female,Married,Post Graduate,48700.0,Government,10.0,Startup,Rented,8500.0,2,1,2400.0,20400.0,4400.0,12300.0,5800.0,No,0.0,785.0,67900.0,18100.0,Vehicle EMI,482000.0,61,Not_Eligible,500.0
32.0,Male,Single,Professional,48300.0,Government,5.5,Large Indian,Own,0.0,2,1,2300.0,11400.0,4800.0,12900.0,2800.0,Yes,10100.0,714.0,196100.0,87000.0,Personal Loan EMI,742000.0,46,Not_Eligible,1540.0
38.0,Female,Married,Professional,31900.0,Private,3.7,Mid-size,Rented,7900.0,2,1,14200.0,9900.0,3600.0,7600.0,5700.0,Yes,4600.0,813.0,91000.0,29400.0,E-commerce Shopping EMI,152000.0,14,Not_Eligible,500.0
48.0,Male,Married,Post Graduate,65000.0,Private,0.6,MNC,Rented,16200.0,2,1,7700.0,0.0,6600.0,11500.0,5200.0,Yes,8400.0,671.0,235600.0,52100.0,Personal Loan EMI,243000.0,45,Not_Eligible,2632.0
48.0,Female,Married,High School,26100.0,Self-employed,5.4,MNC,Family,0.0,5,4,5400.0,0.0,1400.0,5800.0,1400.0,No,0.0,777.0,207100.0,67800.0,Vehicle EMI,410000.0,76,Not_Eligible,7187.4
48.0,MALE,Married,Professional,84200.0,Private,6.9,Startup,Rented,27300.0,4,3,3400.0,0.0,4300.0,18600.0,12000.0,No,0.0,766.0,526300.0,132900.0,E-commerce Shopping EMI,152000.0,6,Not_Eligible,12276.0
38.0,Female,Married,High School,45700.0,Government,7.9,Startup,Family,0.0,5,4,0.0,0.0,2300.0,11100.0,4100.0,No,0.0,,309000.0,180200.0,E-commerce Shopping EMI,136000.0,3,Not_Eligible,20473.2
32.0,Male,Married,Post Graduate,109300.0,Private,8.0,Small,Family,0.0,4,3,0.0,16200.0,6100.0,17500.0,20900.0,Yes,22900.0,777.0,825600.0,405400.0,Home Appliances EMI,218000.0,35,Eligible,11873.4
32.0,Male,Married,Graduate,43600.0,Private,5.8,Mid-size,Family,0.0,2,1,10300.0,0.0,4300.0,11900.0,4600.0,No,0.0,685.0,293200.0,105400.0,Vehicle EMI,1.39e+06,21,Not_Eligible,6875.0
38.0,Male,Married,Post Graduate,35800.0,Private,3.0,Large Indian,Own,0.0,3,2,0.0,0.0,4600.0,10200.0,2400.0,No,0.0,728.0,242200.0,86600.0,Education EMI,133000.0,46,Eligible,10230.0
32.0,Female,Married,Graduate,61000.0,Private,4.5,MNC,Own,0.0,3,2,3800.0,0.0,5600.0,15300.0,11800.0,No,0.0,626.0,325200.0,125400.0,Vehicle EMI,1.21e+06,42,Not_Eligible,9800.0
27.0,F,Single,Graduate,34200.0,Private,2.8,Large Indian,Rented,9000.0,1,0,0.0,0.0,3400.0,5200.0,5200.0,Yes,4800.0,810.0,46700.0,13100.0,Home Appliances EMI,124000.0,30,Not_Eligible,2217.6
27.0,Female,Single,High School,22500.0,Private,2.0,MNC,Family,0.0,2,1,10700.0,0.0,2700.0,5600.0,1400.0,No,0.0,662.0,124300.0,39000.0,Home Appliances EMI,266000.0,28,Not_Eligible,1050.0
48.0,Female,Married,Professional,103700.0,Government,6.3,MNC,Rented,20300.0,3,2,0.0,7600.0,9000.0,24300.0,20600.0,No,0.0,846.0,98800.0,42800.0,Education EMI,412000.0,13,Not_Eligible,11563.2
32.0,Male,Married,Post Graduate,43200.0,Private,10.0,Mid-size,Rented,13800.0,4,3,5200.0,0.0,2900.0,11100.0,7500.0,No,0.0,598.0,266000.0,130800.0,Vehicle EMI,753000.0,55,Not_Eligible,1188.0
48.0,Male,Married,Graduate,47200.0,Self-employed,15.8,MNC,Own,0.0,3,2,9500.0,0.0,3200.0,11700.0,9400.0,No,0.0,656.0,213300.0,43600.0,Personal Loan EMI,152000.0,41,High_Risk,6030.0
48.0,Female,Married,High School,60200.0,Private,11.4,Mid-size,Own,0.0,3,2,5000.0,0.0,4700.0,10000.0,4100.0,Yes,14500.0,600.0,241600.0,100900.0,E-commerce Shopping EMI,31000.0,10,Eligible,6132.0
48.0,Female,Married,Graduate,65200.0,Private,0.6,Startup,Own,0.0,4,3,0.0,0.0,8100.0,13200.0,10400.0,Yes,10800.0,595.0,431200.0,258200.0,Personal Loan EMI,599000.0,33,Not_Eligible,5593.28
38.0,Female,Married,Post Graduate,37000.0,Private,1.2,Mid-size,Rented,8600.0,2,1,5800.0,0.0,2700.0,6400.0,5000.0,Yes,8000.0,695.0,162400.0,44400.0,Education EMI,476000.0,10,Not_Eligible,500.0
38.0,Male,Married,Graduate,74900.0,Private,2.3,Mid-size,Rented,24900.0,2,1,0.0,0.0,10000.0,18200.0,3800.0,No,0.0,705.0,268000.0,152200.0,Personal Loan EMI,752000.0,22,Not_Eligible,9000.0
48.0,Female,Single,Professional,45200.0,Private,1.0,Mid-size,Rented,8500.0,1,0,0.0,0.0,4700.0,12200.0,5000.0,Yes,7100.0,564.0,172100.0,73800.0,Home Appliances EMI,261000.0,34,Not_Eligible,2156.0
32.0,Male,Married,Post Graduate,58800.0,Private,2.3,Mid-size,Rented,10900.0,2,1,2100.0,7100.0,4700.0,8800.0,5600.0,Yes,9500.0,541.0,32600.0,11700.0,Home Appliances EMI,83000.0,13,Not_Eligible,1414.0
27.0,Female,Single,Professional,62100.0,Private,0.9,Mid-size,Rented,16500.0,1,0,0.0,0.0,3500.0,12100.0,4400.0,Yes,11200.0,737.0,279900.0,117800.0,Home Appliances EMI,102000.0,15,Not_Eligible,4032.0
48.0,Male,Married,Post Graduate,61200.0,Government,2.9,Mid-size,Rented,17400.0,4,3,0.0,0.0,6700.0,9500.0,4300.0,Yes,16800.0,694.0,156300.0,52900.0,Vehicle EMI,1.47e+06,59,Not_Eligible,2275.0
58.0,Male,Married,Graduate,68700.0,Private,7.2,MNC,Own,0.0,4,3,8000.0,0.0,9200.0,15500.0,9800.0,No,0.0,786.0,410700.0,139800.0,Personal Loan EMI,963000.0,56,Not_Eligible,15720.0
38.0,Female,Married,Professional,114200.0,Private,6.7,MNC,Family,0.0,4,3,0.0,11900.0,12100.0,30800.0,15000.0,No,0.0,641.0,255700.0,138600.0,Education EMI,114000.0,43,Eligible,17760.0
32.0,Male,Single,Graduate,32100.0,Private,1.3,Mid-size,Rented,9100.0,3,2,0.0,0.0,3100.0,7600.0,4400.0,No,0.0,721.0,216800.0,46100.0,Personal Loan EMI,438000.0,57,Not_Eligible,4345.0
27.0,Male,Single,Graduate,18000.0,Private,1.6,MNC,Family,0.0,3,2,5500.0,0.0,2300.0,2900.0,3200.0,Yes,2100.0,700.0,105100.0,58600.0,Vehicle EMI,1.454e+06,74,Not_Eligible,700.0
48.0,Male,Married,Professional,131800.0,Private,7.8,MNC,Own,0.0,3,2,13900.0,0.0,12600.0,26700.0,13600.0,No,0.0,828.0,904200.0,420400.0,Home Appliances EMI,150000.0,10,Eligible,42900.0
48.0,Male,Married,Post Graduate,44400.0,Private,12.8,Large Indian,Rented,9000.0,4,3,2500.0,10300.0,6400.0,10400.0,3500.0,No,0.0,725.0,133200.0,40100.0,Education EMI,292000.0,41,Not_Eligible,1150.0
38.0,Female,Married,Post Graduate,56400.0,Private,0.5,MNC,Family,0.0,3,2,2000.0,0.0,3400.0,10300.0,9600.0,No,0.0,670.0,318600.0,182300.0,Education EMI,485000.0,17,Not_Eligible,12440.0
38.0,Female,Married,Graduate,64300.0,Private,0.5,MNC,Rented,15500.0,5,4,0.0,0.0,7000.0,18700.0,4800.0,No,0.0,650.0,100100.0,43600.0,Personal Loan EMI,418000.0,34,Not_Eligible,5856.0
32.0,Male,Single,High School,12000.0,Private,3.6,Startup,Family,0.0,2,1,7200.0,0.0,1500.0,1800.0,1700.0,Yes,2000.0,617.0,91800.0,22100.0,E-commerce Shopping EMI,194000.0,14,Not_Eligible,500.0
38.0,Female,Married,Post Graduate,67200.0,Private,2.3,Mid-size,Family,0.0,2,1,11500.0,6100.0,9200.0,15200.0,5600.0,No,0.0,730.0,359900.0,169100.0,Personal Loan EMI,374000.0,46,Not_Eligible,9800.0
27.0,Male,Single,Graduate,26000.0,Private,0.5,Small,Rented,4800.0,3,2,10600.0,0.0,3700.0,5200.0,2000.0,No,0.0,634.0,43600.0,21700.0,Home Appliances EMI,36000.0,27,Not_Eligible,500.0
38.0,Male,Married,Graduate,6231.0,Private,2.9,Large Indian,Rented,15600.0,2,1,4700.0,6100.0,5100.0,13600.0,10100.0,No,0.0,636.0,,236800.0,Education EMI,383000.0,41,Not_Eligible,924.0
38.0,MALE,Married,Post Graduate,62600.0,Government,4.3,Mid-size,Rented,11700.0,4,3,9000.0,0.0,3600.0,14100.0,6200.0,Yes,16600.0,786.0,334000.0,141700.0,Personal Loan EMI,373000.0,49,Not_Eligible,646.8
48.0,Male,Married,Graduate,64000.0,Private,8.2,Mid-size,Own,0.0,4,3,14300.0,0.0,9100.0,11900.0,10900.0,Yes,18400.0,782.0,217400.0,92800.0,Vehicle EMI,175000.0,35,Not_Eligible,500.0
38.0,Female,Married,Graduate,102900.0,Self-employed,3.8,Startup,Own,0.0,2,1,0.0,8200.0,13400.0,30100.0,15400.0,Yes,23100.0,739.0,738800.0,312900.0,Education EMI,139000.0,18,Not_Eligible,4400.55
27.0,Female,Single,Professional,123300.0,Government,1.5,MNC,Own,0.0,1,0,0.0,0.0,15900.0,36100.0,20200.0,No,0.0,824.0,143700.0,61400.0,Home Appliances EMI,169000.0,35,Eligible,24528.0
27.0,Male,Single,Post Graduate,33200.0,Private,4.5,Large Indian,Family,0.0,3,2,11200.0,0.0,4000.0,8500.0,4500.0,Yes,4200.0,648.0,250600.0,83000.0,E-commerce Shopping EMI,192000.0,11,Not_Eligible,500.0
38.0,Male,Married,High School,10665.0,Government,1.8,MNC,Rented,15400.0,3,2,0.0,0.0,5600.0,13100.0,5800.0,Yes,8600.0,762.0,209200.0,44400.0,Personal Loan EMI,766000.0,30,Not_Eligible,500.0
32.0,Female,Married,High School,22200.0,Government,1.0,MNC,Family,0.0,2,1,2300.0,12900.0,2200.0,6500.0,1500.0,No,0.0,759.0,165300.0,94000.0,Education EMI,73000.0,12,Not_Eligible,500.0
32.0,Male,Married,Professional,36300.0,Private,4.2,Startup,Rented,10100.0,3,2,4800.0,5900.0,1800.0,6600.0,4300.0,No,0.0,629.0,242500.0,131000.0,Vehicle EMI,236000.0,25,Not_Eligible,1232.0
48.0,Male,Married,Post Graduate,75100.0,Government,0.5,Startup,Rented,12600.0,4,3,11000.0,0.0,4800.0,19100.0,4900.0,No,0.0,780.0,440100.0,91300.0,Personal Loan EMI,187000.0,17,High_Risk,13620.0
32.0,Female,Single,Graduate,48100.0,Private,2.9,Mid-size,Rented,14700.0,3,2,0.0,0.0,6700.0,7400.0,4300.0,No,0.0,647.0,369600.0,99700.0,Personal Loan EMI,260000.0,51,Not_Eligible,6600.0
32.0,Male,Married,Professional,63400.0,Government,1.6,Mid-size,Own,0.0,5,4,12200.0,0.0,9100.0,18000.0,9500.0,No,0.0,719.0,229900.0,100600.0,Education EMI,79000.0,29,Eligible,7300.0
27.0,Female,Single,Professional,69500.0,Private,1.3,Large Indian,Rented,17600.0,1,0,0.0,0.0,8400.0,13600.0,13400.0,Yes,14300.0,751.0,474100.0,180600.0,Personal Loan EMI,345000.0,46,Not_Eligible,1016.4
32.0,Male,Married,High School,93800.0,Government,7.6,Mid-size,Rented,14700.0,2,1,3200.0,0.0,10600.0,14600.0,13600.0,No,0.0,669.0,506300.0,262300.0,Education EMI,375000.0,13,Not_Eligible,20405.0
32.0,Male,Single,Post Graduate,123600.0,Private,0.6,Large Indian,Rented,37600.0,1,0,0.0,0.0,13200.0,33600.0,24500.0,No,0.0,648.0,776600.0,392200.0,Education EMI,72000.0,6,Not_Eligible,5174.4
32.0,Male,Married,Graduate,40700.0,Self-employed,0.6,Startup,Own,0.0,3,2,3100.0,22600.0,3700.0,11700.0,5700.0,Yes,6800.0,636.0,59300.0,29500.0,E-commerce Shopping EMI,139000.0,20,Not_Eligible,500.0
38.0,MALE,Married,Graduate,43400.0,Government,8.4,MNC,Own,0.0,4,3,9800.0,21500.0,4700.0,9700.0,2700.0,Yes,4400.0,695.0,308600.0,151300.0,E-commerce Shopping EMI,133000.0,14,Not_Eligible,500.0
27.0,Female,Single,Post Graduate,118700.0,Private,1.3,Large Indian,Rented,20700.0,3,2,12100.0,0.0,12400.0,23800.0,10200.0,No,0.0,734.0,587200.0,152200.0,Education EMI,59000.0,35,Eligible,19750.0
58.0,Female,Married,Post Graduate,100600.0,Private,10.3,MNC,Family,0.0,5,4,0.0,0.0,11200.0,30200.0,5500.0,No,0.0,789.0,395600.0,160800.0,Vehicle EMI,788000.0,40,Eligible,32220.0
38.0,Female,Married,Graduate,64400.0,Private,12.8,Startup,Own,0.0,3,2,0.0,24200.0,6200.0,18400.0,11400.0,No,0.0,686.0,277600.0,124800.0,Education EMI,425000.0,9,Not_Eligible,2100.0
48.0,Female,Married,Post Graduate,26000.0,Private,3.0,Startup,Rented,8200.0,2,1,13100.0,0.0,3600.0,7100.0,5100.0,No,0.0,760.0,153000.0,78500.0,Home Appliances EMI,125000.0,9,Not_Eligible,500.0
48.0,Female,Married,Graduate,45700.0,Private,2.8,MNC,Family,0.0,5,4,0.0,0.0,3700.0,10800.0,8600.0,Yes,10600.0,721.0,340900.0,112300.0,Personal Loan EMI,371000.0,39,Not_Eligible,4620.0
27.0,Female,Single,Graduate,72500.0,Private,3.2,Large Indian,Rented,23400.0,1,0,0.0,0.0,3800.0,14600.0,11000.0,Yes,19500.0,999.0,37400.0,15000.0,Vehicle EMI,748000.0,39,Not_Eligible,500.0
58.0,Male,Married,High School,79900.0,Self-employed,18.9,Large Indian,Own,0.0,3,2,5700.0,0.0,11800.0,15000.0,6600.0,No,0.0,758.0,417000.0,136500.0,E-commerce Shopping EMI,162000.0,15,Eligible,22032.0
48.0,Male,Married,Graduate,61600.0,Private,17.7,MNC,Rented,19900.0,4,3,4200.0,10800.0,4800.0,11700.0,8700.0,No,0.0,647.0,150200.0,55200.0,Vehicle EMI,1.312e+06,82,Not_Eligible,600.0
58.0,Male,Married,Post Graduate,111700.0,Private,10.5,Mid-size,Rented,32400.0,3,2,3300.0,0.0,6400.0,25400.0,6100.0,No,0.0,730.0,871000.0,388100.0,E-commerce Shopping EMI,185000.0,15,Eligible,20955.0
38.0,Female,Married,Professional,68100.0,Private,8.3,Small,Own,0.0,2,1,5500.0,0.0,6000.0,19300.0,12500.0,No,0.0,576.0,480300.0,252100.0,Vehicle EMI,1.255e+06,63,Not_Eligible,10912.0
32.0,Female,Single,Graduate,37300.0,Private,6.5,MNC,Family,0.0,1,0,0.0,0.0,3800.0,7000.0,3500.0,No,0.0,660.0,165800.0,47000.0,Home Appliances EMI,65000.0,33,Eligible,11500.0
32.0,Male,Single,Graduate,25700.0,Private,5.0,Mid-size,Family,0.0,1,0,0.0,0.0,3800.0,7300.0,2600.0,No,0.0,763.0,143800.0,76400.0,Vehicle EMI,713000.0,58,Not_Eligible,7200.0
48.0,Female,Married,Professional,80500.0,Government,1.7,Mid-size,Rented,17100.0,4,3,0.0,0.0,4500.0,12600.0,7800.0,No,0.0,811.0,41000.0,17100.0,E-commerce Shopping EMI,100000.0,16,Eligible,18480.0
27.0,Male,Married,Post Graduate,55100.0,Private,2.4,Startup,Rented,9000.0,2,1,0.0,0.0,2900.0,8600.0,6100.0,No,0.0,680.0,271700.0,118100.0,Education EMI,259000.0,36,Eligible,14250.0
27.0,Male,Single,Professional,102900.0,Government,2.8,Large Indian,Family,0.0,3,2,8400.0,14700.0,6500.0,25700.0,8300.0,No,0.0,829.0,581800.0,233800.0,Education EMI,277000.0,45,Eligible,23580.0
38.0,Male,Single,High School,77300.0,Private,4.1,MNC,Rented,26100.0,1,0,0.0,0.0,4500.0,14600.0,14700.0,No,0.0,724.0,191600.0,104700.0,Vehicle EMI,815000.0,20,Not_Eligible,8700.0
38.0,Male,Married,Graduate,49700.0,Private,4.3,MNC,Rented,11200.0,2,1,0.0,0.0,3600.0,11500.0,3900.0,No,0.0,676.0,76600.0,34100.0,Education EMI,407000.0,19,Not_Eligible,7800.0
38.0,Female,Married,Post Graduate,113900.0,Government,13.0,Mid-size,Family,0.0,3,2,7300.0,0.0,16000.0,32700.0,14300.0,Yes,33700.0,754.0,389900.0,86700.0,Personal Loan EMI,658000.0,26,Not_Eligible,4573.8
32.0,Male,Married,Professional,100500.0,Private,0.7,Startup,Rented,23900.0,3,2,13300.0,0.0,5300.0,23500.0,11400.0,No,0.0,726.0,333500.0,74300.0,E-commerce Shopping EMI,106000.0,11,Not_Eligible,9240.0
48.0,Female,Married,Graduate,90600.0,Private,4.2,Startup,Rented,29800.0,3,2,5600.0,11200.0,12100.0,20800.0,9200.0,No,0.0,681.0,362800.0,137400.0,Home Appliances EMI,62000.0,13,Not_Eligible,950.0
32.0,Male,Married,Graduate,84800.0,Private,2.9,Mid-size,Own,0.0,3,2,0.0,0.0,10400.0,14900.0,16000.0,No,0.0,782.0,417400.0,175300.0,Home Appliances EMI,218000.0,27,Eligible,26100.0
38.0,Female,Married,Graduate,51900.0,Self-employed,2.8,Startup,Rented,17100.0,5,4,0.0,0.0,5300.0,15000.0,4700.0,No,0.0,575.0,184600.0,42100.0,Personal Loan EMI,629000.0,50,Not_Eligible,3528.0
48.0,Male,Married,Graduate,44000.0,Private,18.2,Startup,Own,0.0,3,2,7700.0,23400.0,2700.0,8300.0,4900.0,No,0.0,755.0,83300.0,25400.0,Home Appliances EMI,247000.0,23,Not_Eligible,500.0
32.0,Female,Married,Graduate,18000.0,Private,4.7,Startup,Own,0.0,2,1,8000.0,0.0,1100.0,5200.0,2700.0,Yes,4200.0,644.0,138600.0,68400.0,Home Appliances EMI,108000.0,14,Not_Eligible,500.0
48.0,Female,Married,High School,38800.0,Private,9.0,Large Indian,Own,0.0,3,2,0.0,0.0,3400.0,5800.0,4400.0,No,0.0,719.0,56700.0,15000.0,Personal Loan EMI,409000.0,27,Not_Eligible,10080.0
58.0,Male,Married,Graduate,46900.0,Private,3.0,MNC,Rented,12100.0,2,1,0.0,0.0,3100.0,13200.0,6000.0,Yes,13500.0,724.0,97000.0,55000.0,Home Appliances EMI,56000.0,7,Not_Eligible,500.0
32.0,Female,Married,Post Graduate,23400.0,Private,3.1,MNC,Family,0.0,3,2,0.0,0.0,2700.0,7000.0,3400.0,No,0.0,825.0,86600.0,45200.0,Home Appliances EMI,189000.0,24,Not_Eligible,6180.0
27.0,Male,Single,Post Graduate,56400.0,Private,2.4,Large Indian,Own,0.0,3,2,10000.0,20100.0,5900.0,9300.0,9700.0,No,0.0,747.0,361100.0,88400.0,Personal Loan EMI,182000.0,31,Not_Eligible,770.0
32.0,Male,Married,Post Graduate,36900.0,Government,0.5,Large Indian,Own,0.0,3,2,2600.0,0.0,4300.0,7600.0,7200.0,No,0.0,725.0,295000.0,103900.0,Personal Loan EMI,160000.0,14,Not_Eligible,8360.0
48.0,Male,Married,Graduate,20000.0,Government,3.0,Mid-size,Rented,6100.0,3,2,11400.0,0.0,2000.0,5400.0,3100.0,No,0.0,766.0,139000.0,31100.0,Education EMI,416000.0,46,Not_Eligible,500.0
27.0,Male,Single,Professional,104200.0,Private,1.9,MNC,Rented,31300.0,3,2,9200.0,0.0,13600.0,19400.0,16500.0,No,0.0,680.0,753800.0,433300.0,Vehicle EMI,366000.0,51,Not_Eligible,7810.0
27.0,Male,Married,Graduate,82200.0,Private,0.5,Small,Rented,14800.0,5,4,0.0,0.0,5500.0,14300.0,5000.0,No,0.0,653.0,201900.0,59100.0,Vehicle EMI,89000.0,32,Eligible,17040.0
38.0,Male,Married,Post Graduate,40800.0,Private,1.1,MNC,Family,0.0,2,1,5200.0,0.0,2800.0,9300.0,5000.0,No,0.0,582.0,239600.0,110400.0,E-commerce Shopping EMI,84000.0,22,Eligible,7400.0
32.0,Female,Married,Professional,56700.0,Private,6.6,MNC,Family,0.0,3,2,7300.0,0.0,6100.0,9900.0,3400.0,No,0.0,775.0,443200.0,142700.0,Home Appliances EMI,114000.0,6,High_Risk,19800.0
38.0,Male,Married,Graduate,73000.0,Private,0.9,Mid-size,Family,0.0,4,3,10100.0,0.0,7800.0,12400.0,11200.0,No,0.0,789.0,446400.0,106000.0,Home Appliances EMI,214000.0,32,Eligible,16632.0
32.0,Female,Married,Post Graduate,71900.0,Private,0.7,Mid-size,Rented,24800.0,3,2,13200.0,0.0,5800.0,15400.0,3900.0,No,0.0,595.0,237700.0,100000.0,Personal Loan EMI,797000.0,21,Not_Eligible,2816.0
48.0,Male,Married,Graduate,76300.0,Private,14.1,Large Indian,Rented,26600.0,4,3,2700.0,0.0,5600.0,20800.0,11700.0,Yes,20300.0,0.0,350600.0,204600.0,E-commerce Shopping EMI,98000.0,16,Not_Eligible,500.0
32.0,Male,Married,Professional,53800.0,Government,0.5,MNC,Own,0.0,2,1,0.0,0.0,7800.0,14800.0,8800.0,No,0.0,740.0,246600.0,141600.0,Home Appliances EMI,104000.0,27,Eligible,11200.0
27.0,Male,Single,Post Graduate,82400.0,Government,0.5,Large Indian,Own,0.0,3,2,0.0,17400.0,5600.0,19100.0,9500.0,Yes,18800.0,668.0,192200.0,53700.0,Education EMI,284000.0,25,Not_Eligible,4200.0
38.0,M,Married,Professional,30000.0,Private,6.5,Small,Family,0.0,3,2,12500.0,6100.0,1600.0,6800.0,3200.0,No,0.0,783.0,141800.0,48900.0,Personal Loan EMI,612000.0,28,Not_Eligible,500.0
48.0,Female,Single,Graduate,55200.0,Self-employed,2.1,MNC,Own,0.0,2,1,15000.0,14300.0,3600.0,15300.0,8800.0,No,0.0,768.0,435200.0,100900.0,Personal Loan EMI,943000.0,16,Not_Eligible,500.0
38.0,Male,Married,Professional,37800.0,Self-employed,1.1,MNC,Family,0.0,2,1,12300.0,0.0,3000.0,6000.0,5700.0,No,0.0,713.0,128500.0,27200.0,Home Appliances EMI,165000.0,29,Not_Eligible,4860.0
32.0,Male,Married,Post Graduate,118700.0,Private,6.2,MNC,Rented,37700.0,4,3,11100.0,0.0,15000.0,17900.0,19800.0,Yes,26600.0,677.0,212300.0,114500.0,Home Appliances EMI,85000.0,29,Not_Eligible,500.0
38.0,Male,Married,Post Graduate,65600.0,Private,16.0,Small,Own,0.0,2,1,9900.0,6500.0,6000.0,19500.0,7400.0,No,0.0,752.0,213300.0,111200.0,Education EMI,462000.0,17,Not_Eligible,9780.0
38.0,Female,Married,High School,41900.0,Private,1.3,Mid-size,Own,0.0,5,4,0.0,0.0,5800.0,8100.0,3400.0,No,0.0,677.0,67800.0,31200.0,Home Appliances EMI,256000.0,30,Not_Eligible,9840.0
32.0,Male,Married,Professional,58700.0,Government,0.6,Large Indian,Own,0.0,2,1,5200.0,0.0,8300.0,11900.0,5600.0,No,0.0,671.0,216500.0,92900.0,Home Appliances EMI,194000.0,13,Not_Eligible,13850.0
32.0,Male,Married,Graduate,31800.0,Private,7.1,Large Indian,Own,0.0,5,4,7800.0,0.0,2400.0,8500.0,4400.0,No,0.0,724.0,98600.0,26300.0,Education EMI,170000.0,9,Not_Eligible,4350.0
32.0,Female,Married,,75100.0,Private,3.0,Mid-size,Rented,13500.0,4,3,10700.0,0.0,6200.0,21600.0,13700.0,Yes,19400.0,711.0,511800.0,132200.0,Personal Loan EMI,474000.0,60,Not_Eligible,500.0
48.0,Female,Married,Graduate,79300.0,Private,18.3,Large Indian,Rented,13300.0,4,3,14500.0,9700.0,4300.0,12600.0,11500.0,No,0.0,822.0,502300.0,229600.0,Vehicle EMI,606000.0,82,Not_Eligible,8844.0
32.0,Female,Single,Professional,129200.0,Government,5.7,Mid-size,Rented,38300.0,3,2,3100.0,7400.0,17700.0,19900.0,24400.0,No,0.0,850.0,683200.0,166600.0,Education EMI,494000.0,7,Not_Eligible,12144.0
32.0,Male,Married,Graduate,41600.0,Private,2.6,Mid-size,Own,0.0,3,2,11800.0,0.0,5400.0,9800.0,3800.0,No,0.0,681.0,322700.0,115500.0,Home Appliances EMI,26000.0,35,Eligible,5940.0
32.0,Female,Single,High School,29800.0,Private,0.5,Mid-size,Rented,7200.0,3,2,0.0,8500.0,2500.0,8500.0,1600.0,No,0.0,608.0,165500.0,74600.0,Home Appliances EMI,230000.0,27,Not_Eligible,500.0
38.0,Female,Married,Professional,22500.0,Private,5.0,MNC,Family,0.0,3,2,0.0,0.0,3200.0,6600.0,1600.0,No,0.0,673.0,143900.0,68100.0,E-commerce Shopping EMI,34000.0,6,High_Risk,6105.0
38.0,Male,Married,Professional,73700.0,Private,5.6,Large Indian,Rented,,3,2,8000.0,6500.0,6600.0,19600.0,5000.0,Yes,21600.0,693.0,517200.0,211900.0,Vehicle EMI,895000.0,38,Not_Eligible,500.0
58.0,Female,Married,Graduate,71400.0,Private,13.4,Startup,Rented,16300.0,3,2,0.0,0.0,4900.0,19000.0,11400.0,Yes,17900.0,698.0,138600.0,52800.0,Personal Loan EMI,892000.0,53,Not_Eligible,532.0
48.0,Male,Married,Post Graduate,53000.0,Self-employed,0.5,Large Indian,Own,0.0,4,3,0.0,0.0,3000.0,13900.0,10200.0,Yes,12300.0,707.0,340300.0,138700.0,Home Appliances EMI,248000.0,24,Not_Eligible,4712.4
32.0,Female,Married,Graduate,67600.0,Government,10.0,Large Indian,Family,0.0,4,3,0.0,0.0,6400.0,18800.0,4300.0,Yes,8200.0,721.0,124800.0,33200.0,E-commerce Shopping EMI,103000.0,3,Not_Eligible,9209.2
38.0,Female,Married,High School,26100.0,Self-employed,8.8,Large Indian,Rented,4200.0,4,3,0.0,0.0,2200.0,5000.0,3400.0,No,0.0,710.0,103500.0,51900.0,Vehicle EMI,1.333e+06,34,Not_Eligible,5085.0
32.0,M,Married,Professional,96200.0,Private,2.0,Mid-size,Rented,28700.0,4,3,0.0,22300.0,10900.0,14500.0,15900.0,Yes,25300.0,682.0,224200.0,127200.0,E-commerce Shopping EMI,29000.0,19,Not_Eligible,500.0
38.0,Male,Single,Post Graduate,57300.0,Private,3.7,Startup,Rented,16800.0,1,0,0.0,0.0,7500.0,14000.0,6900.0,No,0.0,577.0,148600.0,46600.0,Home Appliances EMI,118000.0,22,Not_Eligible,4840.0
27.0,Male,Single,Professional,73300.0,Government,0.5,Startup,Own,0.0,3,2,14300.0,21800.0,7500.0,21100.0,4800.0,Yes,9200.0,553.0,361800.0,78200.0,Personal Loan EMI,106000.0,19,Not_Eligible,500.0
27.0,Male,Married,Post Graduate,50300.0,Government,0.7,Large Indian,Family,0.0,3,2,0.0,0.0,2600.0,10800.0,10000.0,Yes,8100.0,694.0,192400.0,99300.0,Home Appliances EMI,268000.0,7,Not_Eligible,6580.0
27.0,Female,Single,Professional,6721.0,Private,2.6,Large Indian,Own,0.0,1,0,0.0,0.0,5300.0,11000.0,9200.0,No,0.0,634.0,305200.0,118800.0,Education EMI,91000.0,13,Eligible,15960.0
38.0,Female,Married,Professional,22500.0,Private,4.0,Mid-size,Own,0.0,4,3,12600.0,0.0,2700.0,5400.0,1200.0,No,0.0,586.0,126100.0,27500.0,Vehicle EMI,386000.0,39,Not_Eligible,500.0
48.0,Female,Married,High School,48300.0,Private,9.7,Large Indian,Rented,9400.0,3,2,5500.0,0.0,3100.0,14100.0,4200.0,No,0.0,577.0,331600.0,123200.0,Vehicle EMI,1.292e+06,42,Not_Eligible,5280.0
27.0,Male,Single,Graduate,28700.0,Private,1.3,MNC,Rented,10000.0,1,0,0.0,0.0,3800.0,8200.0,2500.0,No,0.0,692.0,20100.0,8900.0,E-commerce Shopping EMI,132000.0,24,Not_Eligible,1680.0
32.0,Male,Married,Graduate,77800.0,Private,1.1,Mid-size,Own,0.0,2,1,0.0,0.0,8400.0,15000.0,10100.0,Yes,20700.0,609.0,546500.0,158600.0,Personal Loan EMI,553000.0,59,Not_Eligible,7268.8
38.0,Male,Married,Professional,61900.0,Private,3.0,Mid-size,Rented,19100.0,3,2,12300.0,0.0,7400.0,13500.0,11000.0,Yes,9400.0,678.0,428000.0,139900.0,E-commerce Shopping EMI,191000.0,18,Not_Eligible,500.0
32.0,Female,Single,Professional,59800.0,Government,7.2,Large Indian,Rented,18300.0,3,2,5100.0,11900.0,8100.0,13600.0,5600.0,No,0.0,700.0,123300.0,66700.0,Education EMI,473000.0,6,Not_Eligible,500.0
48.0,Male,Married,Post Graduate,65600.0,Private,15.0,MNC,Own,0.0,3,2,2600.0,0.0,6600.0,14900.0,9000.0,Yes,11100.0,651.0,390500.0,85300.0,E-commerce Shopping EMI,20000.0,23,Eligible,7490.0
38.0,Female,Married,Graduate,40700.0,Private,3.2,MNC,Own,0.0,3,2,3900.0,0.0,4400.0,11900.0,7500.0,No,0.0,723.0,58300.0,22400.0,Vehicle EMI,1.028e+06,69,Not_Eligible,5200.0
27.0,Female,Single,Graduate,43800.0,Government,1.7,Mid-size,Rented,8800.0,1,0,0.0,0.0,3400.0,9200.0,3000.0,No,0.0,698.0,95400.0,52000.0,Home Appliances EMI,52000.0,26,Eligible,9700.0
32.0,Female,Single,Graduate,79400.0,Private,1.0,MNC,Own,0.0,2,1,9000.0,0.0,4700.0,23600.0,13900.0,Yes,23300.0,661.0,458100.0,268000.0,Education EMI,176000.0,36,Not_Eligible,1715.0
32.0,Male,Married,Graduate,41000.0,Self-employed,10.0,Mid-size,Rented,9800.0,3,2,0.0,0.0,4600.0,6800.0,5900.0,Yes,9600.0,705.0,281200.0,156300.0,Education EMI,405000.0,17,Not_Eligible,1489.95
27.0,Male,Married,Professional,35900.0,Government,5.0,Mid-size,Family,0.0,2,1,12000.0,0.0,5100.0,9900.0,7000.0,Yes,10400.0,761.0,99600.0,56600.0,Personal Loan EMI,586000.0,15,Not_Eligible,500.0
32.0,Male,Single,Graduate,50900.0,Private,1.2,MNC,Own,0.0,1,0,0.0,0.0,4000.0,7900.0,6000.0,Yes,10200.0,669.0,402500.0,202100.0,Home Appliances EMI,246000.0,35,High_Risk,8778.0
32.0,Male,Married,Graduate,15000.0,Private,0.5,Large Indian,Family,0.0,5,4,10400.0,0.0,2100.0,2700.0,1000.0,Yes,1700.0,612.0,90700.0,37200.0,Personal Loan EMI,840000.0,54,Not_Eligible,500.0
27.0,Male,Single,High School,38900.0,Private,1.5,Large Indian,Family,0.0,1,0,0.0,0.0,2900.0,6500.0,3600.0,Yes,6900.0,618.0,284500.0,140500.0,Home Appliances EMI,196000.0,26,Not_Eligible,5852.0
48.0,Female,Married,Post Graduate,118000.0,Private,21.4,Large Indian,Rented,18700.0,2,1,0.0,0.0,8000.0,25900.0,22200.0,No,0.0,737.0,702600.0,197500.0,Personal Loan EMI,595000.0,26,Not_Eligible,21600.0
48.0,Female,Married,Graduate,32300.0,Private,5.8,Large Indian,Rented,8700.0,3,2,0.0,16300.0,3900.0,9000.0,4300.0,Yes,6100.0,716.0,159900.0,65300.0,E-commerce Shopping EMI,158000.0,21,Not_Eligible,500.0
38.0,Male,Married,Graduate,34700.0,Private,0.7,Startup,Rented,8100.0,4,3,4500.0,0.0,2600.0,5700.0,5300.0,Yes,9200.0,674.0,237200.0,77000.0,E-commerce Shopping EMI,137000.0,24,Not_Eligible,500.0
38.0,Female,Married,Graduate,39700.0,Private,0.7,MNC,Rented,9800.0,2,1,0.0,0.0,2300.0,8000.0,3400.0,Yes,8300.0,500.0,85100.0,25700.0,E-commerce Shopping EMI,133000.0,14,Not_Eligible,1106.0
58.0,Female,Married,Post Graduate,33600.0,Government,5.0,Large Indian,Own,0.0,5,4,8300.0,0.0,4700.0,9900.0,3900.0,No,0.0,731.0,216200.0,96900.0,Education EMI,217000.0,9,Not_Eligible,4114.0
38.0,Male,Married,High School,42700.0,Private,5.6,Large Indian,Own,0.0,3,2,3700.0,17300.0,2400.0,11500.0,5700.0,No,0.0,688.0,205800.0,116900.0,E-commerce Shopping EMI,166000.0,16,Not_Eligible,1050.0
38.0,Female,Married,Graduate,23100.0,Private,5.4,Large Indian,Own,0.0,4,3,0.0,23900.0,3100.0,6900.0,1300.0,Yes,6300.0,753.0,119000.0,42400.0,Home Appliances EMI,166000.0,20,Not_Eligible,500.0
38.0,Female,Married,Graduate,40100.0,Private,0.5,Large Indian,Own,0.0,3,2,0.0,0.0,4600.0,7300.0,3800.0,No,0.0,606.0,292200.0,141900.0,Personal Loan EMI,138000.0,54,Eligible,8588.8
48.0,Female,Married,Graduate,87100.0,Private,0.5,MNC,Family,0.0,3,2,3200.0,0.0,8300.0,16200.0,8100.0,No,0.0,727.0,513600.0,103200.0,E-commerce Shopping EMI,100000.0,14,Eligible,20520.0
27.0,Female,Single,Professional,38100.0,Self-employed,0.5,Mid-size,Own,0.0,3,2,11900.0,0.0,3900.0,7800.0,7100.0,Yes,4800.0,663.0,95000.0,43900.0,Vehicle EMI,989000.0,66,Not_Eligible,819.0
48.0,Male,Married,Post Graduate,104700.0,Private,12.2,Mid-size,Rented,29600.0,3,2,7400.0,0.0,9300.0,19200.0,11600.0,Yes,13300.0,691.0,483100.0,142300.0,Home Appliances EMI,74000.0,19,High_Risk,5005.0
38.0,Female,Married,Post Graduate,38500.0,Private,1.4,MNC,Family,0.0,4,3,2800.0,0.0,5700.0,6800.0,2500.0,Yes,10700.0,650.0,267800.0,115500.0,Education EMI,368000.0,43,Not_Eligible,3850.0
38.0,Female,Married,Graduate,68000.0,Private,4.1,Mid-size,Own,0.0,3,2,14100.0,0.0,3800.0,15900.0,9800.0,No,0.0,643.0,413800.0,163500.0,Personal Loan EMI,314000.0,38,Not_Eligible,10736.0
27.0,Male,Single,Graduate,89400.0,Private,1.7,Mid-size,Own,0.0,2,1,13900.0,12700.0,9100.0,15400.0,12300.0,No,0.0,720.0,169300.0,73200.0,Home Appliances EMI,49000.0,32,Eligible,10400.0
32.0,Male,Married,Graduate,51900.0,Private,1.0,Startup,Rented,11500.0,3,2,8600.0,0.0,3400.0,9700.0,8200.0,No,0.0,656.0,409700.0,154200.0,Vehicle EMI,607000.0,45,Not_Eligible,5775.0
32.0,Female,Married,Professional,174900.0,Private,1.3,Large Indian,Own,0.0,3,2,4900.0,0.0,24900.0,36100.0,19900.0,No,0.0,691.0,938500.0,483100.0,E-commerce Shopping EMI,23000.0,23,Eligible,44550.0
32.0,Male,Married,Post Graduate,31100.0,Private,3.2,Startup,Rented,10500.0,2,1,0.0,0.0,4300.0,6500.0,2700.0,Yes,4100.0,620.0,185000.0,39900.0,Home Appliances EMI,143000.0,15,Not_Eligible,840.0
38.0,Female,Married,Graduate,91600.0,Private,1.6,Startup,Own,0.0,3,2,6000.0,0.0,8700.0,19800.0,17800.0,No,0.0,725.0,566200.0,261700.0,Personal Loan EMI,94000.0,53,Eligible,21615.0
32.0,Female,Married,High School,45800.0,Private,1.6,MNC,Family,0.0,3,2,8900.0,0.0,3100.0,13600.0,8300.0,Yes,5200.0,0.0,48900.0,20800.0,Education EMI,282000.0,10,Not_Eligible,1876.0
32.0,Male,Married,Professional,27000.0,Private,0.6,Large Indian,Family,0.0,2,1,2200.0,0.0,3900.0,4100.0,2600.0,Yes,7400.0,542.0,162100.0,70400.0,Home Appliances EMI,36000.0,18,Not_Eligible,1047.2
27.0,Male,Single,Post Graduate,71400.0,Self-employed,1.9,Mid-size,Own,0.0,2,1,0.0,0.0,7400.0,16800.0,11400.0,No,0.0,669.0,342100.0,98300.0,Personal Loan EMI,278000.0,59,Eligible,16110.0
48.0,Male,Married,Graduate,48000.0,Private,11.4,Large Indian,Rented,10900.0,4,3,0.0,0.0,7000.0,9800.0,2600.0,No,0.0,706.0,333200.0,129600.0,Home Appliances EMI,23000.0,30,Eligible,9735.0
48.0,Female,Married,Professional,78300.0,Private,4.6,Mid-size,Own,0.0,2,1,0.0,0.0,4100.0,11800.0,15500.0,Yes,19700.0,751.0,593400.0,255900.0,Home Appliances EMI,234000.0,20,Not_Eligible,12566.4
32.0,Male,Married,Post Graduate,57200.0,Private,10.0,Mid-size,Family,0.0,4,3,13600.0,8300.0,3500.0,14300.0,11300.0,Yes,13300.0,639.0,151300.0,59900.0,Vehicle EMI,728000.0,15,Not_Eligible,500.0
38.0,Female,Married,Graduate,33300.0,Government,5.9,Large Indian,Rented,8300.0,2,1,0.0,0.0,3800.0,5700.0,6400.0,No,0.0,818.0,101800.0,47600.0,Home Appliances EMI,22000.0,33,Eligible,6006.0
32.0,Female,Married,Graduate,67200.0,Self-employed,0.5,Mid-size,Family,0.0,4,3,5800.0,6900.0,9300.0,18800.0,7500.0,Yes,16800.0,628.0,496600.0,237400.0,Home Appliances EMI,54000.0,28,Not_Eligible,582.12
38.0,Male,Married,Graduate,52800.0,Private,14.0,MNC,Rented,16400.0,5,4,8400.0,0.0,6400.0,7900.0,8700.0,No,0.0,708.0,60700.0,35900.0,Education EMI,314000.0,17,Not_Eligible,2000.0
48.0,Female,Married,Post Graduate,19500.0,Private,4.9,MNC,Own,0.0,2,1,0.0,0.0,1100.0,3400.0,3600.0,Yes,3800.0,709.0,71100.0,30900.0,Vehicle EMI,1.122e+06,32,Not_Eligible,2660.0
32.0,Male,Single,Graduate,44700.0,Government,9.4,Mid-size,Family,,1,0,0.0,0.0,3600.0,7500.0,3800.0,Yes,6200.0,768.0,347500.0,99700.0,Personal Loan EMI,644000.0,28,Not_Eligible,11993.52
27.0,Female,Single,Graduate,26500.0,Private,2.4,Large Indian,Rented,4700.0,2,1,8200.0,0.0,1800.0,5300.0,3100.0,No,0.0,678.0,122000.0,70100.0,Home Appliances EMI,246000.0,8,Not_Eligible,1700.0
58.0,Female,Married,High School,48600.0,Private,33.7,Large Indian,Own,0.0,2,1,4400.0,0.0,2600.0,13500.0,9500.0,No,0.0,755.0,311200.0,85300.0,E-commerce Shopping EMI,126000.0,8,Not_Eligible,12276.0
27.0,Female,Married,High School,58500.0,Private,3.9,Startup,Rented,15700.0,5,4,0.0,15600.0,4900.0,16600.0,4300.0,Yes,11900.0,647.0,259500.0,91800.0,Vehicle EMI,177000.0,76,Not_Eligible,500.0
38.0,Male,Married,Graduate,47100.0,Private,7.0,Startup,Own,0.0,2,1,10200.0,0.0,6100.0,11900.0,4300.0,No,0.0,767.0,314500.0,141800.0,E-commerce Shopping EMI,191000.0,15,Not_Eligible,9636.0
48.0,Male,Married,Post Graduate,57800.0,Self-employed,6.2,Large Indian,Rented,17200.0,5,4,8800.0,0.0,6200.0,12900.0,5300.0,No,0.0,648.0,328900.0,127700.0,Home Appliances EMI,62000.0,18,Not_Eligible,2664.0
38.0,Female,Married,Post Graduate,68200.0,Private,1.2,Large Indian,Family,0.0,4,3,0.0,13200.0,9500.0,18600.0,9500.0,Yes,9600.0,669.0,459700.0,236900.0,E-commerce Shopping EMI,31000.0,7,Not_Eligible,3003.0
48.0,Male,Married,Graduate,53800.0,Private,21.9,Mid-size,Rented,13400.0,3,2,5400.0,17000.0,4900.0,10900.0,4200.0,Yes,12600.0,627.0,187000.0,56800.0,Home Appliances EMI,38000.0,30,Not_Eligible,500.0
38.0,Male,Married,Graduate,42100.0,Private,0.5,MNC,Rented,10400.0,3,2,14900.0,0.0,5900.0,8800.0,6600.0,No,0.0,677.0,336300.0,148000.0,Vehicle EMI,1.355e+06,74,Not_Eligible,500.0
38.0,Male,Married,Post Graduate,70000.0,Self-employed,0.7,Mid-size,Rented,13100.0,2,1,2600.0,0.0,6200.0,13400.0,5200.0,Yes,17900.0,530.0,197500.0,97800.0,Education EMI,147000.0,17,Not_Eligible,1827.0
38.0,Female,Married,Post Graduate,54300.0,Private,16.0,Large Indian,Rented,14000.0,3,2,4800.0,13700.0,6700.0,9600.0,5500.0,No,0.0,709.0,244100.0,71300.0,Personal Loan EMI,100000.0,48,Not_Eligible,500.0
38.0,Female,Married,Professional,32200.0,Private,0.5,Mid-size,Family,0.0,5,4,10600.0,0.0,2900.0,6400.0,5500.0,No,0.0,691.0,187900.0,68500.0,Personal Loan EMI,748000.0,27,Not_Eligible,2720.0
48.0,Male,Single,Post Graduate,50200.0,Government,6.4,MNC,Rented,8700.0,1,0,0.0,0.0,3300.0,10200.0,5800.0,No,0.0,773.0,212900.0,62100.0,Education EMI,302000.0,28,High_Risk,14652.0
32.0,Female,Single,Graduate,18000.0,Private,7.0,Large Indian,Rented,3100.0,1,0,0.0,0.0,1800.0,3300.0,1300.0,Yes,4600.0,711.0,105300.0,61100.0,Home Appliances EMI,120000.0,20,Not_Eligible,1365.0
32.0,Female,Married,Post Graduate,30900.0,Private,2.0,Startup,Own,0.0,3,2,7000.0,0.0,2100.0,6800.0,3900.0,No,0.0,704.0,153300.0,50700.0,E-commerce Shopping EMI,111000.0,9,Not_Eligible,5550.0
38.0,Male,Single,Graduate,67600.0,Self-employed,0.9,Large Indian,Own,0.0,1,0,0.0,0.0,7500.0,11100.0,10400.0,No,0.0,672.0,323400.0,188700.0,E-commerce Shopping EMI,175000.0,8,Not_Eligible,17370.0
38.0,MALE,Single,Graduate,52700.0,Government,1.6,Small,Rented,8900.0,2,1,0.0,0.0,3900.0,10000.0,9300.0,No,0.0,731.0,375000.0,102900.0,Vehicle EMI,1.2e+06,74,Not_Eligible,11330.0
48.0,Female,Married,Professional,59000.0,Private,0.5,MNC,Own,0.0,5,4,0.0,0.0,4700.0,9300.0,6100.0,Yes,12900.0,768.0,313500.0,154100.0,Education EMI,60000.0,25,Eligible,8736.0
58.0,Female,Married,High School,67100.0,Private,6.9,Large Indian,Rented,12800.0,3,2,9000.0,0.0,6700.0,13600.0,9300.0,Yes,13400.0,628.0,264200.0,74200.0,Personal Loan EMI,758000.0,48,Not_Eligible,644.0
38.0,female,Married,Graduate,57900.0,Private,0.7,Mid-size,Rented,11000.0,4,3,5000.0,0.0,6600.0,9000.0,11300.0,No,0.0,811.0,198600.0,49100.0,Personal Loan EMI,791000.0,58,Not_Eligible,7200.0
38.0,Male,Married,Graduate,46400.0,Private,7.9,MNC,Family,0.0,3,2,7600.0,0.0,2600.0,11900.0,4000.0,No,0.0,732.0,91000.0,40100.0,E-commerce Shopping EMI,100000.0,20,Eligible,8120.0
48.0,Female,Married,Post Graduate,80300.0,Private,10.3,MNC,Own,0.0,4,3,0.0,0.0,8500.0,14700.0,15200.0,Yes,21100.0,702.0,621600.0,296500.0,Vehicle EMI,204000.0,80,Eligible,8008.0
48.0,Male,Married,Graduate,35800.0,Private,13.5,MNC,Rented,6800.0,3,2,0.0,0.0,4400.0,9500.0,4200.0,Yes,10600.0,696.0,114900.0,45500.0,Education EMI,106000.0,40,Not_Eligible,500.0
48.0,Male,Married,High School,25200.0,Private,8.9,Startup,Own,0.0,2,1,0.0,8700.0,1900.0,4900.0,3200.0,No,0.0,600.0,79800.0,35700.0,Home Appliances EMI,263000.0,35,Not_Eligible,2600.0
32.0,Male,Married,Post Graduate,113400.0,Government,0.5,MNC,Rented,32600.0,5,4,6800.0,0.0,8400.0,32400.0,20900.0,No,0.0,735.0,311800.0,164600.0,Home Appliances EMI,172000.0,24,Not_Eligible,6150.0
48.0,Male,Married,Graduate,74800.0,Private,5.9,Mid-size,Rented,18500.0,5,4,0.0,0.0,9000.0,15100.0,14300.0,No,0.0,603.0,389500.0,155700.0,Home Appliances EMI,154000.0,13,Not_Eligible,7160.0
38.0,Male,Married,High School,44200.0,Private,8.7,Startup,Family,0.0,4,3,8200.0,0.0,5100.0,12300.0,5700.0,No,0.0,720.0,304300.0,69500.0,E-commerce Shopping EMI,102000.0,11,Not_Eligible,7095.0
27.0,Male,Married,Graduate,18000.0,Private,2.4,Large Indian,Own,0.0,3,2,0.0,12700.0,2200.0,4200.0,3500.0,No,0.0,758.0,24400.0,10400.0,Vehicle EMI,330000.0,55,Not_Eligible,500.0
27.0,Male,Single,Graduate,49300.0,Government,1.4,Startup,Family,0.0,3,2,9700.0,0.0,4400.0,10200.0,7100.0,No,0.0,700.0,218400.0,91800.0,Vehicle EMI,850000.0,79,Not_Eligible,8950.0
38.0,Female,Single,Graduate,66200.0,Private,4.4,MNC,Rented,20000.0,2,1,0.0,0.0,5600.0,13100.0,7700.0,No,0.0,647.0,193200.0,98000.0,Personal Loan EMI,948000.0,23,Not_Eligible,7920.0
32.0,Female,Married,Professional,160200.0,Private,0.6,Startup,Rented,30400.0,4,3,0.0,0.0,12000.0,40600.0,10500.0,No,0.0,740.0,759600.0,376500.0,Personal Loan EMI,481000.0,31,Eligible,26680.0
27.0,Male,Single,Graduate,95500.0,Self-employed,0.6,Mid-size,Family,0.0,2,1,0.0,22200.0,8300.0,25500.0,12900.0,No,0.0,782.0,580000.0,338300.0,Education EMI,228000.0,43,Eligible,15800.4
48.0,Female,Married,High School,47100.0,Private,2.5,Large Indian,Own,0.0,3,2,13800.0,0.0,3600.0,8000.0,6500.0,No,0.0,734.0,212100.0,46900.0,E-commerce Shopping EMI,120000.0,5,Not_Eligible,7600.0
48.0,Female,Married,Post Graduate,79300.0,Private,7.4,Mid-size,Family,16599.0,2,1,0.0,18500.0,10400.0,18500.0,8000.0,Yes,9700.0,822.0,195500.0,67700.0,Education EMI,421000.0,35,Not_Eligible,5964.0
32.0,Male,Married,High School,20600.0,Government,0.7,Large Indian,Family,0.0,2,1,6900.0,0.0,1700.0,4200.0,2400.0,Yes,2500.0,811.0,32300.0,16500.0,E-commerce Shopping EMI,155000.0,11,Not_Eligible,974.4
32.0,Female,Married,Professional,51200.0,Private,0.5,Small,Own,0.0,3,2,6500.0,0.0,2900.0,9300.0,4200.0,No,0.0,733.0,303500.0,136500.0,Vehicle EMI,718000.0,45,Not_Eligible,11320.0
27.0,Male,Single,Graduate,100500.0,Private,0.5,Large Indian,Family,0.0,2,1,8200.0,0.0,9900.0,26200.0,18000.0,Yes,28200.0,803.0,628700.0,249100.0,Vehicle EMI,1.193e+06,34,Not_Eligible,3696.0
48.0,Female,Married,Post Graduate,94600.0,Private,15.0,Mid-size,Own,0.0,3,2,0.0,0.0,6800.0,15200.0,15800.0,No,0.0,738.0,50900.0,13800.0,Vehicle EMI,566000.0,46,Eligible,22720.0
48.0,Male,Married,Professional,131700.0,Private,15.4,Mid-size,Family,0.0,2,1,7900.0,24900.0,8700.0,37000.0,13100.0,No,0.0,773.0,723200.0,171400.0,Home Appliances EMI,113000.0,8,Eligible,24060.0
38.0,Male,Married,Post Graduate,71400.0,Private,3.2,Mid-size,Own,0.0,4,3,7800.0,0.0,6800.0,19600.0,5800.0,No,0.0,691.0,389100.0,112900.0,E-commerce Shopping EMI,69000.0,24,Eligible,15700.0
58.0,Male,Married,High School,14400.0,Private,8.6,Startup,Own,0.0,2,1,10300.0,0.0,1200.0,4300.0,2100.0,Yes,2000.0,999.0,113800.0,25100.0,Personal Loan EMI,920000.0,35,Not_Eligible,500.0
48.0,Male,Married,Professional,35500.0,Self-employed,0.5,Mid-size,Own,0.0,4,3,13900.0,0.0,3200.0,6800.0,3700.0,No,0.0,725.0,175900.0,77200.0,Home Appliances EMI,188000.0,32,Not_Eligible,3555.0
38.0,Male,Married,Professional,60000.0,Private,0.7,Large Indian,Own,0.0,2,1,11900.0,5800.0,8700.0,10000.0,9500.0,No,0.0,696.0,101000.0,56400.0,Home Appliances EMI,186000.0,27,Not_Eligible,4512.0
48.0,Male,Married,Graduate,51900.0,Government,3.3,Large Indian,Family,0.0,4,3,14700.0,0.0,4500.0,12900.0,8400.0,Yes,10100.0,752.0,308100.0,98600.0,E-commerce Shopping EMI,107000.0,13,Not_Eligible,600.6
32.0,Female,Married,Professional,62100.0,Private,0.7,MNC,Family,0.0,3,2,7900.0,0.0,8200.0,11700.0,11900.0,Yes,8900.0,588.0,422200.0,89200.0,Home Appliances EMI,90000.0,23,Not_Eligible,3326.4
32.0,Female,Single,Professional,53400.0,Private,10.0,Startup,Rented,10700.0,1,0,0.0,0.0,6300.0,9500.0,6400.0,No,0.0,738.0,343500.0,144500.0,Home Appliances EMI,29000.0,36,Eligible,11275.0
32.0,Male,Married,High School,58000.0,Government,0.8,Startup,Own,0.0,4,3,0.0,0.0,7700.0,15500.0,8300.0,No,0.0,817.0,255300.0,94600.0,Home Appliances EMI,45000.0,26,Eligible,15900.0
48.0,Female,Married,Professional,27000.0,Private,1.5,Large Indian,Rented,9300.0,4,3,0.0,0.0,3500.0,4300.0,2600.0,Yes,5900.0,639.0,47100.0,13300.0,Education EMI,186000.0,12,Not_Eligible,500.0
48.0,Female,Married,Graduate,97900.0,Government,26.0,Startup,Family,0.0,3,2,9500.0,20100.0,9400.0,29300.0,15800.0,No,0.0,755.0,70000.0,29100.0,Personal Loan EMI,593000.0,32,Not_Eligible,7286.4
32.0,Male,Single,Graduate,38800.0,Self-employed,10.0,MNC,Rented,11600.0,3,2,0.0,0.0,2500.0,11500.0,5700.0,No,0.0,716.0,281000.0,110900.0,Home Appliances EMI,25000.0,22,Eligible,3712.5
32.0,Male,Married,Post Graduate,88900.0,Government,10.0,Startup,Rented,14400.0,2,1,12900.0,0.0,5100.0,13600.0,12100.0,Yes,20700.0,716.0,380100.0,190600.0,E-commerce Shopping EMI,138000.0,14,Not_Eligible,3888.5
32.0,Male,Single,Graduate,65100.0,Private,1.7,MNC,Family,0.0,2,1,10900.0,0.0,5700.0,10500.0,10600.0,Yes,10800.0,513.0,487700.0,168700.0,Education EMI,458000.0,25,Not_Eligible,3195.5
32.0,Male,Married,High School,28300.0,Private,2.6,MNC,Family,0.0,2,1,8700.0,16200.0,4100.0,7700.0,4700.0,Yes,8300.0,674.0,56800.0,33900.0,E-commerce Shopping EMI,15000.0,19,Not_Eligible,500.0
48.0,Female,Married,Graduate,62900.0,Private,20.1,Startup,Rented,15300.0,4,3,0.0,13400.0,4500.0,10400.0,11200.0,No,0.0,830.0,217200.0,109000.0,Home Appliances EMI,138000.0,8,Not_Eligible,4860.0
38.0,Male,Married,Professional,112600.0,Private,4.3,Mid-size,Family,0.0,4,3,14400.0,0.0,10000.0,17200.0,14700.0,No,0.0,793.0,793100.0,433000.0,Home Appliances EMI,97000.0,26,Eligible,37158.0
38.0,Female,Married,High School,38300.0,Private,4.6,MNC,Rented,11400.0,2,1,5600.0,0.0,5100.0,6500.0,3600.0,No,0.0,555.0,184300.0,49600.0,E-commerce Shopping EMI,63000.0,10,Not_Eligible,2440.0
48.0,Male,Married,Graduate,98000.0,Private,8.1,Large Indian,Own,0.0,5,4,0.0,15800.0,6000.0,14800.0,10400.0,No,0.0,689.0,164700.0,42200.0,Personal Loan EMI,201000.0,43,Eligible,20400.0
32.0,Female,Single,Graduate,29500.0,Government,0.5,Small,Own,,2,1,11800.0,0.0,1600.0,7300.0,5000.0,Yes,7300.0,605.0,41600.0,,Vehicle EMI,931000.0,56,Not_Eligible,500.0
32.0,Male,Married,Graduate,18000.0,Private,4.5,Mid-size,Rented,2800.0,3,2,2300.0,0.0,2200.0,3900.0,2300.0,Yes,2700.0,658.0,140100.0,83100.0,E-commerce Shopping EMI,101000.0,3,Not_Eligible,693.0
38.0,Male,Married,Graduate,49000.0,Self-employed,1.9,MNC,Rented,12600.0,2,1,6800.0,13600.0,6900.0,13000.0,6000.0,No,0.0,626.0,43200.0,24600.0,Personal Loan EMI,107000.0,60,Not_Eligible,500.0
32.0,Female,Married,High School,29900.0,Private,1.9,Mid-size,Rented,5500.0,3,2,0.0,20100.0,2000.0,8600.0,3100.0,Yes,7200.0,615.0,28600.0,16200.0,Personal Loan EMI,807000.0,33,Not_Eligible,500.0
32.0,Male,Married,Graduate,34000.0,Private,3.2,Large Indian,Rented,11200.0,3,2,0.0,22300.0,2200.0,8700.0,2700.0,Yes,8100.0,633.0,265000.0,131600.0,Home Appliances EMI,44000.0,26,Not_Eligible,500.0
58.0,Male,Married,Post Graduate,23400.0,Private,4.2,Mid-size,Own,0.0,4,3,5600.0,7200.0,2700.0,3900.0,2300.0,Yes,3400.0,690.0,53500.0,23400.0,E-commerce Shopping EMI,24000.0,10,Not_Eligible,500.0
32.0,Male,Married,Professional,60900.0,Private,1.9,Mid-size,Rented,19700.0,2,1,12000.0,0.0,9000.0,14200.0,8200.0,Yes,10300.0,693.0,51000.0,27600.0,Personal Loan EMI,568000.0,50,Not_Eligible,500.0
58.0,Male,Married,High School,37500.0,Private,10.6,Mid-size,Rented,7300.0,2,1,0.0,11800.0,4000.0,9500.0,5900.0,No,0.0,639.0,226000.0,68100.0,Vehicle EMI,239000.0,48,Not_Eligible,500.0
38.0,Male,Married,Professional,71700.0,Private,9.1,MNC,Family,0.0,3,2,13300.0,0.0,7200.0,16400.0,12000.0,No,0.0,681.0,449400.0,247800.0,Home Appliances EMI,114000.0,30,Eligible,12540.0
32.0,Male,Single,,47300.0,Self-employed,2.4,Small,Rented,8300.0,2,1,0.0,18400.0,2500.0,7700.0,7500.0,Yes,5100.0,658.0,164600.0,94100.0,Vehicle EMI,615000.0,49,Not_Eligible,500.0
38.0,Male,Married,Graduate,30600.0,Private,12.1,Large Indian,Own,0.0,2,1,0.0,12800.0,1700.0,9100.0,4200.0,No,0.0,676.0,134900.0,68600.0,Vehicle EMI,1.3e+06,59,Not_Eligible,1400.0
48.0,Male,Married,Graduate,71200.0,Private,5.7,MNC,Rented,16000.0,3,2,12600.0,6400.0,10100.0,13300.0,6800.0,Yes,12600.0,651.0,479300.0,259400.0,Education EMI,163000.0,43,Not_Eligible,500.0
38.0,Male,Married,Graduate,80800.0,Private,1.3,Large Indian,Own,0.0,4,3,8300.0,0.0,6500.0,17900.0,9200.0,No,0.0,735.0,204600.0,75600.0,E-commerce Shopping EMI,11000.0,8,Eligible,19450.0
27.0,Female,Married,Post Graduate,69600.0,Private,0.7,Mid-size,Own,0.0,5,4,6600.0,0.0,4600.0,10700.0,7000.0,No,0.0,776.0,249700.0,78300.0,Education EMI,200000.0,19,Eligible,19536.0
38.0,Male,Married,Graduate,40400.0,Government,4.7,Mid-size,Own,0.0,3,2,3200.0,15100.0,3200.0,6700.0,3700.0,No,0.0,743.0,194000.0,59400.0,Vehicle EMI,1.095e+06,42,Not_Eligible,4675.0
38.0,Female,Married,Post Graduate,50300.0,Private,10.2,Large Indian,Rented,16300.0,2,1,0.0,16900.0,6100.0,9700.0,3300.0,No,0.0,590.0,108900.0,46000.0,Education EMI,431000.0,15,Not_Eligible,500.0
48.0,Male,Single,Graduate,67433.0,Private,21.9,Large Indian,Rented,20600.0,1,0,0.0,0.0,10300.0,12300.0,3700.0,Yes,18500.0,761.0,434200.0,180500.0,Vehicle EMI,800000.0,13,Not_Eligible,1848.0
32.0,Female,Married,Graduate,54400.0,Private,4.8,Large Indian,Rented,8700.0,3,2,14900.0,15600.0,2800.0,13700.0,9300.0,No,0.0,753.0,83900.0,48400.0,Personal Loan EMI,688000.0,29,Not_Eligible,500.0
32.0,Male,Married,Graduate,29000.0,Self-employed,2.3,MNC,Own,0.0,3,2,14200.0,0.0,2300.0,8200.0,3500.0,Yes,8400.0,537.0,99300.0,38300.0,Education EMI,428000.0,46,Not_Eligible,500.0
38.0,Male,Married,Graduate,63100.0,Government,14.3,Mid-size,Rented,14800.0,4,3,14000.0,0.0,3300.0,17400.0,5800.0,Yes,11300.0,661.0,322600.0,86000.0,Education EMI,147000.0,46,Not_Eligible,500.0
38.0,Female,Married,High School,20600.0,Government,3.6,Startup,Own,0.0,2,1,0.0,0.0,1500.0,5800.0,1100.0,No,0.0,744.0,145400.0,84000.0,Vehicle EMI,318000.0,81,Eligible,7381.0
27.0,Male,Married,Graduate,31300.0,Private,1.3,Small,Rented,7400.0,4,3,2400.0,0.0,3000.0,9200.0,6000.0,Yes,5900.0,627.0,190200.0,59900.0,Personal Loan EMI,856000.0,45,Not_Eligible,500.0
48.0,Female,Married,Graduate,41600.0,Private,4.9,MNC,Own,0.0,4,3,3600.0,0.0,5400.0,8800.0,4000.0,Yes,12400.0,565.0,118600.0,36000.0,Education EMI,465000.0,30,Not_Eligible,2072.0
48.0,Male,Married,Graduate,105600.0,Private,0.7,Large Indian,Rented,30400.0,3,2,3000.0,0.0,7400.0,22300.0,15500.0,No,0.0,718.0,825700.0,281300.0,Personal Loan EMI,760000.0,45,Not_Eligible,11880.0
58.0,Male,Married,High School,50600.0,Private,8.4,Mid-size,Rented,9000.0,2,1,5500.0,0.0,5800.0,11000.0,7700.0,No,0.0,671.0,40300.0,13000.0,Education EMI,147000.0,45,High_Risk,4640.0
32.0,Male,Married,Post Graduate,64200.0,Private,1.4,Small,Own,0.0,5,4,10400.0,0.0,4600.0,13900.0,11400.0,Yes,17700.0,597.0,253100.0,151500.0,Home Appliances EMI,66000.0,9,Not_Eligible,1736.0
32.0,Male,Married,Graduate,41600.0,Private,10.0,Large Indian,Rented,6800.0,4,3,3500.0,0.0,4200.0,8600.0,6900.0,No,0.0,755.0,134500.0,31800.0,Vehicle EMI,490000.0,38,Not_Eligible,6960.0
32.0,Female,Married,Graduate,61800.0,Private,2.3,MNC,Own,0.0,4,3,0.0,7500.0,5000.0,11800.0,3600.0,Yes,9000.0,700.0,395000.0,121700.0,Home Appliances EMI,227000.0,9,Not_Eligible,9586.5
38.0,Male,Married,Post Graduate,64300.0,Private,9.6,Large Indian,Rented,19700.0,4,3,7500.0,0.0,5400.0,17300.0,8900.0,Yes,8400.0,747.0,219200.0,116000.0,Home Appliances EMI,28000.0,20,Not_Eligible,500.0
32.0,Male,Married,Professional,85500.0,Government,2.0,Startup,Rented,28800.0,4,3,5100.0,0.0,9900.0,19300.0,8500.0,No,0.0,804.0,299800.0,63000.0,E-commerce Shopping EMI,181000.0,5,Not_Eligible,8340.0
32.0,Female,Married,Graduate,42900.0,Private,2.9,Mid-size,Own,0.0,4,3,6000.0,21300.0,3700.0,11800.0,5000.0,Yes,6900.0,601.0,154000.0,37600.0,Education EMI,231000.0,35,Not_Eligible,500.0
32.0,Female,Married,Graduate,35100.0,Private,2.8,MNC,Rented,11200.0,4,3,0.0,12800.0,5200.0,10200.0,4900.0,Yes,5800.0,584.0,171900.0,48100.0,Education EMI,102000.0,36,Not_Eligible,500.0
38.0,Male,Married,Graduate,94200.0,Private,0.5,Large Indian,Family,0.0,3,2,0.0,0.0,8300.0,21000.0,15300.0,No,0.0,614.0,501300.0,108800.0,Home Appliances EMI,298000.0,17,Not_Eligible,15872.0
48.0,Male,Married,Post Graduate,76100.0,Private,2.7,Large Indian,Rented,25200.0,3,2,9400.0,0.0,8900.0,17400.0,9000.0,No,0.0,723.0,320800.0,88700.0,Home Appliances EMI,184000.0,16,Not_Eligible,3100.0
48.0,Female,Married,Graduate,27800.0,Private,6.2,MNC,Own,0.0,4,3,0.0,0.0,2200.0,6700.0,5100.0,Yes,4100.0,678.0,47200.0,21000.0,Home Appliances EMI,119000.0,10,Not_Eligible,2716.0
38.0,Female,Married,Graduate,56800.0,Private,1.6,Startup,Rented,17200.0,3,2,9600.0,0.0,6000.0,16300.0,7500.0,No,0.0,722.0,363700.0,189200.0,Vehicle EMI,639000.0,70,Not_Eligible,500.0
48.0,Female,Married,Post Graduate,84900.0,Private,20.5,Mid-size,Family,0.0,5,4,11800.0,15300.0,10400.0,19400.0,10300.0,Yes,21500.0,814.0,,29100.0,E-commerce Shopping EMI,19000.0,16,Not_Eligible,500.0
38.0,Male,Married,Graduate,18000.0,Private,3.0,Large Indian,Family,0.0,3,2,0.0,16500.0,2400.0,3900.0,3300.0,No,0.0,609.0,17600.0,7800.0,Home Appliances EMI,41000.0,29,Not_Eligible,500.0
48.0,Male,Married,Graduate,49600.0,Private,3.2,Large Indian,Family,0.0,4,3,0.0,0.0,3300.0,8400.0,4600.0,No,0.0,631.0,124300.0,61500.0,Personal Loan EMI,741000.0,13,Not_Eligible,13320.0
38.0,Male,Married,Graduate,17300.0,Private,2.0,Mid-size,Family,0.0,4,3,8600.0,0.0,1600.0,4400.0,3100.0,Yes,2400.0,0.0,67100.0,14000.0,E-commerce Shopping EMI,107000.0,24,Not_Eligible,500.0
58.0,Male,Single,High School,25300.0,Private,3.0,Large Indian,Own,0.0,1,0,0.0,0.0,3200.0,6800.0,4700.0,Yes,4800.0,679.0,117600.0,53100.0,Home Appliances EMI,248000.0,23,Not_Eligible,2030.0
39.0,Male,Single,Post Graduate,61476.0,Private,0.9,Mid-size,Own,0.0,1,0,0.0,0.0,3900.0,16400.0,9300.0,Yes,15100.0,574.0,193800.0,49800.0,Education EMI,497000.0,31,Not_Eligible,3763.2
48.0,Male,Married,Professional,45800.0,Private,5.6,Large Indian,Rented,13800.0,4,3,0.0,18200.0,2400.0,9200.0,6400.0,Yes,9300.0,608.0,240800.0,80200.0,E-commerce Shopping EMI,195000.0,12,Not_Eligible,500.0
48.0,Male,Married,Graduate,61500.0,Private,26.0,Large Indian,Rented,14300.0,3,2,0.0,0.0,9200.0,12900.0,5200.0,No,0.0,587.0,194900.0,69300.0,Personal Loan EMI,110000.0,25,Eligible,7960.0
38.0,Male,Married,Professional,34400.0,Private,10.4,Mid-size,Own,0.0,3,2,2700.0,0.0,4700.0,6100.0,5900.0,No,0.0,688.0,132800.0,28300.0,Personal Loan EMI,124000.0,53,Eligible,7500.0
38.0,Female,Married,Graduate,37400.0,Government,13.4,Large Indian,Rented,6000.0,4,3,0.0,0.0,3900.0,10200.0,2200.0,Yes,4000.0,663.0,229000.0,119000.0,Education EMI,433000.0,17,Not_Eligible,4700.85
48.0,Male,Married,Post Graduate,96800.0,Private,4.7,Large Indian,Own,0.0,3,2,4500.0,0.0,12500.0,17900.0,5600.0,No,0.0,810.0,614400.0,149700.0,Home Appliances EMI,298000.0,21,Eligible,37158.0
38.0,Male,Married,Graduate,15000.0,Private,1.6,MNC,Own,0.0,2,1,0.0,0.0,1700.0,3000.0,2200.0,Yes,2300.0,712.0,23400.0,9300.0,Home Appliances EMI,274000.0,31,Not_Eligible,1624.0
38.0,Male,Married,Graduate,71300.0,Private,6.4,Startup,Own,0.0,3,2,10700.0,6200.0,5900.0,11700.0,11500.0,No,0.0,596.0,122000.0,32500.0,Personal Loan EMI,162000.0,38,Eligible,8096.0
32.0,Male,Married,Graduate,49400.0,Private,3.1,Startup,Rented,14500.0,2,1,0.0,0.0,5500.0,14000.0,8900.0,No,0.0,762.0,277900.0,127400.0,E-commerce Shopping EMI,145000.0,11,Not_Eligible,3900.0
38.0,Male,Married,Graduate,89300.0,Government,0.9,Large Indian,Family,0.0,3,2,0.0,11700.0,11100.0,22300.0,16000.0,Yes,19900.0,801.0,456200.0,190600.0,E-commerce Shopping EMI,37000.0,21,Eligible,3486.0
48.0,Male,Married,Professional,65900.0,Government,18.8,MNC,Rented,21300.0,3,2,0.0,0.0,5700.0,18800.0,5500.0,Yes,12100.0,766.0,370900.0,142600.0,Home Appliances EMI,113000.0,28,Not_Eligible,1155.0
48.0,Male,Married,Professional,56800.0,Private,7.0,Startup,Family,0.0,2,1,11500.0,0.0,3700.0,15500.0,6700.0,Yes,14400.0,701.0,163700.0,82400.0,Education EMI,489000.0,25,Not_Eligible,1750.0
48.0,Female,Married,Graduate,68000.0,Private,17.8,Large Indian,Own,0.0,2,1,12400.0,0.0,4400.0,11000.0,13500.0,No,0.0,745.0,409100.0,206700.0,E-commerce Shopping EMI,165000.0,24,Eligible,14685.0
27.0,MALE,Married,Post Graduate,40800.0,Government,1.1,Large Indian,Rented,9100.0,4,3,14500.0,17500.0,4300.0,7000.0,7300.0,Yes,7700.0,593.0,105400.0,30500.0,E-commerce Shopping EMI,166000.0,19,Not_Eligible,500.0
32.0,Male,Married,Post Graduate,44700.0,Government,0.6,Mid-size,Rented,7100.0,4,3,6800.0,7000.0,3200.0,7900.0,3700.0,No,0.0,744.0,182800.0,54000.0,Education EMI,455000.0,37,Not_Eligible,4500.0
32.0,Male,Married,Professional,89400.0,Private,1.6,Startup,Own,0.0,3,2,0.0,16800.0,5200.0,24800.0,16500.0,Yes,17900.0,709.0,463000.0,185000.0,E-commerce Shopping EMI,69000.0,9,Not_Eligible,2870.0
32.0,Female,Married,Graduate,33100.0,Private,2.8,MNC,Own,0.0,5,4,0.0,0.0,1900.0,8900.0,5100.0,No,0.0,724.0,263800.0,88500.0,E-commerce Shopping EMI,58000.0,8,High_Risk,9460.0
38.0,Male,Single,Post Graduate,59600.0,Government,1.4,Startup,Rented,11800.0,3,2,0.0,0.0,5500.0,14000.0,11500.0,No,0.0,695.0,406400.0,99100.0,Education EMI,285000.0,45,High_Risk,9240.0
32.0,Female,Single,Graduate,29600.0,Private,2.7,MNC,Own,0.0,3,2,2900.0,21000.0,2400.0,8200.0,2800.0,No,0.0,643.0,144900.0,66900.0,E-commerce Shopping EMI,151000.0,10,Not_Eligible,500.0
27.0,Female,Single,Graduate,46700.0,Private,1.5,Large Indian,Rented,7300.0,2,1,0.0,0.0,3400.0,8800.0,3100.0,Yes,10100.0,626.0,25200.0,5100.0,E-commerce Shopping EMI,165000.0,16,Not_Eligible,3136.0
38.0,Male,Married,Post Graduate,88600.0,Private,3.0,MNC,Own,6490.0,3,2,0.0,0.0,6700.0,19500.0,16100.0,No,0.0,850.0,542600.0,170900.0,E-commerce Shopping EMI,123000.0,18,Eligible,30558.0
38.0,Female,Married,Post Graduate,33000.0,Private,0.5,Mid-size,Rented,11400.0,4,3,13500.0,9300.0,2600.0,6200.0,6200.0,No,0.0,729.0,44700.0,12200.0,Vehicle EMI,967000.0,55,Not_Eligible,500.0
48.0,Male,Married,High School,41700.0,Government,17.4,Large Indian,Family,0.0,3,2,8900.0,21200.0,4500.0,9300.0,2200.0,Yes,11800.0,764.0,42300.0,24800.0,Personal Loan EMI,944000.0,42,Not_Eligible,500.0
48.0,Female,Married,Post Graduate,38500.0,Private,1.5,MNC,Rented,12800.0,2,1,5400.0,0.0,2200.0,10900.0,5000.0,No,0.0,749.0,148800.0,84500.0,Personal Loan EMI,770000.0,27,Not_Eligible,1100.0
38.0,Male,Married,High School,29600.0,Private,1.5,Mid-size,Rented,5500.0,4,3,5900.0,0.0,3100.0,5500.0,5700.0,No,0.0,704.0,209100.0,81900.0,Home Appliances EMI,121000.0,35,Not_Eligible,2145.0
38.0,Male,Married,Professional,60100.0,Private,0.5,Small,Own,0.0,3,2,0.0,0.0,7700.0,9900.0,9300.0,No,0.0,761.0,365700.0,171000.0,E-commerce Shopping EMI,165000.0,15,Eligible,17529.6
38.0,Female,Married,Graduate,49200.0,Government,1.2,Startup,Rented,7400.0,2,1,0.0,13700.0,2700.0,11100.0,9700.0,No,0.0,828.0,332600.0,133800.0,Personal Loan EMI,624000.0,34,Not_Eligible,3036.0
38.0,Female,Married,Post Graduate,42300.0,Private,0.7,Mid-size,Own,0.0,3,2,9800.0,13900.0,4200.0,11400.0,7400.0,No,0.0,585.0,41000.0,9000.0,Education EMI,223000.0,44,Not_Eligible,500.0
48.0,Male,Married,Graduate,69800.0,Private,1.8,Large Indian,Rented,22000.0,3,2,3100.0,0.0,6800.0,11500.0,9500.0,Yes,17700.0,610.0,194700.0,55200.0,Education EMI,226000.0,19,Not_Eligible,500.0
58.0,Male,Married,Post Graduate,25600.0,Private,15.8,MNC,Rented,5700.0,4,3,0.0,23500.0,1400.0,6700.0,3200.0,No,0.0,685.0,110700.0,58900.0,Education EMI,316000.0,33,Not_Eligible,500.0
38.0,Male,Single,Graduate,45700.0,Government,4.0,Large Indian,Own,0.0,1,0,0.0,0.0,2800.0,12900.0,5900.0,No,0.0,843.0,191000.0,76400.0,E-commerce Shopping EMI,151000.0,19,Eligible,15906.0
27.0,Male,Single,High School,51900.0,Private,0.6,MNC,Rented,15300.0,2,1,2500.0,15800.0,3500.0,15000.0,4000.0,No,0.0,726.0,136700.0,57500.0,E-commerce Shopping EMI,35000.0,4,Not_Eligible,500.0
32.0,Male,Married,Graduate,68100.0,Private,4.8,Large Indian,Own,0.0,3,2,0.0,21200.0,5300.0,12700.0,12500.0,No,0.0,746.0,262300.0,149200.0,Vehicle EMI,837000.0,76,Not_Eligible,8200.0
38.0,Female,Married,High School,21500.0,Private,0.5,MNC,Family,0.0,4,3,0.0,12700.0,2000.0,3800.0,2300.0,No,0.0,714.0,169800.0,37600.0,Home Appliances EMI,234000.0,11,Not_Eligible,500.0
38.0,Male,Married,Graduate,102700.0,Government,9.3,MNC,Family,0.0,4,3,10900.0,23900.0,8700.0,28400.0,17100.0,Yes,25100.0,710.0,642100.0,334300.0,Home Appliances EMI,83000.0,21,Not_Eligible,500.0
27.0,Male,Single,Graduate,103700.0,Government,0.5,MNC,Family,,1,0,0.0,0.0,5400.0,29900.0,15000.0,No,0.0,676.0,569100.0,211800.0,Education EMI,409000.0,47,Eligible,26700.0
48.0,Female,Married,High School,45100.0,Private,11.3,Mid-size,Rented,9200.0,2,1,12600.0,20300.0,4200.0,12200.0,5600.0,Yes,12500.0,637.0,294000.0,117600.0,E-commerce Shopping EMI,28000.0,17,Not_Eligible,500.0
32.0,Male,Single,Post Graduate,71400.0,Government,0.7,MNC,Own,0.0,1,0,0.0,0.0,6700.0,11000.0,6400.0,Yes,19700.0,737.0,166000.0,70200.0,E-commerce Shopping EMI,17000.0,20,Eligible,9660.0
38.0,Female,Married,Professional,37900.0,Private,3.8,Startup,Family,,2,1,0.0,0.0,5600.0,9000.0,7100.0,No,0.0,684.0,37400.0,18800.0,Vehicle EMI,300000.0,24,Not_Eligible,6480.0
32.0,Male,Single,Graduate,99500.0,Private,0.5,Mid-size,Own,0.0,2,1,6600.0,0.0,8200.0,29100.0,7200.0,No,0.0,757.0,153100.0,68200.0,Vehicle EMI,945000.0,48,Not_Eligible,18585.6
38.0,Female,Married,Post Graduate,46700.0,Private,2.7,Mid-size,Own,0.0,5,4,0.0,0.0,6200.0,8700.0,6600.0,No,0.0,708.0,271200.0,132300.0,Education EMI,368000.0,21,Not_Eligible,12600.0
27.0,Female,Single,Post Graduate,98600.0,Private,0.5,Large Indian,Rented,23800.0,1,0,0.0,0.0,11900.0,26400.0,16500.0,Yes,19900.0,681.0,184400.0,42600.0,Education EMI,97000.0,14,Not_Eligible,500.0
48.0,Male,Married,Graduate,63900.0,Private,20.0,Mid-size,Rented,11100.0,2,1,7100.0,0.0,4600.0,12000.0,3700.0,No,0.0,801.0,500900.0,205600.0,Vehicle EMI,565000.0,57,Eligible,16764.0
27.0,Female,Single,Professional,111300.0,Private,1.7,Mid-size,Rented,21600.0,1,0,0.0,0.0,5700.0,26500.0,13700.0,No,0.0,638.0,406600.0,147900.0,Personal Loan EMI,189000.0,48,Eligible,17520.0
32.0,Male,Single,Graduate,45100.0,Private,0.5,Startup,Rented,14000.0,2,1,11400.0,8600.0,6600.0,7300.0,5500.0,Yes,10700.0,643.0,271800.0,136600.0,Home Appliances EMI,40000.0,31,Not_Eligible,500.0
48.0,Female,Married,Professional,43300.0,Private,6.8,Mid-size,Own,0.0,3,2,9900.0,0.0,4000.0,11100.0,7600.0,No,0.0,706.0,297200.0,158600.0,Personal Loan EMI,572000.0,41,Not_Eligible,5885.0
32.0,Female,Single,Graduate,39700.0,Private,3.6,MNC,Rented,11600.0,2,1,0.0,0.0,3100.0,8800.0,4100.0,No,0.0,641.0,167300.0,43000.0,Education EMI,121000.0,26,Not_Eligible,4840.0
27.0,Male,Married,Professional,125300.0,Private,1.0,Mid-size,Rented,36000.0,2,1,0.0,0.0,16300.0,27300.0,7700.0,No,0.0,743.0,944600.0,253000.0,Vehicle EMI,1.396e+06,37,Not_Eligible,20900.0
38.0,Female,Married,Graduate,36400.0,Private,5.8,MNC,Rented,10100.0,4,3,0.0,0.0,4300.0,5900.0,2200.0,Yes,4900.0,665.0,27700.0,9600.0,Education EMI,98000.0,39,Not_Eligible,2520.0
32.0,Male,Married,Graduate,29100.0,Private,0.5,Mid-size,Rented,9800.0,2,1,10800.0,0.0,3400.0,8300.0,2400.0,Yes,5800.0,677.0,70700.0,20100.0,Personal Loan EMI,118000.0,44,Not_Eligible,500.0
27.0,Female,Single,Graduate,33700.0,Private,1.6,Large Indian,Own,0.0,1,0,0.0,0.0,4400.0,8600.0,5400.0,No,0.0,564.0,58000.0,26300.0,Home Appliances EMI,249000.0,19,Not_Eligible,4896.0
58.0,Female,Married,Graduate,65800.0,Self-employed,5.9,Mid-size,Family,0.0,3,2,0.0,6400.0,5000.0,13900.0,7000.0,No,0.0,756.0,424900.0,215700.0,E-commerce Shopping EMI,114000.0,10,Eligible,19899.0
48.0,Male,Married,Graduate,29300.0,Self-employed,8.3,MNC,Rented,7600.0,3,2,0.0,0.0,1600.0,8500.0,1600.0,No,0.0,790.0,199400.0,49700.0,Education EMI,62000.0,24,Eligible,5940.0
58.0,Male,Married,High School,29500.0,Government,27.7,Mid-size,Rented,8200.0,4,3,12200.0,11400.0,3000.0,8400.0,2300.0,No,0.0,710.0,106600.0,37000.0,Personal Loan EMI,452000.0,45,Not_Eligible,500.0
48.0,Female,Married,Graduate,41900.0,Private,8.2,Mid-size,Rented,13900.0,5,4,0.0,0.0,3700.0,10100.0,4500.0,Yes,5500.0,689.0,296300.0,88600.0,Home Appliances EMI,232000.0,11,Not_Eligible,1617.0
58.0,Male,Married,Professional,27000.0,Private,2.3,Large Indian,Rented,5300.0,3,2,0.0,0.0,1600.0,5100.0,3300.0,Yes,7000.0,695.0,149500.0,59500.0,E-commerce Shopping EMI,164000.0,15,Not_Eligible,1645.0
38.0,Female,Married,Professional,59000.0,Private,1.3,Large Indian,Family,0.0,3,2,13900.0,0.0,8100.0,16400.0,5300.0,No,0.0,762.0,462300.0,214600.0,Vehicle EMI,514000.0,45,Not_Eligible,10098.0
38.0,Male,Married,Post Graduate,95900.0,Private,12.2,MNC,Family,0.0,3,2,0.0,0.0,7800.0,28100.0,6900.0,Yes,13300.0,720.0,190000.0,71800.0,Vehicle EMI,132000.0,54,Eligible,11144.0
32.0,Male,Married,Post Graduate,316849.0,Government,2.1,Large Indian,Own,0.0,5,4,6900.0,6100.0,10300.0,17500.0,18500.0,No,0.0,705.0,670700.0,159500.0,Home Appliances EMI,247000.0,13,High_Risk,20680.0
38.0,Male,Married,Post Graduate,76100.0,Private,2.1,Large Indian,Own,0.0,4,3,7000.0,10300.0,5900.0,17600.0,13500.0,Yes,19700.0,751.0,351200.0,173700.0,Home Appliances EMI,285000.0,13,Not_Eligible,882.0
38.0,Male,Married,Professional,151400.0,Private,8.7,Mid-size,Own,0.0,3,2,6100.0,0.0,21200.0,30900.0,23400.0,Yes,39000.0,661.0,602200.0,139600.0,Personal Loan EMI,739000.0,56,Not_Eligible,10780.0
27.0,Female,Single,Post Graduate,42600.0,Self-employed,4.0,MNC,Rented,7800.0,1,0,0.0,0.0,4600.0,7600.0,7600.0,Yes,6900.0,643.0,41500.0,12500.0,Vehicle EMI,885000.0,58,Not_Eligible,1632.96
32.0,Male,Married,Graduate,18000.0,Private,0.5,Startup,Rented,5400.0,3,2,4600.0,0.0,1100.0,3200.0,3200.0,Yes,5000.0,587.0,114200.0,39800.0,Education EMI,174000.0,31,Not_Eligible,500.0
27.0,Male,Married,Professional,45900.0,Private,5.0,Mid-size,Own,0.0,4,3,7000.0,17300.0,4300.0,9500.0,8000.0,Yes,11600.0,535.0,323300.0,127800.0,Education EMI,288000.0,11,Not_Eligible,500.0
27.0,Male,Married,Graduate,18000.0,Private,0.5,MNC,Family,0.0,2,1,13700.0,0.0,1800.0,4700.0,3200.0,Yes,4300.0,729.0,97500.0,23600.0,Personal Loan EMI,878000.0,58,Not_Eligible,500.0
38.0,Male,Single,Graduate,53200.0,Private,7.2,Large Indian,Own,,3,2,2800.0,0.0,6300.0,12800.0,8700.0,Yes,15600.0,773.0,263300.0,102100.0,Education EMI,471000.0,32,Not_Eligible,2940.0
48.0,Male,Married,Professional,123600.0,Private,1.6,Startup,Own,0.0,3,2,0.0,0.0,11800.0,33800.0,22900.0,No,0.0,702.0,161800.0,90100.0,Personal Loan EMI,492000.0,56,Eligible,22040.0
32.0,Male,Married,Graduate,15000.0,Private,0.5,MNC,Rented,5100.0,3,2,6000.0,0.0,1900.0,2400.0,1700.0,No,0.0,590.0,47100.0,26100.0,Vehicle EMI,596000.0,61,Not_Eligible,500.0
27.0,Male,Single,Professional,27000.0,Private,1.1,Mid-size,Rented,7900.0,3,2,9400.0,0.0,3200.0,7000.0,3000.0,No,0.0,758.0,117400.0,37500.0,Personal Loan EMI,824000.0,28,Not_Eligible,500.0
38.0,Male,Married,Post Graduate,76600.0,Private,7.6,Startup,Own,0.0,3,2,14100.0,6000.0,6100.0,16600.0,8700.0,Yes,16900.0,793.0,235600.0,85400.0,Home Appliances EMI,271000.0,14,Not_Eligible,3444.0
48.0,Female,Married,High School,20400.0,Self-employed,1.6,Large Indian,Family,0.0,2,1,4700.0,0.0,1700.0,5700.0,2900.0,Yes,3900.0,582.0,65000.0,18400.0,Vehicle EMI,1.182e+06,32,Not_Eligible,500.0
48.0,Male,Married,Graduate,52400.0,Private,2.5,Small,Rented,14100.0,3,2,9500.0,0.0,7500.0,12600.0,10200.0,No,0.0,682.0,155200.0,60500.0,Education EMI,231000.0,38,Not_Eligible,500.0
48.0,Male,Married,Graduate,57000.0,Government,8.9,Large Indian,Family,0.0,3,2,12600.0,0.0,5600.0,16300.0,3400.0,No,0.0,702.0,88000.0,50000.0,Vehicle EMI,1.259e+06,23,Not_Eligible,8404.0
32.0,Male,Married,Graduate,42300.0,Private,5.5,MNC,Rented,7500.0,3,2,10300.0,0.0,5600.0,6800.0,2800.0,Yes,11100.0,695.0,126800.0,73200.0,E-commerce Shopping EMI,193000.0,4,Not_Eligible,500.0
32.0,Male,Single,Graduate,15000.0,Government,4.3,Startup,Rented,4800.0,3,2,13500.0,0.0,1200.0,3700.0,2000.0,Yes,3700.0,727.0,87200.0,39200.0,Personal Loan EMI,428000.0,56,Not_Eligible,500.0
27.0,Male,Single,Post Graduate,31700.0,Private,2.9,Mid-size,Rented,5300.0,1,0,0.0,0.0,2000.0,4900.0,2800.0,No,0.0,807.0,201200.0,45500.0,E-commerce Shopping EMI,48000.0,22,Eligible,11022.0
27.0,Female,Single,Post Graduate,107700.0,Self-employed,1.0,Mid-size,Family,0.0,1,0,0.0,0.0,6100.0,21100.0,19200.0,Yes,28100.0,794.0,540100.0,274500.0,E-commerce Shopping EMI,33000.0,16,Eligible,12549.6
38.0,Male,Married,Graduate,39900.0,Private,3.9,Large Indian,Family,0.0,4,3,9900.0,0.0,4400.0,9100.0,7400.0,Yes,5500.0,719.0,202600.0,77700.0,Vehicle EMI,149000.0,67,Not_Eligible,1260.0
38.0,Male,Married,High School,36200.0,Private,0.8,MNC,Own,0.0,3,2,14700.0,0.0,4000.0,9300.0,3500.0,No,0.0,741.0,85100.0,38600.0,Personal Loan EMI,452000.0,50,Not_Eligible,1880.0
48.0,Male,Married,Post Graduate,40900.0,Private,7.4,MNC,Family,0.0,3,2,4800.0,0.0,3900.0,10100.0,5600.0,Yes,9800.0,666.0,186700.0,104600.0,Personal Loan EMI,638000.0,12,Not_Eligible,2345.0
38.0,Female,Married,Post Graduate,43600.0,Private,0.5,Mid-size,Family,0.0,5,4,11100.0,0.0,2700.0,12600.0,3900.0,Yes,5800.0,685.0,273000.0,98900.0,Home Appliances EMI,280000.0,34,Not_Eligible,2310.0
48.0,Male,Single,Professional,46800.0,Private,13.6,Large Indian,Own,0.0,2,1,4000.0,0.0,5400.0,9800.0,6500.0,No,0.0,850.0,199300.0,76800.0,Home Appliances EMI,233000.0,15,Not_Eligible,12660.0
32.0,Male,Married,Graduate,42100.0,Private,4.2,MNC,Rented,8000.0,4,3,0.0,16300.0,4400.0,7900.0,4800.0,No,0.0,715.0,30200.0,9600.0,Education EMI,164000.0,43,Not_Eligible,500.0
58.0,Male,Single,Professional,33100.0,Private,6.7,Mid-size,Rented,5100.0,1,0,0.0,0.0,4700.0,9500.0,2600.0,Yes,9000.0,660.0,129900.0,50700.0,Vehicle EMI,428000.0,49,Not_Eligible,770.0
38.0,Male,Married,Professional,59700.0,Self-employed,7.9,Large Indian,Own,0.0,5,4,0.0,0.0,6500.0,12100.0,3800.0,No,0.0,810.0,105000.0,36200.0,Vehicle EMI,1.206e+06,46,Not_Eligible,16113.6
38.0,Male,Married,Professional,42500.0,Government,0.5,MNC,Family,0.0,4,3,6100.0,7500.0,4300.0,8100.0,8200.0,Yes,6700.0,640.0,40900.0,23400.0,Vehicle EMI,1.493e+06,52,Not_Eligible,500.0
32.0,MALE,Married,Post Graduate,29700.0,Private,1.8,Mid-size,Rented,4700.0,4,3,2700.0,0.0,1700.0,8100.0,4200.0,No,0.0,820.0,65900.0,28200.0,Home Appliances EMI,173000.0,13,Not_Eligible,4980.0
32.0,Male,Married,Graduate,75500.0,Government,0.8,Large Indian,Own,0.0,3,2,11900.0,8700.0,9500.0,14900.0,10900.0,Yes,22300.0,746.0,90600.0,24400.0,Home Appliances EMI,64000.0,14,Not_Eligible,500.0
32.0,Male,Married,Post Graduate,81700.0,Private,4.9,Large Indian,Rented,13800.0,4,3,0.0,0.0,11200.0,24100.0,12100.0,No,0.0,763.0,359800.0,146100.0,Education EMI,255000.0,36,Eligible,12300.0
38.0,Female,Married,Graduate,47000.0,Private,16.0,Startup,Own,0.0,3,2,4000.0,0.0,3900.0,7200.0,6700.0,Yes,14000.0,705.0,50700.0,17000.0,Personal Loan EMI,537000.0,23,Not_Eligible,3136.0
27.0,Male,Married,Graduate,15000.0,Government,0.5,MNC,Own,0.0,3,2,0.0,0.0,2000.0,3600.0,1400.0,Yes,3700.0,826.0,86200.0,44500.0,Personal Loan EMI,930000.0,51,Not_Eligible,1806.0
27.0,Male,Single,Graduate,43400.0,Private,3.1,MNC,Family,0.0,2,1,6300.0,0.0,2300.0,12300.0,5000.0,No,0.0,641.0,128100.0,37000.0,E-commerce Shopping EMI,83000.0,5,Not_Eligible,7000.0
48.0,Male,Married,Post Graduate,26000.0,Private,3.8,Mid-size,Own,0.0,3,2,13100.0,0.0,3300.0,5000.0,2800.0,No,0.0,672.0,149500.0,67200.0,Home Appliances EMI,259000.0,9,Not_Eligible,900.0
38.0,Female,Married,High School,68200.0,Private,4.4,Mid-size,Family,0.0,2,1,0.0,5300.0,5700.0,20400.0,10200.0,No,0.0,726.0,516100.0,145300.0,Home Appliances EMI,212000.0,21,Eligible,14630.0
32.0,Female,Single,Graduate,24500.0,Private,0.5,Large Indian,Rented,4100.0,2,1,0.0,0.0,3400.0,5100.0,1500.0,Yes,2800.0,692.0,184000.0,66600.0,Home Appliances EMI,247000.0,10,Not_Eligible,2340.8
38.0,Male,Married,Graduate,59800.0,Private,5.4,Startup,Rented,19900.0,2,1,2700.0,0.0,6700.0,9800.0,9800.0,No,0.0,590.0,388500.0,158600.0,Personal Loan EMI,497000.0,40,Not_Eligible,4796.0
38.0,Female,Single,Graduate,45000.0,Private,7.3,MNC,Rented,6900.0,2,1,12100.0,0.0,6100.0,9300.0,2800.0,No,0.0,682.0,208800.0,87100.0,Personal Loan EMI,387000.0,26,Not_Eligible,3900.0
32.0,Male,Married,Graduate,37400.0,Private,0.5,MNC,Own,0.0,4,3,0.0,0.0,5100.0,6400.0,2200.0,Yes,5200.0,716.0,281900.0,124000.0,Home Appliances EMI,160000.0,11,Not_Eligible,5698.0
32.0,Male,Married,High School,35100.0,Government,5.7,Startup,Family,0.0,2,1,11700.0,0.0,4700.0,6500.0,3900.0,No,0.0,732.0,90900.0,31200.0,E-commerce Shopping EMI,117000.0,15,Not_Eligible,4565.0
38.0,Male,Married,Graduate,37400.0,Private,2.7,Large Indian,Rented,7000.0,3,2,8400.0,0.0,5200.0,6200.0,5500.0,No,0.0,687.0,261100.0,60600.0,Personal Loan EMI,701000.0,52,Not_Eligible,2805.0
48.0,Male,Married,Graduate,38100.0,Private,4.0,Startup,Own,0.0,3,2,5600.0,8100.0,2700.0,6300.0,6600.0,No,0.0,850.0,35800.0,14600.0,Home Appliances EMI,57000.0,17,High_Risk,4224.0
32.0,Male,Married,Post Graduate,56600.0,Private,3.3,Startup,Rented,,2,1,2000.0,13400.0,3400.0,15200.0,5700.0,No,0.0,720.0,381900.0,223200.0,Personal Loan EMI,466000.0,59,Not_Eligible,3080.0
58.0,Female,Married,,16700.0,Private,12.7,Mid-size,Family,0.0,4,3,0.0,18900.0,2300.0,3900.0,3000.0,No,0.0,642.0,61100.0,35200.0,Home Appliances EMI,290000.0,31,Not_Eligible,500.0
38.0,Female,Married,Professional,412653.0,Private,6.0,Mid-size,Own,0.0,3,2,3200.0,0.0,5200.0,18700.0,11100.0,No,0.0,787.0,340100.0,133000.0,Home Appliances EMI,254000.0,14,Eligible,27900.0
32.0,female,Married,Post Graduate,51700.0,Private,0.6,Large Indian,Rented,12000.0,3,2,11700.0,0.0,6800.0,11200.0,8800.0,No,0.0,650.0,366900.0,138800.0,Home Appliances EMI,188000.0,29,Not_Eligible,528.0
38.0,Female,Married,Post Graduate,68200.0,Private,7.2,Startup,Rented,23300.0,3,2,0.0,13700.0,4300.0,14600.0,6700.0,Yes,17300.0,716.0,491800.0,,Home Appliances EMI,272000.0,11,Not_Eligible,500.0
38.0,Male,Married,Professional,93600.0,Government,2.5,Mid-size,Rented,29300.0,4,3,7600.0,16800.0,11900.0,16100.0,10400.0,No,0.0,735.0,615200.0,160300.0,Personal Loan EMI,978000.0,27,Not_Eligible,825.0
48.0,Female,Married,Graduate,71900.0,Private,26.0,Large Indian,Rented,11700.0,4,3,2700.0,0.0,6900.0,11900.0,8400.0,No,0.0,737.0,143700.0,62200.0,E-commerce Shopping EMI,75000.0,15,Eligible,12120.0
27.0,Male,Single,Graduate,38800.0,Private,0.5,Large Indian,Own,0.0,2,1,3400.0,0.0,4000.0,10700.0,4600.0,Yes,7100.0,615.0,302900.0,109000.0,Vehicle EMI,1.083e+06,26,Not_Eligible,2217.6
27.0,Male,Single,High School,12000.0,Private,0.5,Large Indian,Own,0.0,3,2,0.0,0.0,1100.0,1800.0,1400.0,No,0.0,681.0,49800.0,16200.0,Personal Loan EMI,651000.0,12,Not_Eligible,3080.0
38.0,Male,Married,Professional,167000.0,Private,4.4,Large Indian,Own,0.0,2,1,0.0,14900.0,12700.0,48700.0,29900.0,No,0.0,636.0,1.0696e+06,379900.0,E-commerce Shopping EMI,28000.0,15,Eligible,26752.0
27.0,Male,Married,Graduate,31000.0,Private,4.3,Mid-size,Rented,9900.0,2,1,6800.0,0.0,3600.0,8800.0,5200.0,No,0.0,656.0,111700.0,53900.0,Education EMI,246000.0,47,Not_Eligible,500.0
38.0,Male,Married,Post Graduate,334632.0,Private,0.5,Mid-size,Family,0.0,2,1,10200.0,0.0,7600.0,18200.0,13800.0,No,0.0,674.0,348400.0,125700.0,Personal Loan EMI,612000.0,30,Not_Eligible,8560.0
58.0,Male,Married,Graduate,49000.0,Private,22.2,Small,Own,0.0,3,2,0.0,8100.0,4200.0,11100.0,6000.0,Yes,9900.0,716.0,164700.0,73900.0,E-commerce Shopping EMI,94000.0,20,Not_Eligible,3395.0
38.0,Male,Married,Graduate,35900.0,Government,3.6,Large Indian,Family,0.0,3,2,0.0,0.0,1800.0,9600.0,5300.0,No,0.0,767.0,49400.0,20200.0,Home Appliances EMI,215000.0,28,High_Risk,10137.6
32.0,Male,Married,High School,48200.0,Government,0.8,Mid-size,Rented,9900.0,4,3,2900.0,0.0,4300.0,12300.0,6000.0,Yes,4800.0,758.0,319100.0,149200.0,Personal Loan EMI,944000.0,56,Not_Eligible,3696.0
27.0,Female,Single,Post Graduate,53100.0,Private,2.0,Mid-size,Family,0.0,1,0,0.0,0.0,4400.0,8900.0,8100.0,No,0.0,585.0,217100.0,116100.0,Home Appliances EMI,97000.0,13,Eligible,12680.0
48.0,Male,Married,Graduate,85700.0,Private,26.0,Large Indian,Rented,12900.0,3,2,12800.0,7000.0,8300.0,24400.0,11200.0,No,0.0,701.0,165400.0,74400.0,Education EMI,219000.0,20,Not_Eligible,3640.0
32.0,Female,Married,Graduate,26400.0,Private,1.1,Large Indian,Rented,6700.0,3,2,0.0,0.0,3800.0,4700.0,4700.0,No,0.0,692.0,140000.0,75500.0,E-commerce Shopping EMI,13000.0,5,High_Risk,3250.0
48.0,Male,Married,High School,16000.0,Private,1.6,MNC,Rented,3000.0,3,2,13100.0,0.0,1800.0,3700.0,1400.0,No,0.0,748.0,12600.0,3100.0,Personal Loan EMI,217000.0,53,Not_Eligible,500.0
38.0,Male,Single,Graduate,80800.0,Private,6.4,Startup,Own,0.0,2,1,8500.0,0.0,5200.0,17100.0,15400.0,No,0.0,619.0,448000.0,212400.0,Home Appliances EMI,48000.0,31,Eligible,13840.0
32.0,Female,Single,Graduate,63200.0,Government,1.8,Startup,Rented,18400.0,1,0,0.0,0.0,3900.0,15300.0,9700.0,No,0.0,827.0,336400.0,168700.0,Vehicle EMI,1.098e+06,73,Not_Eligible,9540.0
38.0,Male,Married,Graduate,36100.0,Private,0.9,Small,Family,0.0,3,2,10000.0,0.0,3000.0,8100.0,4000.0,Yes,5400.0,667.0,277800.0,134900.0,Personal Loan EMI,120000.0,59,Not_Eligible,1724.8
32.0,Female,Single,Professional,105600.0,Private,0.8,Small,Family,0.0,2,1,8500.0,0.0,12700.0,30400.0,9500.0,No,0.0,683.0,366100.0,76400.0,Personal Loan EMI,714000.0,12,Not_Eligible,17800.0
32.0,Female,Married,Graduate,61600.0,Government,0.9,Startup,Family,0.0,5,4,0.0,0.0,3200.0,13500.0,8500.0,Yes,12700.0,601.0,253400.0,102100.0,Home Appliances EMI,213000.0,7,Not_Eligible,6636.0
38.0,Male,Married,Graduate,42000.0,Private,2.5,Large Indian,Own,0.0,5,4,3400.0,0.0,5000.0,10100.0,7100.0,Yes,7600.0,563.0,284300.0,84000.0,Home Appliances EMI,269000.0,31,Not_Eligible,2710.4
38.0,Male,Single,High School,43100.0,Private,3.3,Startup,Own,0.0,1,0,0.0,0.0,3400.0,8100.0,2600.0,No,0.0,749.0,70100.0,37000.0,Vehicle EMI,943000.0,34,Not_Eligible,11600.0
32.0,Male,Married,High School,12000.0,Private,1.2,Large Indian,Rented,2900.0,3,2,11400.0,0.0,1000.0,2600.0,1200.0,No,0.0,687.0,76100.0,15800.0,Personal Loan EMI,203000.0,23,Not_Eligible,500.0
48.0,Female,Married,Graduate,29300.0,Private,1.8,MNC,Own,0.0,2,1,0.0,14400.0,3000.0,7300.0,5100.0,Yes,4900.0,537.0,196300.0,110700.0,E-commerce Shopping EMI,105000.0,19,Not_Eligible,500.0
48.0,Male,Single,Graduate,26700.0,Private,0.5,Mid-size,Rented,6400.0,1,0,0.0,0.0,1800.0,5400.0,2600.0,Yes,5800.0,674.0,135100.0,67600.0,Education EMI,180000.0,38,Not_Eligible,1316.0
32.0,Female,Married,Professional,39400.0,Self-employed,3.2,Large Indian,Family,0.0,4,3,0.0,7000.0,3700.0,7900.0,7600.0,Yes,6200.0,684.0,165200.0,53600.0,E-commerce Shopping EMI,64000.0,6,Not_Eligible,2205.0
32.0,Female,Single,Graduate,58800.0,Government,7.9,Startup,Own,0.0,2,1,0.0,13200.0,3900.0,9500.0,5900.0,No,0.0,792.0,379800.0,182800.0,E-commerce Shopping EMI,130000.0,20,Eligible,19093.8
48.0,Male,Married,Graduate,58100.0,Private,15.0,Small,Rented,19000.0,4,3,0.0,23900.0,6900.0,14400.0,9800.0,No,0.0,849.0,222500.0,117100.0,Home Appliances EMI,180000.0,27,Not_Eligible,500.0
27.0,Male,Single,Graduate,72700.0,Private,3.8,Large Indian,Own,0.0,1,0,0.0,0.0,4700.0,15700.0,10100.0,Yes,9700.0,690.0,578400.0,170500.0,E-commerce Shopping EMI,175000.0,9,Not_Eligible,12512.5
48.0,Female,Married,Professional,51800.0,Government,26.0,MNC,Family,0.0,3,2,8800.0,0.0,7600.0,12800.0,2800.0,Yes,6000.0,642.0,323400.0,192500.0,Personal Loan EMI,158000.0,31,Not_Eligible,4675.44
27.0,Male,Single,Graduate,67900.0,Private,1.0,MNC,Family,0.0,1,0,0.0,0.0,5000.0,13300.0,7400.0,Yes,12400.0,610.0,184500.0,109200.0,Vehicle EMI,422000.0,79,High_Risk,8344.0
48.0,Male,Married,Professional,34300.0,Government,4.9,Startup,Family,0.0,4,3,9500.0,0.0,3900.0,5700.0,6100.0,No,0.0,771.0,199700.0,47400.0,Personal Loan EMI,927000.0,18,Not_Eligible,6006.0
38.0,Male,Married,Professional,91900.0,Private,2.3,Large Indian,Own,0.0,2,1,0.0,0.0,7800.0,27400.0,6400.0,Yes,18200.0,591.0,277200.0,95000.0,Home Appliances EMI,93000.0,20,Eligible,8988.0
38.0,Female,Married,Graduate,44200.0,Private,6.6,Large Indian,Rented,14100.0,5,4,0.0,0.0,3300.0,7200.0,5600.0,No,0.0,557.0,272700.0,127900.0,Vehicle EMI,235000.0,45,Not_Eligible,6160.0
48.0,Male,Single,High School,34000.0,Private,11.5,Mid-size,Family,0.0,2,1,0.0,5000.0,2200.0,7800.0,3500.0,No,0.0,665.0,92500.0,42600.0,Home Appliances EMI,123000.0,26,Eligible,7750.0
38.0,Female,Married,Post Graduate,72500.0,Private,0.5,Startup,Family,0.0,3,2,0.0,15200.0,4100.0,20500.0,4500.0,No,0.0,748.0,,149100.0,Personal Loan EMI,807000.0,23,Not_Eligible,11280.0
58.0,Female,Married,Post Graduate,23400.0,Private,0.5,Startup,Rented,4100.0,4,3,11900.0,0.0,2300.0,4400.0,2600.0,No,0.0,665.0,47100.0,11700.0,Home Appliances EMI,269000.0,33,Not_Eligible,500.0
48.0,Male,Married,High School,48500.0,Private,2.9,Large Indian,Rented,16400.0,2,1,0.0,0.0,4300.0,14300.0,3100.0,No,0.0,766.0,182600.0,72700.0,Home Appliances EMI,171000.0,29,Not_Eligible,6240.0
48.0,Female,Married,Graduate,85800.0,Government,4.4,Small,Family,0.0,3,2,11600.0,0.0,11800.0,13200.0,14100.0,Yes,18900.0,697.0,338200.0,172200.0,Personal Loan EMI,532000.0,14,Not_Eligible,6237.0
48.0,Male,Married,Professional,54300.0,Self-employed,0.9,MNC,Rented,17100.0,5,4,2500.0,0.0,6600.0,15200.0,9400.0,No,0.0,573.0,393600.0,214400.0,Education EMI,250000.0,12,Not_Eligible,1386.0
38.0,Male,Married,Professional,55800.0,Private,6.4,Large Indian,Rented,11400.0,4,3,7200.0,6500.0,5000.0,15100.0,4700.0,No,0.0,782.0,314000.0,123900.0,Home Appliances EMI,129000.0,36,Not_Eligible,3540.0
32.0,Female,Married,Graduate,49000.0,Self-employed,3.7,Large Indian,Own,0.0,5,4,7500.0,0.0,5200.0,11500.0,3200.0,No,0.0,776.0,194200.0,109300.0,Home Appliances EMI,41000.0,30,Eligible,11664.0
48.0,Male,Married,Graduate,46100.0,Self-employed,3.0,Large Indian,Own,0.0,3,2,13900.0,0.0,3200.0,8300.0,5000.0,No,0.0,578.0,60100.0,31800.0,E-commerce Shopping EMI,170000.0,21,Not_Eligible,4521.6
58.0,Female,Married,Professional,49300.0,Private,1.2,Large Indian,Family,0.0,4,3,0.0,0.0,5300.0,14300.0,4200.0,No,0.0,646.0,232800.0,76200.0,Education EMI,125000.0,32,Eligible,10200.0
38.0,Male,Married,Graduate,37300.0,Government,2.5,Mid-size,Own,0.0,4,3,14600.0,0.0,5600.0,5800.0,3700.0,No,0.0,,114800.0,23500.0,Education EMI,490000.0,25,Not_Eligible,3800.0
38.0,Male,Married,Professional,63900.0,Government,13.1,Large Indian,Rented,12500.0,4,3,0.0,0.0,7900.0,15400.0,5700.0,Yes,13900.0,683.0,299900.0,72900.0,Personal Loan EMI,119000.0,36,Not_Eligible,3272.5
32.0,Male,Single,Graduate,56200.0,Private,4.2,Large Indian,Rented,13800.0,1,0,0.0,0.0,3900.0,14100.0,5700.0,Yes,10400.0,685.0,199400.0,60700.0,Personal Loan EMI,508000.0,38,Not_Eligible,2905.0
27.0,Female,Single,Graduate,118100.0,Private,1.8,Small,Rented,32700.0,3,2,0.0,0.0,6200.0,35200.0,7200.0,No,0.0,718.0,408000.0,111500.0,Education EMI,193000.0,32,Eligible,18400.0
58.0,Male,Married,Graduate,44600.0,Private,12.6,Large Indian,Rented,7700.0,4,3,0.0,0.0,6500.0,12800.0,4000.0,No,0.0,646.0,209400.0,93400.0,Vehicle EMI,105000.0,76,Eligible,5440.0
27.0,Female,Single,Graduate,42000.0,Private,0.6,Large Indian,Family,0.0,3,2,0.0,0.0,3700.0,7600.0,7800.0,Yes,7900.0,674.0,229800.0,130500.0,Vehicle EMI,1.464e+06,73,Not_Eligible,4200.0
38.0,Female,Married,Graduate,53700.0,Private,0.5,Mid-size,Family,0.0,3,2,14700.0,0.0,5100.0,9000.0,6700.0,Yes,6700.0,653.0,95000.0,27500.0,Education EMI,119000.0,14,Not_Eligible,2576.0
32.0,Female,Single,Post Graduate,71300.0,Private,0.7,Mid-size,Own,0.0,2,1,9200.0,20800.0,7500.0,12700.0,7500.0,No,0.0,613.0,499600.0,189600.0,Vehicle EMI,154000.0,52,Eligible,4787.2
38.0,Male,Married,Post Graduate,33300.0,Private,10.4,MNC,Rented,7700.0,2,1,0.0,0.0,3400.0,6500.0,2200.0,Yes,9100.0,704.0,124500.0,30100.0,Vehicle EMI,1.266e+06,13,Not_Eligible,1540.0
32.0,Female,Single,Post Graduate,70600.0,Government,0.5,Large Indian,Rented,11300.0,2,1,3400.0,9000.0,10100.0,12800.0,10100.0,No,0.0,709.0,372500.0,209900.0,Education EMI,308000.0,33,Not_Eligible,6950.0
48.0,Female,Married,Professional,37800.0,Private,2.3,Large Indian,Family,0.0,5,4,0.0,0.0,5500.0,8700.0,2500.0,Yes,5000.0,658.0,197500.0,68800.0,Education EMI,74000.0,6,Not_Eligible,5635.0
32.0,MALE,Married,Post Graduate,51400.0,Private,4.0,Startup,Family,0.0,2,1,0.0,14300.0,4800.0,10100.0,4500.0,No,0.0,759.0,261400.0,52500.0,Education EMI,480000.0,15,Not_Eligible,10620.0
58.0,Male,Married,Graduate,84500.0,Private,10.5,MNC,Own,0.0,2,1,8400.0,0.0,9000.0,18700.0,7400.0,Yes,13800.0,777.0,652500.0,322500.0,E-commerce Shopping EMI,140000.0,12,Not_Eligible,12566.4
27.0,Female,Single,Graduate,74200.0,Private,0.5,Large Indian,Own,0.0,1,0,0.0,0.0,4000.0,21900.0,9000.0,No,0.0,833.0,549300.0,163400.0,E-commerce Shopping EMI,29000.0,9,Eligible,20750.4
32.0,Female,Married,Graduate,20000.0,Private,10.0,Mid-size,Rented,5000.0,3,2,13400.0,17800.0,2100.0,4500.0,1100.0,Yes,2200.0,643.0,124700.0,70800.0,Education EMI,338000.0,14,Not_Eligible,500.0
38.0,Male,Married,Post Graduate,139100.0,Private,5.0,Large Indian,Rented,46200.0,3,2,13500.0,0.0,17400.0,40700.0,7600.0,Yes,32300.0,647.0,309600.0,181600.0,Vehicle EMI,1.449e+06,82,Not_Eligible,500.0
32.0,Female,Married,Graduate,27900.0,Government,0.6,Startup,Own,0.0,4,3,4700.0,15400.0,4100.0,7000.0,4700.0,No,0.0,674.0,120700.0,71500.0,Education EMI,374000.0,18,Not_Eligible,500.0
48.0,Male,Married,Post Graduate,42600.0,Private,3.0,Mid-size,Family,0.0,4,3,14800.0,0.0,3500.0,10800.0,2600.0,Yes,6200.0,676.0,150000.0,88000.0,Personal Loan EMI,866000.0,12,Not_Eligible,1645.0
48.0,Female,Single,High School,39200.0,Private,6.6,Startup,Rented,9800.0,1,0,0.0,0.0,5500.0,7100.0,6400.0,Yes,5100.0,593.0,139200.0,45200.0,E-commerce Shopping EMI,76000.0,10,Not_Eligible,1484.0
48.0,Male,Married,Graduate,39300.0,Private,7.8,Large Indian,Family,0.0,2,1,0.0,0.0,4100.0,11600.0,2700.0,No,0.0,641.0,175300.0,61100.0,Personal Loan EMI,174000.0,53,Eligible,8360.0
48.0,Female,Married,Post Graduate,32100.0,Private,2.7,MNC,Rented,6500.0,3,2,10800.0,0.0,4700.0,5700.0,3500.0,Yes,8900.0,622.0,182900.0,39600.0,E-commerce Shopping EMI,58000.0,3,Not_Eligible,500.0
32.0,Male,Single,Post Graduate,38400.0,Private,2.1,MNC,Own,0.0,1,0,0.0,0.0,3500.0,6500.0,4100.0,Yes,8100.0,579.0,62000.0,21400.0,Home Appliances EMI,178000.0,27,Not_Eligible,3628.8
38.0,Female,Married,High School,62000.0,Private,0.5,MNC,Own,0.0,3,2,0.0,23100.0,6500.0,9500.0,11100.0,No,0.0,715.0,184300.0,40000.0,Home Appliances EMI,124000.0,26,Not_Eligible,4720.0
48.0,Male,Married,Professional,30000.0,Private,12.6,Mid-size,Own,0.0,2,1,0.0,0.0,4300.0,5300.0,1800.0,No,0.0,735.0,40500.0,19500.0,Home Appliances EMI,66000.0,11,High_Risk,7440.0
38.0,Male,Married,Graduate,43700.0,Private,0.5,Startup,Own,0.0,3,2,0.0,0.0,5300.0,7300.0,7900.0,Yes,10200.0,621.0,291300.0,136700.0,Personal Loan EMI,930000.0,17,Not_Eligible,3203.2
38.0,female,Married,Post Graduate,61200.0,Private,2.7,Mid-size,Rented,16000.0,3,2,5600.0,0.0,3200.0,12900.0,8000.0,No,0.0,605.0,373100.0,181000.0,Vehicle EMI,1.37e+06,57,Not_Eligible,6820.0
48.0,Male,Married,Graduate,24400.0,Private,26.0,Large Indian,Own,0.0,2,1,8800.0,0.0,2600.0,6400.0,3000.0,No,0.0,619.0,117000.0,30100.0,Vehicle EMI,606000.0,79,Not_Eligible,1440.0
38.0,Male,Married,Professional,43900.0,Private,7.1,MNC,Rented,12700.0,3,2,0.0,0.0,6200.0,10600.0,2300.0,No,0.0,767.0,101000.0,22900.0,Personal Loan EMI,714000.0,15,Not_Eligible,7260.0
38.0,Male,Married,Graduate,35300.0,Government,0.5,MNC,Own,0.0,3,2,13000.0,0.0,4800.0,6000.0,6100.0,No,0.0,744.0,208100.0,68500.0,Education EMI,266000.0,25,Not_Eligible,2700.0
58.0,Female,Married,Graduate,82500.0,Private,7.3,MNC,Own,0.0,2,1,0.0,11100.0,6300.0,17700.0,7800.0,No,0.0,711.0,642300.0,260900.0,Vehicle EMI,731000.0,74,Eligible,21780.0
38.0,Male,Married,Post Graduate,99600.0,Self-employed,0.8,Large Indian,Rented,30000.0,3,2,12800.0,0.0,14600.0,17200.0,16100.0,No,0.0,660.0,662700.0,366900.0,E-commerce Shopping EMI,115000.0,20,Not_Eligible,4405.5
38.0,Female,Married,Post Graduate,53200.0,Private,9.2,Startup,Rented,13700.0,5,4,8700.0,12700.0,6700.0,15700.0,7400.0,Yes,13500.0,806.0,266700.0,71000.0,Vehicle EMI,1.413e+06,16,Not_Eligible,500.0
32.0,Female,Married,Post Graduate,58400.0,Private,3.0,MNC,Rented,20300.0,3,2,11200.0,24500.0,4300.0,9800.0,8100.0,No,0.0,684.0,270500.0,92500.0,E-commerce Shopping EMI,87000.0,4,Not_Eligible,500.0
38.0,Male,Married,Professional,46800.0,Self-employed,0.5,Startup,Rented,13700.0,3,2,0.0,8700.0,2600.0,12400.0,8100.0,Yes,12800.0,615.0,115500.0,34900.0,Education EMI,196000.0,37,Not_Eligible,500.0
38.0,Male,Married,High School,12000.0,Private,0.5,Large Indian,Own,0.0,4,3,0.0,0.0,1700.0,2200.0,800.0,No,0.0,729.0,17200.0,5900.0,Vehicle EMI,630000.0,14,Not_Eligible,2336.0
32.0,Male,Married,Graduate,55900.0,Private,6.8,MNC,Rented,14600.0,4,3,0.0,16500.0,4700.0,16200.0,9100.0,No,0.0,662.0,305000.0,68000.0,Education EMI,332000.0,7,Not_Eligible,500.0
38.0,Male,Married,Graduate,33700.0,Government,14.8,MNC,Own,0.0,4,3,0.0,0.0,1700.0,6800.0,6500.0,Yes,7000.0,600.0,182400.0,38200.0,Personal Loan EMI,932000.0,49,Not_Eligible,3603.6
58.0,Female,Married,Graduate,33800.0,Private,8.7,Large Indian,Rented,11700.0,3,2,0.0,0.0,2400.0,8400.0,2100.0,No,0.0,715.0,152500.0,67100.0,E-commerce Shopping EMI,143000.0,15,Not_Eligible,4600.0
27.0,Male,Single,Graduate,24400.0,Government,5.0,Mid-size,Rented,7700.0,1,0,0.0,0.0,2700.0,5900.0,1800.0,Yes,2500.0,632.0,50100.0,27700.0,Education EMI,232000.0,23,Not_Eligible,1170.4
38.0,Male,Married,Professional,67700.0,Private,3.2,MNC,Family,0.0,3,2,0.0,0.0,4200.0,18200.0,4900.0,Yes,18600.0,749.0,354700.0,173200.0,Vehicle EMI,1.198e+06,80,Not_Eligible,7630.0
32.0,male,Single,Graduate,37200.0,Government,4.5,Large Indian,Family,0.0,2,1,14100.0,0.0,2000.0,8600.0,4500.0,No,0.0,849.0,235800.0,121800.0,Education EMI,153000.0,16,Not_Eligible,5808.0
48.0,Male,Married,Graduate,61300.0,Private,1.0,Mid-size,Rented,13700.0,2,1,0.0,0.0,6400.0,13700.0,5600.0,Yes,18100.0,575.0,351700.0,143700.0,Education EMI,467000.0,11,Not_Eligible,1064.0
38.0,Female,Married,Graduate,41500.0,Private,4.1,MNC,Own,0.0,5,4,0.0,23800.0,3000.0,11300.0,5800.0,Yes,9500.0,700.0,224000.0,46800.0,Vehicle EMI,1.301e+06,73,Not_Eligible,500.0
38.0,Male,Married,Post Graduate,58400.0,Government,0.5,Mid-size,Rented,17300.0,2,1,0.0,0.0,6600.0,13600.0,3400.0,No,0.0,714.0,441900.0,217000.0,Home Appliances EMI,225000.0,18,Not_Eligible,9625.0
32.0,Male,Married,Professional,92400.0,Self-employed,0.5,Small,Rented,31200.0,5,4,6600.0,11800.0,10200.0,16500.0,10700.0,No,0.0,768.0,726200.0,367600.0,Education EMI,234000.0,19,Not_Eligible,3207.6
27.0,Female,Married,Graduate,45900.0,Private,1.7,Mid-size,Family,0.0,4,3,14400.0,0.0,5500.0,8000.0,3400.0,No,0.0,634.0,73400.0,41800.0,Home Appliances EMI,241000.0,22,Not_Eligible,4672.0
27.0,Male,Single,Professional,35100.0,Private,0.5,Mid-size,Own,0.0,2,1,0.0,19900.0,4800.0,9800.0,5300.0,No,0.0,713.0,280600.0,150000.0,E-commerce Shopping EMI,74000.0,12,Not_Eligible,500.0
38.0,Male,Married,Graduate,44200.0,Private,9.0,MNC,Family,0.0,4,3,0.0,0.0,5000.0,8900.0,5000.0,Yes,8900.0,758.0,279600.0,56200.0,Home Appliances EMI,242000.0,26,Not_Eligible,7576.8
38.0,Male,Married,Professional,83200.0,Private,3.0,Mid-size,Rented,13300.0,2,1,0.0,5000.0,10500.0,21400.0,14800.0,No,0.0,736.0,398900.0,170600.0,Education EMI,483000.0,37,Not_Eligible,9100.0
27.0,Male,Single,Post Graduate,41700.0,Self-employed,2.9,MNC,Own,22429.0,1,0,0.0,0.0,2500.0,9200.0,7600.0,No,0.0,675.0,131400.0,66900.0,Home Appliances EMI,282000.0,18,Not_Eligible,10080.0
58.0,Female,Married,Graduate,55300.0,Private,1.3,Startup,Own,0.0,5,4,6000.0,0.0,3700.0,14200.0,9800.0,No,0.0,721.0,378400.0,170500.0,Vehicle EMI,937000.0,49,Not_Eligible,11880.0
38.0,Male,Married,Professional,101500.0,Self-employed,2.1,Mid-size,Rented,32600.0,4,3,3300.0,22900.0,10000.0,26600.0,12500.0,No,0.0,644.0,405200.0,221600.0,E-commerce Shopping EMI,61000.0,24,Not_Eligible,500.0
27.0,Male,Married,Graduate,79700.0,Private,0.8,Large Indian,Rented,19400.0,2,1,0.0,0.0,9200.0,20000.0,12200.0,No,0.0,647.0,148000.0,56600.0,E-commerce Shopping EMI,118000.0,7,Not_Eligible,4838.4
58.0,Male,Married,Graduate,79100.0,Private,3.1,Large Indian,Family,0.0,5,4,12000.0,20600.0,5500.0,20700.0,13800.0,No,0.0,776.0,623200.0,183600.0,Vehicle EMI,1.061e+06,80,Not_Eligible,4290.0
58.0,Male,Married,High School,24300.0,Self-employed,12.3,Large Indian,Family,0.0,4,3,12400.0,0.0,2900.0,6700.0,1600.0,Yes,6900.0,737.0,62300.0,26100.0,Personal Loan EMI,349000.0,13,Not_Eligible,500.0
38.0,Male,Married,Graduate,29500.0,Private,3.1,Large Indian,Rented,9500.0,5,4,0.0,23400.0,1600.0,8100.0,3000.0,Yes,6000.0,640.0,100100.0,49600.0,Personal Loan EMI,534000.0,41,Not_Eligible,500.0
27.0,Male,Single,Graduate,25400.0,Government,1.2,Startup,Own,0.0,1,0,0.0,0.0,2000.0,4000.0,3500.0,No,0.0,792.0,141600.0,64600.0,Home Appliances EMI,95000.0,23,Eligible,9540.0
32.0,Male,Married,Graduate,75900.0,Self-employed,0.5,Mid-size,Rented,25600.0,2,1,0.0,0.0,5500.0,11500.0,4700.0,Yes,16200.0,673.0,200100.0,54800.0,Personal Loan EMI,986000.0,44,Not_Eligible,3906.0
38.0,Male,Married,Graduate,44600.0,Private,6.5,MNC,Family,0.0,4,3,0.0,19000.0,6000.0,7400.0,8600.0,No,0.0,780.0,285800.0,146700.0,Personal Loan EMI,769000.0,42,Not_Eligible,2376.0
58.0,Female,Married,Graduate,44500.0,Private,9.9,MNC,Own,0.0,4,3,0.0,0.0,6600.0,10800.0,4900.0,No,0.0,,45700.0,,Vehicle EMI,507000.0,60,Not_Eligible,8880.0
38.0,Female,Married,Professional,27000.0,Private,6.0,MNC,Rented,5300.0,4,3,0.0,6400.0,2500.0,4800.0,2900.0,No,0.0,805.0,177000.0,80300.0,E-commerce Shopping EMI,132000.0,4,Not_Eligible,3366.0
38.0,Male,Married,High School,39300.0,Private,14.2,Mid-size,Own,0.0,4,3,10400.0,0.0,3100.0,11000.0,2400.0,No,0.0,647.0,74200.0,28700.0,Home Appliances EMI,46000.0,24,Eligible,3968.0
48.0,Female,Married,Graduate,34300.0,Private,10.7,Mid-size,Own,0.0,3,2,12500.0,0.0,4900.0,9000.0,2500.0,Yes,4100.0,638.0,236600.0,103600.0,E-commerce Shopping EMI,45000.0,9,Not_Eligible,500.0
48.0,Male,Married,Post Graduate,32800.0,Private,1.5,MNC,Family,0.0,5,4,2600.0,0.0,3300.0,5800.0,1900.0,No,0.0,671.0,106200.0,35200.0,E-commerce Shopping EMI,186000.0,9,Not_Eligible,9600.0
32.0,Male,Married,Post Graduate,55700.0,Private,2.7,MNC,Rented,13500.0,2,1,10200.0,13600.0,3500.0,10000.0,9200.0,No,0.0,731.0,98900.0,56500.0,Vehicle EMI,204000.0,48,Not_Eligible,500.0
32.0,Male,Married,Graduate,67800.0,Private,10.0,MNC,Rented,12300.0,4,3,7300.0,16100.0,7000.0,17600.0,6400.0,Yes,16000.0,615.0,352300.0,135900.0,Personal Loan EMI,327000.0,45,Not_Eligible,500.0
48.0,Female,Married,High School,34800.0,Government,26.0,MNC,Rented,8700.0,4,3,0.0,0.0,2000.0,8300.0,3600.0,No,0.0,696.0,23400.0,5300.0,Education EMI,50000.0,15,Eligible,5368.0
38.0,Male,Married,Graduate,68600.0,Private,1.5,Large Indian,Own,0.0,3,2,14400.0,0.0,5200.0,11600.0,11200.0,No,0.0,671.0,99100.0,58700.0,E-commerce Shopping EMI,28000.0,14,Eligible,10480.0
38.0,Male,Married,Post Graduate,52300.0,Private,1.5,Startup,Rented,14800.0,3,2,0.0,0.0,4200.0,11300.0,4800.0,No,0.0,704.0,115600.0,51600.0,E-commerce Shopping EMI,71000.0,16,Eligible,8600.0
48.0,Male,Single,High School,52300.0,Private,13.7,MNC,Own,0.0,2,1,11100.0,16100.0,5200.0,14700.0,7800.0,Yes,5400.0,766.0,139400.0,62000.0,Personal Loan EMI,690000.0,19,Not_Eligible,500.0
38.0,Female,Married,Post Graduate,72800.0,Private,5.8,Startup,Family,0.0,4,3,0.0,22100.0,3700.0,20100.0,13900.0,No,0.0,694.0,323400.0,170900.0,E-commerce Shopping EMI,117000.0,8,Not_Eligible,6500.0
38.0,Female,Married,Graduate,31700.0,Private,5.1,Mid-size,Own,0.0,2,1,4600.0,0.0,1700.0,6000.0,4400.0,Yes,9100.0,664.0,169800.0,85100.0,Home Appliances EMI,50000.0,20,Not_Eligible,2065.0
32.0,Female,Married,High School,60700.0,Private,0.5,Startup,Family,15205.0,5,4,9200.0,0.0,8500.0,10000.0,10900.0,No,0.0,682.0,220400.0,50500.0,Personal Loan EMI,623000.0,42,Not_Eligible,8840.0
38.0,Male,Married,Post Graduate,46600.0,Private,9.1,MNC,Rented,7500.0,3,2,0.0,0.0,3600.0,11300.0,5800.0,Yes,9400.0,708.0,219400.0,122100.0,E-commerce Shopping EMI,72000.0,14,Not_Eligible,3150.0
48.0,Female,Married,Post Graduate,51700.0,Government,3.1,MNC,Own,0.0,5,4,8500.0,0.0,4400.0,13500.0,7500.0,Yes,11100.0,720.0,384700.0,84600.0,Vehicle EMI,1.088e+06,40,Not_Eligible,2837.45
58.0,Female,Married,Graduate,15000.0,Private,11.6,MNC,Own,0.0,4,3,14700.0,0.0,2100.0,4100.0,1900.0,No,0.0,771.0,46500.0,14300.0,Home Appliances EMI,108000.0,24,Not_Eligible,500.0
48.0,Female,Married,Post Graduate,48800.0,Private,7.2,Mid-size,Own,0.0,3,2,5800.0,0.0,7300.0,14500.0,9500.0,No,0.0,688.0,269900.0,84400.0,Education EMI,413000.0,19,Not_Eligible,5850.0
48.0,Female,Married,Post Graduate,41100.0,Government,11.4,Mid-size,Rented,11400.0,5,4,8100.0,17300.0,2300.0,10700.0,6400.0,Yes,11600.0,667.0,274100.0,89000.0,E-commerce Shopping EMI,27000.0,17,Not_Eligible,500.0
32.0,Female,Single,Post Graduate,39700.0,Private,2.6,Mid-size,Own,0.0,2,1,14100.0,0.0,4600.0,10800.0,5700.0,No,0.0,700.0,176700.0,97200.0,Home Appliances EMI,56000.0,21,Not_Eligible,2250.0
48.0,Female,Married,Graduate,45200.0,Private,10.0,Large Indian,Family,0.0,2,1,0.0,9900.0,6100.0,10100.0,2600.0,No,0.0,638.0,241100.0,60200.0,Home Appliances EMI,31000.0,34,Eligible,6600.0
38.0,Female,Married,High School,27000.0,Private,0.6,MNC,Rented,7600.0,3,2,3200.0,0.0,3300.0,4700.0,2300.0,No,0.0,648.0,121700.0,72400.0,Personal Loan EMI,400000.0,33,Not_Eligible,1888.0
32.0,Male,Married,Graduate,16200.0,Private,7.6,Mid-size,Family,0.0,3,2,4600.0,20400.0,1200.0,2800.0,2500.0,No,0.0,698.0,54600.0,23400.0,Vehicle EMI,105000.0,66,Not_Eligible,500.0
27.0,Male,Single,,33400.0,Government,4.0,Startup,Rented,8400.0,2,1,13900.0,0.0,2300.0,6100.0,2600.0,No,0.0,696.0,95100.0,23400.0,Personal Loan EMI,631000.0,57,Not_Eligible,500.0
58.0,Male,Married,Graduate,68300.0,Private,10.1,MNC,Own,0.0,2,1,0.0,0.0,5000.0,20300.0,9700.0,Yes,16500.0,692.0,273000.0,107600.0,Education EMI,191000.0,45,High_Risk,5880.0
38.0,Male,Married,Graduate,8647.0,Government,9.3,Mid-size,Own,0.0,3,2,0.0,0.0,10500.0,13600.0,8000.0,Yes,20500.0,629.0,55100.0,13700.0,E-commerce Shopping EMI,172000.0,16,Not_Eligible,4361.28
48.0,Male,Married,High School,30400.0,Private,9.4,Mid-size,Own,0.0,3,2,14200.0,0.0,3300.0,8800.0,6000.0,No,0.0,793.0,187300.0,41100.0,Personal Loan EMI,515000.0,51,Not_Eligible,500.0
32.0,Male,Married,Professional,109500.0,Private,4.8,Large Indian,Rented,35400.0,3,2,6500.0,0.0,11400.0,17300.0,18700.0,No,0.0,618.0,771500.0,233200.0,Education EMI,153000.0,40,Eligible,8888.0
58.0,Male,Single,Professional,63400.0,Self-employed,9.1,Mid-size,Family,0.0,2,1,0.0,0.0,9300.0,11100.0,4300.0,Yes,16500.0,619.0,446300.0,153800.0,Home Appliances EMI,86000.0,35,Eligible,6153.84
38.0,Male,Married,Post Graduate,46100.0,Private,13.4,MNC,Own,0.0,2,1,10200.0,0.0,4500.0,12200.0,7000.0,No,0.0,758.0,42600.0,14000.0,Home Appliances EMI,193000.0,32,Not_Eligible,5856.0
27.0,Female,Single,Professional,117600.0,Private,0.5,MNC,Own,0.0,3,2,0.0,0.0,7800.0,27500.0,6900.0,No,0.0,669.0,76300.0,34100.0,Personal Loan EMI,403000.0,18,Not_Eligible,24128.0
38.0,Female,Single,Post Graduate,57400.0,Private,0.5,Mid-size,Rented,12000.0,1,0,0.0,0.0,4900.0,15400.0,9700.0,No,0.0,666.0,109500.0,61600.0,Home Appliances EMI,53000.0,34,Eligible,4928.0
32.0,Male,Married,Graduate,18000.0,Private,0.5,Mid-size,Own,0.0,4,3,6100.0,0.0,1000.0,3600.0,2400.0,Yes,2000.0,711.0,16600.0,6600.0,Personal Loan EMI,968000.0,29,Not_Eligible,649.6
27.0,Female,Single,High School,55200.0,Private,1.1,Mid-size,Own,0.0,2,1,0.0,0.0,5700.0,8900.0,10800.0,No,0.0,661.0,65600.0,20000.0,Personal Loan EMI,338000.0,51,Eligible,11920.0
27.0,Female,Single,Graduate,56800.0,Private,0.9,Large Indian,Own,0.0,1,0,0.0,0.0,4600.0,12300.0,8900.0,No,0.0,612.0,318500.0,156600.0,E-commerce Shopping EMI,88000.0,24,Eligible,9920.0
48.0,Female,Married,Graduate,23100.0,Government,8.2,MNC,Rented,5500.0,4,3,4700.0,0.0,1500.0,6900.0,1300.0,Yes,6700.0,660.0,122400.0,25800.0,Vehicle EMI,862000.0,21,Not_Eligible,500.0
48.0,Female,Married,Post Graduate,26000.0,Private,9.9,MNC,Own,0.0,2,1,10500.0,0.0,2900.0,5900.0,2300.0,No,0.0,803.0,23600.0,6900.0,Vehicle EMI,356000.0,55,Not_Eligible,2112.0
38.0,Male,Married,Post Graduate,80600.0,Government,0.5,Large Indian,Own,0.0,3,2,0.0,0.0,11000.0,15200.0,7900.0,No,0.0,850.0,139200.0,43400.0,Vehicle EMI,801000.0,69,Eligible,22320.0
27.0,Male,Single,High School,58000.0,Government,0.5,Large Indian,Rented,19800.0,2,1,0.0,0.0,3800.0,9300.0,10100.0,Yes,8600.0,735.0,172000.0,68400.0,Vehicle EMI,575000.0,61,Not_Eligible,2240.0
38.0,Male,Married,High School,31300.0,Private,8.7,Startup,Own,0.0,4,3,2400.0,0.0,3000.0,9000.0,4700.0,No,0.0,811.0,110900.0,52900.0,E-commerce Shopping EMI,148000.0,22,Not_Eligible,7320.0
38.0,Male,Married,Professional,62200.0,Private,3.2,Mid-size,Own,0.0,3,2,2900.0,0.0,4200.0,17000.0,6100.0,No,0.0,688.0,488500.0,185700.0,E-commerce Shopping EMI,157000.0,16,Eligible,17600.0
27.0,Male,Single,Professional,27000.0,Private,1.7,Large Indian,Rented,4300.0,2,1,0.0,6500.0,3900.0,6600.0,5400.0,No,0.0,648.0,61600.0,31700.0,Home Appliances EMI,180000.0,16,Not_Eligible,500.0
38.0,Male,Married,Post Graduate,64800.0,Private,4.3,Large Indian,Rented,17900.0,4,3,11800.0,0.0,6800.0,16800.0,8000.0,No,0.0,696.0,464000.0,191300.0,Home Appliances EMI,261000.0,21,Not_Eligible,1925.0
38.0,Female,Married,Graduate,18000.0,Private,3.3,Mid-size,Rented,2900.0,3,2,8700.0,23400.0,1300.0,3500.0,2700.0,No,0.0,766.0,46700.0,10600.0,Home Appliances EMI,46000.0,26,Not_Eligible,500.0
32.0,Female,Married,High School,53000.0,Government,6.4,MNC,Family,0.0,2,1,0.0,0.0,4500.0,11400.0,4300.0,Yes,11900.0,821.0,220500.0,97600.0,Personal Loan EMI,287000.0,50,High_Risk,9655.8
32.0,Female,Married,Graduate,35400.0,Self-employed,0.5,Startup,Rented,5300.0,3,2,0.0,0.0,3900.0,8400.0,6500.0,No,0.0,636.0,212800.0,112500.0,Personal Loan EMI,460000.0,51,Not_Eligible,4474.8
48.0,Female,Married,Post Graduate,42432.0,Private,8.0,Startup,Own,0.0,4,3,7200.0,0.0,2400.0,10100.0,3700.0,Yes,4600.0,666.0,55700.0,21400.0,Home Appliances EMI,204000.0,32,Not_Eligible,4228.0
27.0,Male,Single,Post Graduate,74400.0,Private,0.9,Large Indian,Family,0.0,1,0,0.0,0.0,4700.0,11700.0,12600.0,Yes,12000.0,611.0,258500.0,98900.0,Education EMI,196000.0,20,Not_Eligible,7481.6
48.0,Female,Single,Graduate,44500.0,Private,26.0,Small,Rented,11800.0,2,1,11500.0,0.0,2800.0,8700.0,3100.0,No,0.0,670.0,196000.0,79300.0,Home Appliances EMI,233000.0,7,Not_Eligible,3300.0
32.0,Female,Married,Post Graduate,53300.0,Private,1.7,Mid-size,Family,0.0,2,1,12500.0,0.0,3900.0,15500.0,5600.0,No,0.0,687.0,344700.0,129700.0,Home Appliances EMI,265000.0,26,Not_Eligible,8690.0
38.0,Male,Married,Graduate,38500.0,Government,6.9,Large Indian,Rented,10700.0,3,2,0.0,0.0,2300.0,6800.0,4000.0,No,0.0,730.0,283600.0,118500.0,Vehicle EMI,849000.0,50,Not_Eligible,8893.5
58.0,Male,Single,Graduate,89600.0,Government,9.9,MNC,Family,0.0,2,1,9100.0,7400.0,10000.0,22400.0,16100.0,Yes,25600.0,678.0,107700.0,45900.0,Vehicle EMI,859000.0,40,Not_Eligible,500.0
27.0,Male,Single,Graduate,43300.0,Private,0.5,Large Indian,Own,0.0,3,2,13900.0,0.0,6100.0,10100.0,2800.0,Yes,10700.0,795.0,311800.0,93000.0,Education EMI,182000.0,12,Not_Eligible,500.0
58.0,Male,Married,Professional,37500.0,Private,0.5,Large Indian,Family,0.0,3,2,5600.0,0.0,3900.0,8500.0,3100.0,No,0.0,720.0,174800.0,89100.0,E-commerce Shopping EMI,95000.0,24,Eligible,6560.0
38.0,Female,Married,High School,23800.0,Private,0.5,Large Indian,Rented,7400.0,4,3,14000.0,0.0,2300.0,3800.0,2200.0,No,0.0,821.0,95000.0,29500.0,Home Appliances EMI,77000.0,8,Not_Eligible,500.0
27.0,Male,Single,Post Graduate,401986.0,Private,2.2,Large Indian,Family,0.0,1,0,0.0,0.0,17300.0,36000.0,7900.0,No,0.0,721.0,889800.0,238400.0,Home Appliances EMI,37000.0,7,Eligible,40865.0
32.0,Female,Married,Graduate,64300.0,Private,1.6,Large Indian,Rented,14500.0,3,2,0.0,0.0,8900.0,12200.0,9300.0,No,0.0,722.0,192300.0,66900.0,Education EMI,320000.0,14,Not_Eligible,9700.0
27.0,Male,Single,Graduate,81000.0,Private,0.5,Mid-size,Own,0.0,2,1,0.0,7100.0,7100.0,14900.0,10300.0,Yes,22800.0,691.0,492500.0,111800.0,Education EMI,252000.0,33,Not_Eligible,5790.4
38.0,Female,Married,Post Graduate,48900.0,Private,2.2,Large Indian,Family,0.0,3,2,12700.0,0.0,3000.0,11400.0,4100.0,No,0.0,773.0,288700.0,99300.0,Home Appliances EMI,170000.0,35,Eligible,10620.0
32.0,Female,Married,Graduate,30000.0,Private,0.6,Startup,Family,0.0,4,3,10700.0,0.0,3800.0,5300.0,6000.0,Yes,6100.0,657.0,57400.0,11600.0,E-commerce Shopping EMI,140000.0,16,Not_Eligible,500.0
38.0,Male,Married,Graduate,18800.0,Government,16.0,MNC,Own,0.0,4,3,0.0,14900.0,1800.0,4500.0,2000.0,No,0.0,707.0,30500.0,13700.0,Education EMI,432000.0,19,Not_Eligible,500.0
48.0,Male,Married,Graduate,86100.0,Private,9.2,MNC,Family,0.0,3,2,0.0,19600.0,11900.0,18200.0,7400.0,No,0.0,740.0,446400.0,224000.0,Personal Loan EMI,495000.0,45,Not_Eligible,14500.0
32.0,Male,Married,High School,19400.0,Private,2.4,Mid-size,Rented,6300.0,3,2,7900.0,0.0,2800.0,4000.0,1500.0,Yes,2100.0,611.0,37600.0,7800.0,Vehicle EMI,1.288e+06,75,Not_Eligible,500.0
48.0,Female,Married,Graduate,60800.0,Government,7.2,Startup,Family,0.0,3,2,7700.0,21100.0,4800.0,16900.0,7500.0,No,0.0,718.0,237900.0,75800.0,Home Appliances EMI,254000.0,21,Not_Eligible,1540.0
38.0,Female,Married,Graduate,51500.0,Government,1.9,Small,Family,0.0,4,3,10700.0,0.0,7400.0,10400.0,9700.0,No,0.0,810.0,86600.0,23900.0,E-commerce Shopping EMI,93000.0,21,Eligible,6384.0
38.0,Male,Married,Professional,170200.0,Private,5.9,Mid-size,Rented,29400.0,2,1,0.0,0.0,12800.0,29000.0,25600.0,Yes,42700.0,699.0,807100.0,456100.0,Vehicle EMI,1.245e+06,14,Not_Eligible,10745.0
27.0,Male,Married,Graduate,85900.0,Private,1.5,Large Indian,Own,,4,3,0.0,0.0,7600.0,13000.0,6400.0,Yes,25600.0,556.0,611900.0,219200.0,E-commerce Shopping EMI,167000.0,13,Not_Eligible,10256.4
38.0,Male,Single,Professional,45900.0,Government,3.0,Mid-size,Own,0.0,2,1,0.0,24100.0,3900.0,8100.0,2400.0,No,0.0,687.0,284700.0,96400.0,Home Appliances EMI,144000.0,21,Not_Eligible,4477.0
38.0,Male,Married,Graduate,24600.0,Government,4.7,Large Indian,Rented,3700.0,3,2,0.0,11700.0,2900.0,7200.0,3700.0,No,0.0,696.0,196000.0,76600.0,Home Appliances EMI,54000.0,34,Not_Eligible,500.0
38.0,Male,Married,Post Graduate,109000.0,Government,12.6,MNC,Family,0.0,3,2,3800.0,0.0,6300.0,16900.0,14800.0,No,0.0,850.0,567300.0,217000.0,Vehicle EMI,387000.0,82,Eligible,44352.0
32.0,Male,Married,Professional,167500.0,Private,8.8,Large Indian,Rented,27200.0,3,2,0.0,0.0,19100.0,30300.0,8600.0,No,0.0,799.0,981900.0,316700.0,Vehicle EMI,653000.0,83,Eligible,49380.0
27.0,Female,Married,Graduate,28700.0,Private,0.9,MNC,Own,0.0,2,1,0.0,0.0,3400.0,7600.0,4300.0,No,0.0,593.0,163400.0,95300.0,Education EMI,69000.0,30,Eligible,4288.0
38.0,Male,Married,Graduate,90300.0,Private,2.4,Large Indian,Own,0.0,3,2,3400.0,0.0,11500.0,15800.0,17900.0,No,0.0,689.0,539100.0,117500.0,Home Appliances EMI,120000.0,9,Eligible,20850.0
38.0,Female,Married,Post Graduate,75700.0,Government,0.5,Mid-size,Family,0.0,3,2,6500.0,8800.0,9600.0,21000.0,13100.0,No,0.0,752.0,195200.0,115000.0,Personal Loan EMI,199000.0,35,Eligible,10020.0
38.0,Female,Married,Post Graduate,73500.0,Private,5.1,Startup,Family,17359.0,4,3,7200.0,0.0,9700.0,16800.0,10600.0,No,0.0,767.0,506900.0,284300.0,Personal Loan EMI,936000.0,47,Not_Eligible,19272.0
58.0,Male,Married,Graduate,56000.0,Government,28.7,Large Indian,Own,0.0,5,4,7600.0,14500.0,4200.0,9100.0,10100.0,Yes,11900.0,741.0,291000.0,159300.0,Education EMI,279000.0,19,Not_Eligible,500.0
38.0,Male,Married,Post Graduate,23900.0,Private,1.8,Startup,Rented,4300.0,5,4,0.0,0.0,2000.0,6400.0,3700.0,Yes,6000.0,679.0,67400.0,16400.0,Education EMI,275000.0,6,Not_Eligible,525.0
38.0,Male,Married,Graduate,78100.0,Government,4.5,Large Indian,Rented,18300.0,3,2,0.0,0.0,6700.0,11800.0,15200.0,Yes,13500.0,689.0,454900.0,185900.0,E-commerce Shopping EMI,47000.0,20,Eligible,4851.0
27.0,Male,Single,Graduate,83100.0,Private,0.5,Large Indian,Family,0.0,2,1,8900.0,0.0,5500.0,17700.0,14200.0,Yes,18700.0,780.0,517200.0,243400.0,Personal Loan EMI,743000.0,30,Not_Eligible,6689.76
32.0,Male,Married,Graduate,68300.0,Private,10.0,Mid-size,Rented,21700.0,3,2,2300.0,0.0,8800.0,16600.0,12600.0,Yes,12900.0,676.0,75300.0,17200.0,Education EMI,105000.0,8,Not_Eligible,500.0
48.0,Female,Married,High School,22300.0,Private,0.8,MNC,Rented,6400.0,3,2,2800.0,0.0,3300.0,4900.0,2600.0,Yes,2900.0,622.0,81600.0,34200.0,Personal Loan EMI,656000.0,55,Not_Eligible,500.0
38.0,Female,Married,Graduate,59000.0,Private,16.0,Large Indian,Own,0.0,3,2,0.0,0.0,8000.0,11100.0,10100.0,Yes,12100.0,575.0,197000.0,94800.0,Vehicle EMI,831000.0,50,Not_Eligible,4956.0
48.0,Male,Married,Graduate,42900.0,Private,2.3,MNC,Rented,14600.0,2,1,0.0,0.0,5500.0,12100.0,2600.0,Yes,10600.0,664.0,327700.0,182400.0,Home Appliances EMI,240000.0,31,Not_Eligible,500.0
58.0,Male,Single,High School,12000.0,Private,36.0,Mid-size,Own,0.0,1,0,0.0,0.0,900.0,2700.0,1300.0,No,0.0,818.0,8600.0,2700.0,Vehicle EMI,1.097e+06,14,Not_Eligible,3408.0
38.0,Male,Single,High School,27600.0,Private,1.1,Startup,Own,0.0,3,2,7100.0,0.0,3000.0,5700.0,1900.0,No,0.0,641.0,81100.0,39800.0,Education EMI,137000.0,23,Not_Eligible,3960.0
32.0,Male,Single,Post Graduate,80100.0,Private,3.4,Mid-size,Rented,25500.0,1,0,0.0,0.0,6500.0,19200.0,7100.0,No,0.0,770.0,109700.0,42100.0,Education EMI,436000.0,47,Not_Eligible,10464.0
27.0,Male,Married,High School,52500.0,Self-employed,0.5,Large Indian,Rented,9600.0,2,1,0.0,0.0,3500.0,11600.0,4100.0,Yes,6400.0,664.0,37000.0,7400.0,Education EMI,305000.0,21,Not_Eligible,4359.6
32.0,Female,Married,Graduate,79500.0,Private,5.3,Small,Rented,27000.0,4,3,0.0,0.0,8100.0,19700.0,7000.0,Yes,9300.0,730.0,557500.0,128300.0,Education EMI,410000.0,26,Not_Eligible,3234.0
58.0,Female,Married,Graduate,40700.0,Private,1.6,MNC,Own,0.0,5,4,12500.0,12500.0,2700.0,7100.0,3500.0,No,0.0,661.0,151500.0,65800.0,Education EMI,486000.0,39,Not_Eligible,1200.0
38.0,Male,Married,High School,27000.0,Private,4.1,Large Indian,Own,0.0,3,2,2100.0,16300.0,3300.0,7800.0,1500.0,No,0.0,681.0,23900.0,7600.0,E-commerce Shopping EMI,135000.0,15,Not_Eligible,500.0
27.0,Male,Single,Graduate,72700.0,Private,0.9,MNC,Rented,18300.0,1,0,0.0,0.0,7400.0,16600.0,14400.0,No,0.0,703.0,371800.0,100000.0,Home Appliances EMI,123000.0,28,Eligible,6400.0
38.0,Female,Married,Post Graduate,45200.0,Private,7.7,Large Indian,Own,0.0,5,4,8000.0,20900.0,4600.0,9600.0,4900.0,No,0.0,724.0,98000.0,28300.0,Vehicle EMI,954000.0,72,Not_Eligible,500.0
38.0,Male,Married,Professional,83900.0,Private,1.3,Mid-size,Own,0.0,5,4,8600.0,0.0,11800.0,14600.0,8800.0,No,0.0,686.0,142200.0,83500.0,E-commerce Shopping EMI,184000.0,20,Eligible,16040.0
38.0,Female,Single,Post Graduate,70800.0,Private,4.5,Large Indian,Family,0.0,3,2,0.0,0.0,9900.0,11100.0,6400.0,Yes,17500.0,595.0,219000.0,100500.0,Vehicle EMI,1.308e+06,39,Not_Eligible,7252.0
38.0,Male,Married,Graduate,57700.0,Private,1.1,Large Indian,Rented,13000.0,2,1,12200.0,5100.0,6200.0,15300.0,7500.0,No,0.0,695.0,375500.0,182400.0,Vehicle EMI,1.245e+06,39,Not_Eligible,500.0
32.0,Female,Single,Graduate,71000.0,Private,1.6,Mid-size,Family,0.0,1,0,0.0,0.0,5700.0,19700.0,14000.0,Yes,19600.0,525.0,82200.0,49200.0,E-commerce Shopping EMI,17000.0,6,Not_Eligible,1680.0
32.0,Male,Married,Graduate,18000.0,Private,0.7,Mid-size,Own,0.0,3,2,3300.0,14800.0,2000.0,4100.0,2400.0,No,0.0,1200.0,134100.0,53200.0,Home Appliances EMI,152000.0,17,Not_Eligible,500.0
27.0,Female,Single,Post Graduate,60500.0,Private,2.6,Mid-size,Own,0.0,1,0,0.0,0.0,7900.0,13000.0,10700.0,Yes,17900.0,739.0,340000.0,75100.0,Education EMI,169000.0,46,Not_Eligible,3850.0
32.0,Male,Married,High School,58600.0,Private,2.0,Large Indian,Rented,16700.0,2,1,2200.0,21700.0,3900.0,14600.0,5400.0,No,0.0,749.0,237500.0,115900.0,E-commerce Shopping EMI,78000.0,15,Not_Eligible,500.0
32.0,Female,Single,Post Graduate,93200.0,Government,6.4,MNC,Rented,30600.0,3,2,11600.0,0.0,13900.0,14300.0,5400.0,No,0.0,762.0,466600.0,158100.0,Education EMI,94000.0,10,High_Risk,11484.0
32.0,Male,Married,High School,17700.0,Private,0.8,Large Indian,Own,0.0,2,1,12800.0,0.0,1000.0,3500.0,2300.0,No,0.0,746.0,60900.0,30200.0,Personal Loan EMI,150000.0,59,Not_Eligible,500.0
48.0,Female,Married,High School,23100.0,Government,26.0,Large Indian,Rented,3600.0,4,3,9500.0,0.0,3500.0,6900.0,3100.0,Yes,6700.0,750.0,111500.0,24400.0,Home Appliances EMI,90000.0,9,Not_Eligible,500.0
27.0,Male,Single,Professional,31100.0,Private,0.5,Mid-size,Rented,8700.0,2,1,6500.0,0.0,4000.0,7800.0,5800.0,No,0.0,743.0,155400.0,71400.0,E-commerce Shopping EMI,106000.0,8,Not_Eligible,500.0
58.0,Male,Married,Post Graduate,26000.0,Private,27.9,Large Indian,Rented,6100.0,3,2,6600.0,23600.0,2000.0,7000.0,3800.0,Yes,6900.0,772.0,126600.0,73100.0,Education EMI,321000.0,22,Not_Eligible,500.0
38.0,Female,Single,Professional,42000.0,Self-employed,1.0,Mid-size,Rented,12500.0,1,0,0.0,0.0,2400.0,9400.0,7300.0,No,0.0,712.0,187900.0,43600.0,Home Appliances EMI,284000.0,13,Not_Eligible,4680.0
38.0,Female,Married,Graduate,57300.0,Private,5.3,Startup,Family,0.0,4,3,0.0,0.0,3200.0,16600.0,9300.0,No,0.0,789.0,317500.0,113500.0,Home Appliances EMI,185000.0,18,Eligible,16920.0
27.0,Male,Single,Professional,23000.0,Private,1.3,Large Indian,Own,0.0,2,1,8300.0,0.0,1700.0,6500.0,3500.0,No,0.0,704.0,106800.0,60700.0,Education EMI,326000.0,37,Not_Eligible,1500.0
48.0,Male,Married,Post Graduate,56400.0,Government,4.0,Large Indian,Rented,9200.0,4,3,0.0,5100.0,3400.0,15100.0,8000.0,Yes,15800.0,577.0,433200.0,212500.0,Home Appliances EMI,218000.0,12,Not_Eligible,500.0
32.0,Male,Married,High School,34200.0,Private,4.7,MNC,Family,0.0,3,2,6200.0,0.0,1800.0,6700.0,5300.0,Yes,6200.0,573.0,172400.0,102800.0,Education EMI,145000.0,34,Not_Eligible,2240.0
27.0,Male,Single,Graduate,51200.0,Self-employed,1.2,Mid-size,Rented,9200.0,3,2,0.0,6500.0,5400.0,10400.0,10200.0,No,0.0,576.0,108200.0,51400.0,Personal Loan EMI,724000.0,19,Not_Eligible,3420.0
32.0,Female,Single,Professional,118300.0,Private,1.9,Startup,Family,0.0,1,0,0.0,0.0,12000.0,27800.0,21100.0,Yes,33400.0,546.0,206100.0,94700.0,E-commerce Shopping EMI,167000.0,14,Not_Eligible,3360.0
27.0,Male,Single,Post Graduate,93100.0,Private,0.6,Small,Own,0.0,3,2,0.0,0.0,12300.0,24200.0,9900.0,Yes,23800.0,828.0,437200.0,118800.0,Home Appliances EMI,147000.0,11,Not_Eligible,7694.4
27.0,Male,Married,Professional,80800.0,Self-employed,2.4,Mid-size,Rented,18700.0,3,2,0.0,0.0,6800.0,13800.0,6400.0,Yes,18000.0,656.0,587600.0,321700.0,E-commerce Shopping EMI,23000.0,16,Eligible,5925.15
32.0,Male,Married,Post Graduate,45800.0,Private,7.2,MNC,Family,0.0,3,2,6600.0,0.0,6100.0,9900.0,7700.0,No,0.0,700.0,241300.0,59700.0,Home Appliances EMI,243000.0,23,Not_Eligible,7750.0
27.0,Male,Married,High School,38800.0,Government,1.2,MNC,Rented,11500.0,4,3,2200.0,0.0,2000.0,8100.0,4700.0,No,0.0,763.0,165600.0,36500.0,Vehicle EMI,378000.0,12,Not_Eligible,6180.0
32.0,male,Married,Post Graduate,60900.0,Private,3.3,Large Indian,Family,0.0,4,3,8600.0,0.0,8500.0,10900.0,4300.0,Yes,12000.0,702.0,269300.0,148500.0,Vehicle EMI,81000.0,28,Eligible,5810.0
48.0,Female,Married,Graduate,19800.0,Government,0.5,Mid-size,Rented,3600.0,2,1,6900.0,18500.0,1500.0,5400.0,1200.0,No,0.0,1200.0,66300.0,27800.0,E-commerce Shopping EMI,175000.0,12,Not_Eligible,500.0
48.0,Female,Married,Professional,71500.0,Government,2.9,MNC,Family,0.0,5,4,9600.0,0.0,9200.0,11400.0,11100.0,Yes,21300.0,690.0,223100.0,133600.0,E-commerce Shopping EMI,35000.0,3,Not_Eligible,3115.0
38.0,Male,Married,High School,51800.0,Private,4.5,Large Indian,Family,0.0,4,3,8100.0,0.0,2900.0,8100.0,5600.0,Yes,12400.0,727.0,90200.0,37600.0,E-commerce Shopping EMI,18000.0,7,Eligible,4116.0
38.0,Male,Married,Graduate,54100.0,Private,6.5,MNC,Rented,,2,1,0.0,0.0,3300.0,12700.0,3800.0,No,0.0,739.0,108800.0,22200.0,Home Appliances EMI,249000.0,23,Not_Eligible,8100.0
48.0,Male,Married,Graduate,82900.0,Private,6.7,Startup,Family,0.0,3,2,0.0,10000.0,10900.0,17200.0,9400.0,No,0.0,735.0,621900.0,256100.0,E-commerce Shopping EMI,25000.0,11,Eligible,19470.0
38.0,Male,Married,Graduate,25000.0,Private,3.7,Mid-size,Rented,7600.0,2,1,3400.0,0.0,1700.0,7200.0,3900.0,Yes,3800.0,660.0,42300.0,24800.0,Education EMI,155000.0,22,Not_Eligible,500.0
38.0,Female,Married,Professional,113900.0,Government,7.9,Mid-size,Own,0.0,4,3,10400.0,15200.0,11600.0,24200.0,19400.0,Yes,19900.0,757.0,135000.0,30500.0,Vehicle EMI,809000.0,59,Not_Eligible,4878.72
27.0,Male,Married,Post Graduate,48900.0,Private,0.5,Large Indian,Own,0.0,3,2,0.0,0.0,6000.0,9300.0,7700.0,Yes,14000.0,618.0,222900.0,94100.0,Vehicle EMI,540000.0,40,Not_Eligible,2665.6
32.0,Female,Single,Graduate,35500.0,Self-employed,4.9,MNC,Rented,11400.0,3,2,9300.0,0.0,4400.0,9500.0,4700.0,No,0.0,698.0,50000.0,24600.0,Personal Loan EMI,566000.0,15,Not_Eligible,500.0
27.0,Male,Single,High School,46800.0,Private,1.0,Mid-size,Rented,10800.0,3,2,14400.0,17100.0,4300.0,11000.0,4000.0,No,0.0,649.0,79100.0,41700.0,Personal Loan EMI,60000.0,34,Not_Eligible,500.0
38.0,Female,Married,Graduate,104800.0,Government,2.6,Startup,Rented,27000.0,3,2,0.0,0.0,15600.0,18000.0,9100.0,No,0.0,850.0,119200.0,71100.0,Home Appliances EMI,50000.0,17,Eligible,16848.0
32.0,Female,Single,Graduate,24600.0,Private,0.5,MNC,Rented,6400.0,2,1,0.0,0.0,2600.0,4700.0,2800.0,Yes,6800.0,638.0,170700.0,78000.0,Home Appliances EMI,56000.0,12,Not_Eligible,500.0
27.0,Male,Married,Graduate,35600.0,Government,0.9,Mid-size,Rented,8100.0,2,1,0.0,9900.0,4400.0,10600.0,4200.0,Yes,9200.0,707.0,45100.0,11900.0,Home Appliances EMI,292000.0,20,Not_Eligible,500.0
38.0,Female,Married,Graduate,45000.0,Private,11.0,Large Indian,Family,0.0,4,3,11100.0,0.0,3300.0,9200.0,4300.0,Yes,12300.0,721.0,306700.0,72300.0,Home Appliances EMI,92000.0,34,Not_Eligible,1848.0
32.0,Female,Married,Graduate,56600.0,Government,10.0,Mid-size,Own,0.0,2,1,0.0,5700.0,6100.0,15700.0,5200.0,No,0.0,816.0,122000.0,53500.0,Personal Loan EMI,763000.0,49,Not_Eligible,15774.0
32.0,Female,Single,Graduate,67500.0,Private,1.7,Mid-size,Rented,20200.0,2,1,9000.0,19500.0,7200.0,17600.0,3900.0,No,0.0,767.0,187800.0,84700.0,Vehicle EMI,1.459e+06,45,Not_Eligible,500.0
38.0,Female,Married,Post Graduate,28800.0,Private,10.1,MNC,Family,0.0,4,3,0.0,6700.0,2000.0,5600.0,3600.0,No,0.0,643.0,202100.0,59400.0,Education EMI,213000.0,44,Not_Eligible,4796.0
32.0,Male,Married,Professional,70200.0,Private,0.5,Mid-size,Family,0.0,5,4,7400.0,0.0,9000.0,14100.0,9800.0,No,0.0,725.0,416700.0,84800.0,Vehicle EMI,213000.0,54,Eligible,11960.0
27.0,Female,Single,Post Graduate,143400.0,Private,0.5,MNC,Own,0.0,1,0,0.0,0.0,21100.0,41000.0,18300.0,Yes,39500.0,752.0,274300.0,91300.0,Home Appliances EMI,97000.0,22,Eligible,6316.8
27.0,Male,Single,Graduate,61800.0,Government,0.5,Startup,Family,0.0,3,2,14300.0,22100.0,7800.0,16800.0,4700.0,No,0.0,668.0,117400.0,65500.0,Personal Loan EMI,747000.0,25,Not_Eligible,500.0
32.0,Male,Married,Graduate,75300.0,Private,4.8,MNC,Own,0.0,5,4,5700.0,18800.0,10800.0,19800.0,12100.0,No,0.0,698.0,219700.0,73300.0,Home Appliances EMI,201000.0,19,Not_Eligible,4050.0
48.0,Female,Single,Graduate,34200.0,Private,0.5,Large Indian,Own,0.0,2,1,9700.0,0.0,5100.0,10100.0,3800.0,No,0.0,689.0,93100.0,30100.0,Education EMI,115000.0,46,Not_Eligible,2200.0
38.0,Male,Single,Post Graduate,64000.0,Private,4.4,Mid-size,Rented,14300.0,2,1,5300.0,8500.0,7900.0,13100.0,12200.0,No,0.0,666.0,157900.0,51600.0,E-commerce Shopping EMI,194000.0,21,Not_Eligible,1350.0
27.0,Male,Single,Post Graduate,89100.0,Private,0.6,Large Indian,Family,0.0,3,2,0.0,0.0,9600.0,16400.0,12000.0,No,0.0,659.0,660300.0,372100.0,E-commerce Shopping EMI,78000.0,5,Eligible,22484.0
32.0,Male,Married,Post Graduate,61400.0,Self-employed,2.2,Mid-size,Family,0.0,3,2,0.0,0.0,7400.0,10400.0,10200.0,No,0.0,630.0,193900.0,77300.0,Vehicle EMI,1.045e+06,63,Not_Eligible,12024.0
38.0,Female,Married,Graduate,34200.0,Private,2.9,Mid-size,Rented,11700.0,4,3,3300.0,0.0,3800.0,9300.0,5600.0,No,0.0,719.0,227500.0,115400.0,E-commerce Shopping EMI,12000.0,8,Not_Eligible,500.0
38.0,Male,Married,Graduate,28500.0,Private,6.6,Large Indian,Rented,7800.0,3,2,7900.0,0.0,1600.0,5600.0,5000.0,No,0.0,660.0,191200.0,74800.0,Vehicle EMI,478000.0,18,Not_Eligible,500.0
32.0,Male,Single,Post Graduate,79300.0,Private,0.6,Large Indian,Rented,24400.0,2,1,12300.0,0.0,6100.0,13500.0,15100.0,No,0.0,698.0,139600.0,36900.0,Vehicle EMI,81000.0,19,Not_Eligible,2528.0
32.0,Male,Married,High School,35800.0,Private,3.4,Large Indian,Rented,7700.0,2,1,0.0,0.0,2600.0,6400.0,6400.0,No,0.0,784.0,37000.0,11200.0,Home Appliances EMI,168000.0,30,Not_Eligible,6096.0
32.0,Male,Single,Post Graduate,79300.0,Private,0.9,Startup,Rented,16000.0,3,2,11600.0,0.0,8400.0,21500.0,7500.0,No,0.0,772.0,77300.0,42400.0,Home Appliances EMI,188000.0,26,Not_Eligible,5491.2
38.0,Male,Married,Professional,67800.0,Private,3.4,Mid-size,Own,0.0,3,2,0.0,0.0,4400.0,17600.0,9900.0,No,0.0,645.0,265200.0,80500.0,Vehicle EMI,923000.0,65,Not_Eligible,14360.0
32.0,Female,Single,Graduate,37500.0,Government,1.6,Large Indian,Family,0.0,1,0,0.0,0.0,3800.0,6500.0,7000.0,No,0.0,736.0,192600.0,101000.0,E-commerce Shopping EMI,44000.0,21,Eligible,10100.0
32.0,M,Married,Graduate,34100.0,Private,0.8,Large Indian,Family,0.0,3,2,0.0,0.0,3000.0,7600.0,5800.0,No,0.0,718.0,72600.0,23300.0,E-commerce Shopping EMI,146000.0,22,Not_Eligible,7080.0
58.0,Male,Married,Post Graduate,26000.0,Private,9.7,Small,Family,0.0,2,1,5200.0,0.0,3600.0,6800.0,4200.0,No,0.0,675.0,41800.0,20100.0,E-commerce Shopping EMI,169000.0,12,Not_Eligible,2480.0
48.0,Male,Married,Graduate,60400.0,Government,26.0,Startup,Own,0.0,3,2,0.0,0.0,6000.0,14200.0,11800.0,Yes,11800.0,730.0,309500.0,119800.0,E-commerce Shopping EMI,95000.0,24,Eligible,6391.0
38.0,Female,Married,Graduate,55000.0,Self-employed,4.2,MNC,Rented,17900.0,2,1,13100.0,0.0,6600.0,16200.0,10600.0,No,0.0,631.0,380100.0,147100.0,Personal Loan EMI,618000.0,16,Not_Eligible,500.0
38.0,Male,Married,Graduate,56800.0,Government,10.1,MNC,Rented,16300.0,4,3,13500.0,0.0,3400.0,14200.0,8900.0,Yes,11700.0,850.0,240200.0,63000.0,E-commerce Shopping EMI,48000.0,7,Not_Eligible,500.0
58.0,Female,Single,Graduate,117400.0,Private,10.0,Mid-size,Own,0.0,3,2,5400.0,12700.0,9200.0,26300.0,20400.0,Yes,17600.0,594.0,115700.0,50900.0,Education EMI,231000.0,27,Not_Eligible,5779.2
38.0,Female,Married,Graduate,79700.0,Private,4.1,MNC,Rented,25900.0,2,1,9900.0,0.0,5100.0,13100.0,12600.0,No,0.0,627.0,78200.0,23800.0,Personal Loan EMI,446000.0,29,Not_Eligible,4192.0
48.0,Male,Married,Graduate,58600.0,Government,1.0,MNC,Own,0.0,5,4,13400.0,17200.0,6000.0,17300.0,7000.0,No,0.0,688.0,33200.0,12800.0,E-commerce Shopping EMI,66000.0,11,Not_Eligible,500.0
38.0,Male,Married,Graduate,45800.0,Private,6.0,Startup,Rented,7000.0,2,1,8900.0,0.0,4800.0,13000.0,7800.0,Yes,9200.0,758.0,27500.0,,Home Appliances EMI,130000.0,14,Not_Eligible,500.0
38.0,Female,Married,Graduate,72000.0,Private,2.2,MNC,Own,0.0,2,1,14000.0,0.0,6100.0,18800.0,13700.0,Yes,13400.0,673.0,126200.0,68600.0,Personal Loan EMI,359000.0,18,Not_Eligible,1680.0
32.0,Male,Single,Graduate,46900.0,Private,8.8,Large Indian,Own,0.0,2,1,9300.0,0.0,6300.0,11300.0,8100.0,No,0.0,655.0,63800.0,36400.0,Education EMI,355000.0,37,Not_Eligible,4760.0
38.0,Male,Married,Graduate,44100.0,Private,8.6,Startup,Rented,12900.0,3,2,4900.0,0.0,6300.0,11400.0,6000.0,No,0.0,728.0,123700.0,40300.0,Home Appliances EMI,116000.0,22,Not_Eligible,1300.0
32.0,Male,Married,Graduate,24000.0,Private,7.8,MNC,Rented,4600.0,5,4,9300.0,0.0,1900.0,6100.0,2400.0,No,0.0,752.0,182100.0,54000.0,Vehicle EMI,123000.0,26,Not_Eligible,500.0
58.0,Female,Married,Post Graduate,84300.0,Private,32.6,Mid-size,Rented,12900.0,4,3,7500.0,0.0,7800.0,24400.0,11000.0,Yes,11900.0,850.0,285100.0,162700.0,Education EMI,57000.0,17,Not_Eligible,3696.0
32.0,Female,Single,Graduate,71600.0,Private,6.7,Startup,Family,0.0,2,1,12800.0,0.0,5400.0,19400.0,9500.0,Yes,10000.0,734.0,40100.0,11900.0,Vehicle EMI,1.485e+06,65,Not_Eligible,4060.0
38.0,Male,Married,High School,24600.0,Private,3.7,Small,Own,0.0,2,1,14900.0,0.0,2500.0,4100.0,2000.0,Yes,6200.0,574.0,80800.0,41500.0,Personal Loan EMI,266000.0,38,Not_Eligible,500.0
32.0,Female,Single,Post Graduate,93200.0,Private,0.7,Mid-size,Family,0.0,2,1,2900.0,5900.0,7700.0,17500.0,10700.0,No,0.0,790.0,426700.0,97700.0,E-commerce Shopping EMI,45000.0,3,Eligible,23280.0
32.0,Male,Single,Graduate,44300.0,Private,7.8,Mid-size,Rented,12900.0,1,0,0.0,0.0,5800.0,7500.0,8500.0,No,0.0,666.0,65200.0,17400.0,Personal Loan EMI,317000.0,14,Not_Eligible,3840.0
38.0,Female,Married,Post Graduate,85200.0,Private,6.3,Large Indian,Rented,18800.0,2,1,14900.0,0.0,9700.0,13200.0,12800.0,No,0.0,823.0,453200.0,208700.0,Vehicle EMI,408000.0,52,Not_Eligible,9480.0
27.0,Male,Married,Graduate,52400.0,Private,5.0,MNC,Own,0.0,3,2,8200.0,0.0,3800.0,10900.0,3900.0,Yes,10200.0,716.0,364800.0,180400.0,Personal Loan EMI,336000.0,35,Not_Eligible,5929.0
32.0,Male,Married,Professional,64900.0,Self-employed,5.9,Startup,Rented,14000.0,3,2,8400.0,0.0,6000.0,15200.0,5800.0,No,0.0,761.0,206900.0,62700.0,Home Appliances EMI,39000.0,13,Eligible,8370.0
38.0,M,Married,High School,39100.0,Private,1.0,MNC,Rented,8600.0,4,3,11400.0,0.0,3400.0,10600.0,2900.0,No,0.0,636.0,150000.0,80000.0,Personal Loan EMI,466000.0,34,Not_Eligible,880.0
48.0,Female,Single,Graduate,47200.0,Private,8.0,Large Indian,Own,0.0,2,1,13000.0,0.0,2900.0,13900.0,9300.0,Yes,12200.0,616.0,266600.0,152500.0,Vehicle EMI,977000.0,72,Not_Eligible,500.0
32.0,Male,Married,Post Graduate,58100.0,Government,2.9,MNC,Rented,13200.0,3,2,11900.0,14100.0,8200.0,15000.0,6800.0,Yes,10800.0,765.0,418300.0,108200.0,Education EMI,286000.0,34,Not_Eligible,500.0
38.0,Male,Single,Post Graduate,41942.0,Private,1.9,Mid-size,Rented,9400.0,3,2,5400.0,0.0,5900.0,10800.0,3200.0,No,0.0,648.0,164900.0,60500.0,Vehicle EMI,646000.0,73,Not_Eligible,3160.0
27.0,Male,Single,Graduate,40000.0,Private,2.1,MNC,Own,0.0,1,0,0.0,0.0,4900.0,11100.0,7300.0,No,0.0,652.0,71800.0,15900.0,E-commerce Shopping EMI,58000.0,5,Not_Eligible,6680.0
38.0,Male,Married,Graduate,71700.0,Private,1.0,MNC,Rented,20800.0,4,3,9300.0,0.0,7300.0,19900.0,7800.0,No,0.0,601.0,157000.0,47300.0,Personal Loan EMI,576000.0,46,Not_Eligible,2640.0
58.0,Male,Married,Professional,108900.0,Private,13.3,Large Indian,Rented,33300.0,3,2,0.0,9300.0,6100.0,17000.0,10500.0,No,0.0,799.0,185500.0,87100.0,Education EMI,438000.0,26,Not_Eligible,15696.0
32.0,Male,Married,High School,57000.0,Private,1.8,MNC,Own,0.0,5,4,10800.0,0.0,8400.0,14300.0,8100.0,Yes,6600.0,597.0,52900.0,11200.0,Vehicle EMI,1.018e+06,78,Not_Eligible,1971.2
32.0,Female,Married,Post Graduate,61200.0,Private,0.5,Startup,Rented,17900.0,3,2,0.0,0.0,8100.0,16800.0,7200.0,No,0.0,637.0,358800.0,151200.0,Personal Loan EMI,99000.0,54,Eligible,3584.0
32.0,Male,Single,Professional,72500.0,Private,0.5,Mid-size,Own,0.0,3,2,0.0,0.0,10200.0,15800.0,4800.0,No,0.0,690.0,556400.0,283600.0,Home Appliances EMI,260000.0,11,Not_Eligible,18348.0
38.0,Male,Married,Post Graduate,52600.0,Private,6.3,Mid-size,Rented,17500.0,3,2,0.0,0.0,3700.0,7900.0,4600.0,No,0.0,709.0,,63000.0,E-commerce Shopping EMI,134000.0,22,Eligible,9450.0
58.0,Female,Single,High School,48100.0,Private,36.0,Mid-size,Rented,8900.0,1,0,0.0,0.0,4800.0,13900.0,6400.0,No,0.0,700.0,89900.0,46100.0,Home Appliances EMI,292000.0,19,Not_Eligible,5640.0
58.0,Male,Married,Post Graduate,37400.0,Government,2.0,MNC,Rented,11500.0,3,2,5700.0,0.0,4800.0,8300.0,7100.0,Yes,7800.0,742.0,233400.0,139600.0,Education EMI,239000.0,47,Not_Eligible,500.0
38.0,Male,Married,Graduate,47200.0,Private,15.6,Startup,Rented,9700.0,4,3,7300.0,0.0,5800.0,10700.0,7000.0,Yes,7100.0,632.0,110200.0,56400.0,Education EMI,64000.0,36,Not_Eligible,500.0
38.0,Male,Married,Graduate,41200.0,Private,2.2,Large Indian,Family,0.0,4,3,0.0,0.0,6100.0,11300.0,5900.0,Yes,8000.0,742.0,272500.0,105900.0,E-commerce Shopping EMI,31000.0,11,Eligible,3811.5
32.0,Male,Single,Professional,30000.0,Government,1.9,Mid-size,Own,0.0,3,2,0.0,0.0,1800.0,5700.0,4600.0,No,0.0,660.0,18400.0,9400.0,Vehicle EMI,1.459e+06,58,Not_Eligible,7160.0
32.0,Male,Married,Graduate,20000.0,Private,3.4,MNC,Own,0.0,2,1,0.0,0.0,2500.0,3800.0,2500.0,Yes,5500.0,714.0,87500.0,20200.0,Home Appliances EMI,87000.0,12,Not_Eligible,1995.0
58.0,Male,Married,High School,49100.0,Private,16.6,Large Indian,Own,0.0,5,4,0.0,0.0,4200.0,9000.0,8700.0,No,0.0,757.0,98200.0,39700.0,Home Appliances EMI,223000.0,24,Eligible,16320.0
32.0,Male,Married,Graduate,28600.0,Government,7.0,Large Indian,Family,0.0,3,2,7300.0,16200.0,4000.0,5900.0,2800.0,No,0.0,771.0,128100.0,27000.0,Home Appliances EMI,226000.0,29,Not_Eligible,500.0
38.0,Male,Married,Graduate,20400.0,Private,2.1,Large Indian,Rented,5300.0,4,3,9600.0,0.0,2900.0,5900.0,1600.0,Yes,2100.0,589.0,30000.0,10900.0,Home Appliances EMI,281000.0,19,Not_Eligible,500.0
58.0,Male,Married,Graduate,109600.0,Private,23.0,Mid-size,Rented,22500.0,2,1,2600.0,9600.0,14200.0,21900.0,11500.0,No,0.0,671.0,232100.0,131300.0,Home Appliances EMI,102000.0,19,Eligible,13650.0
58.0,Male,Single,Graduate,18000.0,Government,8.9,Large Indian,Family,0.0,2,1,9300.0,0.0,1100.0,4500.0,2900.0,No,0.0,731.0,114100.0,63700.0,Home Appliances EMI,161000.0,11,Not_Eligible,500.0
38.0,Female,Married,Graduate,111700.0,Self-employed,7.4,Mid-size,Family,0.0,4,3,12800.0,0.0,9000.0,21700.0,18800.0,Yes,28300.0,683.0,775100.0,359000.0,Personal Loan EMI,548000.0,55,Not_Eligible,7311.15
32.0,Male,Single,Professional,110900.0,Government,4.1,Startup,Own,0.0,1,0,0.0,0.0,8100.0,29500.0,14800.0,Yes,16000.0,761.0,215300.0,75700.0,Education EMI,175000.0,25,Eligible,15708.0
38.0,Male,Married,Graduate,75300.0,Private,3.6,Small,Family,0.0,3,2,12900.0,23800.0,9100.0,18600.0,4100.0,Yes,8000.0,655.0,519700.0,202700.0,Personal Loan EMI,311000.0,18,Not_Eligible,500.0
27.0,Female,Married,Professional,59600.0,Private,1.8,MNC,Own,0.0,4,3,5400.0,0.0,7400.0,9000.0,6900.0,Yes,16000.0,743.0,298100.0,137400.0,E-commerce Shopping EMI,189000.0,21,Not_Eligible,5215.0
48.0,Male,Married,High School,49300.0,Government,7.5,Startup,Own,0.0,4,3,4700.0,0.0,4600.0,14100.0,7700.0,No,0.0,803.0,37000.0,14600.0,Personal Loan EMI,904000.0,40,Not_Eligible,9609.6
38.0,Male,Married,Professional,22500.0,Private,0.5,Mid-size,Own,0.0,3,2,0.0,21700.0,1600.0,3800.0,3000.0,Yes,4000.0,521.0,130000.0,27100.0,Personal Loan EMI,775000.0,47,Not_Eligible,500.0
38.0,Male,Married,Graduate,49300.0,Private,3.7,Mid-size,Own,0.0,3,2,13500.0,0.0,4400.0,11800.0,3700.0,No,0.0,595.0,272300.0,119800.0,Home Appliances EMI,146000.0,13,Not_Eligible,6360.0
27.0,Male,Married,Post Graduate,53500.0,Private,2.1,Large Indian,Rented,14300.0,4,3,0.0,5300.0,7200.0,13400.0,6200.0,Yes,15400.0,577.0,332300.0,127600.0,Personal Loan EMI,562000.0,28,Not_Eligible,500.0
38.0,Female,Married,High School,72200.0,Government,6.3,MNC,Own,0.0,3,2,0.0,15300.0,7700.0,17300.0,4300.0,Yes,21100.0,742.0,296600.0,177800.0,Home Appliances EMI,131000.0,7,Not_Eligible,2502.5
32.0,Male,Single,Graduate,54600.0,Private,6.1,Large Indian,Rented,15700.0,2,1,0.0,0.0,7700.0,8500.0,8200.0,Yes,8900.0,670.0,409000.0,172400.0,Education EMI,200000.0,18,Not_Eligible,2156.0
38.0,Male,Married,Graduate,74100.0,Private,7.0,MNC,Rented,,3,2,4200.0,0.0,9400.0,18700.0,9600.0,No,0.0,671.0,123500.0,59500.0,Home Appliances EMI,241000.0,14,Not_Eligible,5240.0
32.0,Male,Single,Post Graduate,71900.0,Private,6.7,Mid-size,Rented,24500.0,1,0,0.0,0.0,7900.0,20700.0,8400.0,Yes,12100.0,684.0,150700.0,31600.0,Personal Loan EMI,132000.0,47,Not_Eligible,500.0
27.0,Male,Single,Graduate,36500.0,Private,0.5,MNC,Rented,11200.0,1,0,0.0,0.0,3800.0,8200.0,4800.0,Yes,10600.0,599.0,97900.0,47000.0,E-commerce Shopping EMI,151000.0,23,Not_Eligible,500.0
38.0,Male,Married,High School,29000.0,Private,4.9,Large Indian,Family,0.0,3,2,4000.0,13500.0,2400.0,5600.0,4700.0,No,0.0,553.0,20800.0,6600.0,Home Appliances EMI,31000.0,15,Not_Eligible,500.0
32.0,Male,Married,Professional,76800.0,Government,7.2,Startup,Own,0.0,4,3,13200.0,0.0,8300.0,18300.0,11400.0,Yes,16500.0,687.0,165900.0,64500.0,Vehicle EMI,1.193e+06,35,Not_Eligible,3503.5
58.0,Female,Married,Graduate,41400.0,Private,1.6,Mid-size,Family,0.0,2,1,7200.0,0.0,3100.0,12100.0,6500.0,Yes,9600.0,660.0,118700.0,44200.0,Vehicle EMI,629000.0,77,Not_Eligible,1015.0
32.0,MALE,Married,Graduate,22500.0,Government,3.4,Mid-size,Own,0.0,2,1,8500.0,0.0,2600.0,5100.0,3100.0,Yes,6500.0,684.0,154500.0,39200.0,Personal Loan EMI,229000.0,27,Not_Eligible,500.0
38.0,Female,Married,High School,50300.0,Government,16.0,Large Indian,Rented,13500.0,3,2,0.0,0.0,2900.0,13400.0,9900.0,No,0.0,790.0,96400.0,29600.0,Vehicle EMI,288000.0,26,Not_Eligible,5596.8
38.0,Female,Married,Professional,102000.0,Private,7.0,Small,Family,0.0,4,3,0.0,0.0,11800.0,26200.0,5600.0,Yes,17200.0,679.0,715600.0,379000.0,Personal Loan EMI,109000.0,44,Eligible,15862.0
48.0,Female,Single,High School,72300.0,Private,14.7,MNC,Own,0.0,1,0,0.0,0.0,6600.0,19700.0,8300.0,No,0.0,730.0,533200.0,149600.0,Vehicle EMI,1.305e+06,41,Not_Eligible,20735.0
48.0,Female,Married,Post Graduate,56900.0,Private,7.2,Mid-size,Own,0.0,2,1,8700.0,0.0,5600.0,14500.0,10800.0,No,0.0,700.0,385900.0,102500.0,Education EMI,478000.0,20,Not_Eligible,9515.0
32.0,Male,Married,Graduate,47100.0,Government,2.7,Mid-size,Family,0.0,3,2,5500.0,0.0,2800.0,12400.0,4200.0,Yes,11600.0,692.0,225900.0,63200.0,Home Appliances EMI,249000.0,17,Not_Eligible,3710.0
48.0,Female,Married,Graduate,44900.0,Private,4.5,Large Indian,Rented,7900.0,3,2,14300.0,10800.0,4200.0,7400.0,3000.0,No,0.0,609.0,351200.0,109100.0,Personal Loan EMI,345000.0,30,Not_Eligible,500.0
38.0,Female,Married,Professional,36900.0,Private,3.6,Mid-size,Own,0.0,5,4,0.0,23000.0,4200.0,7100.0,3100.0,Yes,10800.0,641.0,34600.0,7500.0,E-commerce Shopping EMI,171000.0,3,Not_Eligible,500.0
58.0,Male,Married,High School,32800.0,Private,1.4,Mid-size,Rented,5200.0,3,2,14000.0,11300.0,4800.0,6600.0,2000.0,No,0.0,677.0,192700.0,82000.0,Vehicle EMI,1.097e+06,41,Not_Eligible,500.0
38.0,Female,Married,Graduate,51500.0,Private,3.1,MNC,Own,0.0,4,3,0.0,0.0,5900.0,15300.0,5200.0,No,0.0,695.0,401200.0,235100.0,Vehicle EMI,1.189e+06,49,Not_Eligible,13805.0
38.0,Female,Single,High School,66300.0,Private,5.6,Large Indian,Family,0.0,1,0,0.0,0.0,7700.0,13200.0,8300.0,Yes,13100.0,677.0,322300.0,175400.0,Home Appliances EMI,32000.0,21,Eligible,8400.0
38.0,Male,Married,Graduate,46000.0,Private,0.6,MNC,Own,0.0,2,1,11800.0,0.0,5000.0,8400.0,4200.0,No,0.0,577.0,217400.0,105100.0,E-commerce Shopping EMI,172000.0,6,Not_Eligible,5312.0
38.0,Female,Married,Graduate,63800.0,Private,2.6,MNC,Own,0.0,3,2,8800.0,0.0,7700.0,13300.0,5200.0,Yes,13500.0,690.0,377800.0,84700.0,Personal Loan EMI,662000.0,36,Not_Eligible,5355.0
32.0,Female,Married,High School,23300.0,Private,0.5,Large Indian,Rented,7700.0,4,3,6600.0,0.0,3500.0,6900.0,3000.0,No,0.0,637.0,46600.0,13500.0,Education EMI,320000.0,21,Not_Eligible,500.0
48.0,Male,Single,Graduate,24300.0,Private,6.3,Startup,Own,0.0,2,1,11600.0,21000.0,2300.0,5600.0,1400.0,No,0.0,670.0,45600.0,13600.0,Education EMI,74000.0,23,Not_Eligible,500.0
32.0,Female,Married,Professional,52100.0,Government,0.7,Large Indian,Family,0.0,4,3,13800.0,9600.0,3700.0,15000.0,6900.0,Yes,11300.0,673.0,335400.0,161500.0,Home Appliances EMI,151000.0,28,Not_Eligible,500.0
58.0,Male,Married,Professional,51000.0,Private,1.7,Mid-size,Family,0.0,3,2,6800.0,0.0,6700.0,10100.0,7100.0,Yes,5300.0,688.0,244300.0,143100.0,Vehicle EMI,834000.0,40,Not_Eligible,5250.0
32.0,Male,Married,Graduate,32100.0,Private,4.4,MNC,Rented,8600.0,3,2,2100.0,12800.0,1700.0,9300.0,2700.0,Yes,8500.0,701.0,118100.0,66100.0,Education EMI,456000.0,31,Not_Eligible,500.0
38.0,Male,Married,Post Graduate,54400.0,Private,3.3,Mid-size,Own,0.0,4,3,0.0,0.0,7000.0,12900.0,8200.0,No,0.0,615.0,363600.0,202600.0,Vehicle EMI,1.427e+06,76,Not_Eligible,11572.0
32.0,Female,Married,Post Graduate,86700.0,Self-employed,2.9,Large Indian,Rented,23700.0,5,4,0.0,0.0,12800.0,23500.0,6700.0,Yes,9700.0,693.0,68500.0,28000.0,Vehicle EMI,767000.0,16,Not_Eligible,2595.6
58.0,Male,Married,Graduate,25200.0,Private,0.9,MNC,Rented,4800.0,3,2,8000.0,23200.0,3500.0,7200.0,3100.0,No,0.0,688.0,160100.0,67400.0,E-commerce Shopping EMI,139000.0,21,Not_Eligible,500.0
38.0,Male,Married,Graduate,86000.0,Private,15.2,MNC,Family,0.0,2,1,0.0,19300.0,6300.0,19400.0,10800.0,No,0.0,767.0,56100.0,17900.0,E-commerce Shopping EMI,161000.0,11,Not_Eligible,14496.0
38.0,Female,Married,Post Graduate,53700.0,Private,15.0,MNC,Rented,13100.0,3,2,9900.0,7200.0,2700.0,8400.0,9300.0,Yes,13300.0,686.0,231200.0,123800.0,Home Appliances EMI,142000.0,35,Not_Eligible,500.0
48.0,Male,Single,High School,36500.0,Private,22.9,Large Indian,Own,0.0,2,1,14700.0,0.0,2800.0,9200.0,5200.0,No,0.0,739.0,154400.0,91800.0,Education EMI,153000.0,48,Not_Eligible,2300.0
38.0,Female,Married,Graduate,5321.0,Government,2.0,MNC,Own,0.0,4,3,0.0,11300.0,6000.0,9100.0,7700.0,No,0.0,712.0,151100.0,77500.0,Personal Loan EMI,532000.0,23,Not_Eligible,6100.0
48.0,Male,Married,Graduate,34000.0,Private,1.0,MNC,Family,0.0,5,4,0.0,0.0,4500.0,9000.0,6000.0,No,0.0,786.0,181200.0,36700.0,Vehicle EMI,829000.0,18,Not_Eligible,8700.0
27.0,Male,Single,High School,19600.0,Government,0.7,MNC,Rented,3500.0,3,2,0.0,0.0,2500.0,5200.0,2600.0,No,0.0,727.0,52200.0,28800.0,Education EMI,336000.0,44,Not_Eligible,2900.0
38.0,Male,Married,Post Graduate,65400.0,Private,4.5,Large Indian,Rented,19900.0,3,2,0.0,0.0,6500.0,16800.0,4600.0,No,0.0,723.0,462500.0,262900.0,Home Appliances EMI,297000.0,33,Not_Eligible,9680.0
38.0,Male,Married,Post Graduate,19500.0,Self-employed,3.1,Large Indian,Rented,6400.0,5,4,2200.0,0.0,1000.0,5600.0,2700.0,Yes,5100.0,634.0,110600.0,61200.0,Home Appliances EMI,121000.0,33,Not_Eligible,500.0
27.0,Female,Married,Post Graduate,96500.0,Government,1.4,Mid-size,Family,0.0,3,2,13400.0,0.0,7900.0,22600.0,8100.0,No,0.0,741.0,163300.0,96000.0,Education EMI,269000.0,12,Not_Eligible,17800.0
27.0,Male,Married,Graduate,92300.0,Private,0.5,MNC,Rented,27800.0,5,4,4900.0,0.0,9500.0,15400.0,12600.0,No,0.0,656.0,280400.0,133400.0,Home Appliances EMI,250000.0,22,Not_Eligible,8840.0
27.0,Female,Single,Professional,38000.0,Private,0.8,Large Indian,Rented,10900.0,3,2,10000.0,0.0,4400.0,6400.0,5700.0,Yes,6100.0,676.0,59500.0,31400.0,Home Appliances EMI,207000.0,15,Not_Eligible,500.0
27.0,Male,Single,Graduate,22000.0,Private,3.0,MNC,Rented,3500.0,2,1,0.0,0.0,3200.0,6100.0,1500.0,Yes,5600.0,586.0,99300.0,51000.0,Personal Loan EMI,901000.0,37,Not_Eligible,588.0
32.0,Male,Married,Post Graduate,42600.0,Private,4.8,MNC,Own,0.0,4,3,4000.0,0.0,5000.0,12100.0,6400.0,Yes,10300.0,583.0,285700.0,171400.0,Personal Loan EMI,613000.0,32,Not_Eligible,1478.4
32.0,Male,Married,Graduate,77100.0,Private,4.6,Mid-size,Rented,20800.0,4,3,0.0,15700.0,10800.0,11900.0,4100.0,Yes,13500.0,664.0,452700.0,102700.0,Education EMI,328000.0,9,Not_Eligible,500.0
27.0,Male,Single,Graduate,72700.0,Private,0.5,Large Indian,Rented,22600.0,1,0,0.0,0.0,7100.0,15200.0,13100.0,Yes,17200.0,686.0,487100.0,172800.0,E-commerce Shopping EMI,180000.0,11,Not_Eligible,500.0
32.0,Female,Single,High School,54100.0,Government,10.0,Large Indian,Rented,12100.0,2,1,5700.0,0.0,4200.0,11800.0,10400.0,Yes,6600.0,750.0,161900.0,43900.0,Personal Loan EMI,871000.0,37,Not_Eligible,1524.6
32.0,Female,Married,Professional,126700.0,Private,0.5,Mid-size,Rented,26200.0,3,2,0.0,13500.0,7300.0,34400.0,23000.0,Yes,15200.0,684.0,666900.0,322800.0,Education EMI,401000.0,38,Not_Eligible,1988.0
58.0,Female,Married,Post Graduate,19500.0,Government,5.5,Large Indian,Own,0.0,3,2,0.0,24900.0,2100.0,4200.0,1300.0,No,0.0,800.0,49200.0,22800.0,Education EMI,465000.0,28,Not_Eligible,500.0
27.0,Female,Married,Professional,30000.0,Self-employed,2.3,Mid-size,Own,0.0,4,3,3000.0,0.0,2600.0,5000.0,4900.0,No,0.0,682.0,39400.0,9700.0,Vehicle EMI,438000.0,17,Not_Eligible,5220.0
38.0,Female,Married,High School,31100.0,Private,2.9,Startup,Rented,10700.0,4,3,6000.0,0.0,2100.0,5100.0,2200.0,Yes,5900.0,656.0,233100.0,121300.0,Vehicle EMI,123000.0,65,Not_Eligible,500.0
27.0,Male,Married,Graduate,76000.0,Government,1.6,Large Indian,Rented,12700.0,3,2,0.0,0.0,8900.0,19100.0,13400.0,No,0.0,829.0,450700.0,192300.0,Education EMI,96000.0,18,Eligible,13140.0
38.0,Female,Married,Graduate,57900.0,Government,11.5,Mid-size,Rented,9700.0,3,2,8100.0,14700.0,4000.0,11700.0,9300.0,Yes,10400.0,724.0,222800.0,75100.0,Home Appliances EMI,189000.0,30,Not_Eligible,500.0
48.0,Male,Married,Professional,52700.0,Private,5.1,Mid-size,Family,0.0,3,2,2100.0,0.0,7700.0,14300.0,6300.0,Yes,10800.0,746.0,211100.0,116700.0,Personal Loan EMI,65000.0,18,Not_Eligible,4025.0
27.0,Female,Married,Post Graduate,112800.0,Private,2.1,Startup,Family,0.0,3,2,0.0,0.0,15800.0,31900.0,16000.0,Yes,16000.0,776.0,151400.0,87900.0,Home Appliances EMI,249000.0,21,Not_Eligible,11121.6
27.0,Female,Married,Professional,49100.0,Private,2.1,Large Indian,Rented,16900.0,4,3,0.0,0.0,6000.0,12100.0,6800.0,No,0.0,643.0,276900.0,127500.0,Personal Loan EMI,250000.0,55,Not_Eligible,2920.0
32.0,Female,Married,Graduate,65600.0,Private,3.4,Small,Rented,11400.0,3,2,7400.0,21300.0,4800.0,11300.0,6000.0,No,0.0,588.0,315100.0,88400.0,Education EMI,431000.0,34,Not_Eligible,1360.0
27.0,Male,Single,High School,49100.0,Private,1.5,Large Indian,Own,0.0,1,0,0.0,0.0,4000.0,14000.0,9600.0,No,0.0,645.0,27400.0,10000.0,Home Appliances EMI,55000.0,21,Eligible,6880.0
32.0,Male,Single,Graduate,37900.0,Private,0.6,Mid-size,Family,0.0,1,0,0.0,0.0,3100.0,6200.0,6500.0,No,0.0,705.0,265000.0,105900.0,Personal Loan EMI,217000.0,29,High_Risk,9724.0
38.0,Male,Married,Graduate,21900.0,Private,2.1,Startup,Family,0.0,3,2,0.0,0.0,2900.0,6500.0,2000.0,Yes,5000.0,652.0,81900.0,30000.0,Personal Loan EMI,351000.0,58,Not_Eligible,1925.0
32.0,Male,Married,Graduate,35300.0,Private,1.6,Mid-size,Family,0.0,2,1,8500.0,0.0,2500.0,9500.0,5400.0,No,0.0,708.0,40500.0,9200.0,Vehicle EMI,272000.0,24,Not_Eligible,3760.0
48.0,Male,Married,Professional,62700.0,Private,11.1,Mid-size,Own,0.0,3,2,8000.0,0.0,3300.0,15800.0,10300.0,Yes,6700.0,708.0,178000.0,86200.0,Home Appliances EMI,101000.0,13,Not_Eligible,6510.0
48.0,Male,Married,Graduate,66200.0,Private,18.5,Startup,Family,0.0,3,2,13800.0,0.0,5600.0,17800.0,5800.0,Yes,17300.0,645.0,463500.0,196500.0,Education EMI,429000.0,16,Not_Eligible,1817.2
38.0,Female,Married,Graduate,18000.0,Private,1.4,MNC,Own,0.0,3,2,8900.0,7500.0,1500.0,3700.0,1500.0,No,0.0,576.0,72700.0,18700.0,Vehicle EMI,961000.0,12,Not_Eligible,500.0
38.0,Male,Single,High School,75200.0,Private,3.0,Mid-size,Family,0.0,1,0,0.0,0.0,9500.0,20900.0,6100.0,Yes,14400.0,603.0,201000.0,102000.0,Personal Loan EMI,481000.0,50,Not_Eligible,6804.0
38.0,Female,Married,Post Graduate,51800.0,Private,1.2,Mid-size,Own,0.0,5,4,0.0,0.0,2900.0,9200.0,6600.0,No,0.0,638.0,398600.0,221700.0,Personal Loan EMI,821000.0,46,Not_Eligible,14564.0
27.0,Female,Single,Professional,86100.0,Private,0.9,MNC,Own,0.0,2,1,6000.0,22600.0,8400.0,23500.0,8800.0,Yes,14800.0,582.0,215000.0,44800.0,Education EMI,317000.0,43,Not_Eligible,500.0
58.0,Female,Single,Graduate,29600.0,Private,4.1,Large Indian,Own,0.0,2,1,3200.0,0.0,3100.0,7500.0,5500.0,Yes,7400.0,628.0,99600.0,30400.0,Personal Loan EMI,967000.0,27,Not_Eligible,812.0
27.0,Male,Single,Professional,142900.0,Private,1.3,Large Indian,Own,0.0,1,0,0.0,0.0,10300.0,30600.0,25000.0,No,0.0,601.0,828900.0,210900.0,Education EMI,161000.0,32,Eligible,30800.0
48.0,Female,Married,Graduate,33300.0,Self-employed,4.5,Startup,Rented,10500.0,2,1,0.0,0.0,2900.0,5200.0,4800.0,No,0.0,685.0,126900.0,52000.0,Vehicle EMI,872000.0,48,Not_Eligible,4455.0
27.0,FEMALE,Single,Graduate,61439.0,Private,5.0,Startup,Family,0.0,1,0,0.0,0.0,6700.0,17200.0,12100.0,No,0.0,790.0,386100.0,193200.0,Vehicle EMI,635000.0,42,Not_Eligible,16632.0
48.0,Male,Married,Graduate,44600.0,Government,26.0,MNC,Family,0.0,2,1,0.0,12700.0,4500.0,12300.0,6100.0,No,0.0,759.0,33000.0,19500.0,Vehicle EMI,1.243e+06,30,Not_Eligible,4752.0
58.0,MALE,Married,Graduate,64300.0,Private,0.5,Startup,Rented,14200.0,3,2,3100.0,21000.0,5800.0,14700.0,6500.0,No,0.0,743.0,468100.0,149400.0,Personal Loan EMI,514000.0,13,Not_Eligible,500.0
38.0,Female,Married,Graduate,43500.0,Private,4.7,Startup,Rented,13900.0,4,3,0.0,0.0,4900.0,10800.0,2600.0,No,0.0,738.0,161500.0,64000.0,Vehicle EMI,144000.0,73,Eligible,5650.0
38.0,Female,Married,Graduate,72800.0,Private,14.3,Large Indian,Rented,11800.0,3,2,0.0,0.0,6600.0,15900.0,14400.0,No,0.0,731.0,524800.0,280700.0,Vehicle EMI,949000.0,67,Not_Eligible,13255.0
48.0,Male,Married,Post Graduate,62700.0,Private,4.3,MNC,Own,0.0,3,2,12200.0,24000.0,4800.0,11400.0,11900.0,No,0.0,749.0,56700.0,12300.0,E-commerce Shopping EMI,148000.0,16,Not_Eligible,500.0
48.0,Female,Married,High School,19000.0,Government,2.9,MNC,Rented,4700.0,3,2,11000.0,0.0,2000.0,3300.0,2400.0,No,0.0,790.0,84700.0,23500.0,Home Appliances EMI,261000.0,33,Not_Eligible,500.0
48.0,Male,Married,Professional,85400.0,Government,6.3,MNC,Own,0.0,3,2,10500.0,0.0,11400.0,21100.0,13900.0,Yes,19200.0,734.0,212200.0,104300.0,Personal Loan EMI,834000.0,37,Not_Eligible,3580.5
38.0,Male,Married,Post Graduate,102600.0,Government,2.7,MNC,Family,0.0,3,2,6100.0,15500.0,5200.0,21300.0,17000.0,No,0.0,789.0,132300.0,45000.0,Vehicle EMI,1.353e+06,18,Not_Eligible,18000.0
32.0,Male,Married,High School,22900.0,Government,0.5,MNC,Own,0.0,3,2,2600.0,0.0,3400.0,3800.0,1300.0,Yes,3900.0,752.0,78800.0,,Vehicle EMI,995000.0,55,Not_Eligible,3318.0
48.0,Male,Married,High School,71400.0,Private,2.3,Large Indian,Rented,15600.0,5,4,14400.0,10600.0,5600.0,17400.0,11900.0,No,0.0,745.0,417300.0,227100.0,Personal Loan EMI,213000.0,36,Not_Eligible,500.0
32.0,Male,Married,High School,71100.0,Government,9.5,Startup,Own,0.0,2,1,13500.0,0.0,4900.0,11200.0,12800.0,No,0.0,762.0,290100.0,149600.0,Education EMI,222000.0,33,Eligible,18942.0
32.0,Female,Married,High School,16000.0,Private,0.5,Startup,Rented,2700.0,4,3,7700.0,0.0,2400.0,3300.0,3000.0,No,0.0,731.0,98000.0,23100.0,Personal Loan EMI,257000.0,38,Not_Eligible,500.0
38.0,Male,Married,Graduate,56800.0,Private,6.4,Startup,Own,0.0,4,3,0.0,12200.0,6100.0,14900.0,5900.0,Yes,10400.0,663.0,427900.0,190900.0,E-commerce Shopping EMI,35000.0,3,Not_Eligible,2810.5
27.0,Female,Single,Graduate,58100.0,Private,0.5,MNC,Own,0.0,1,0,0.0,0.0,4100.0,12600.0,9000.0,No,0.0,806.0,397300.0,187600.0,Home Appliances EMI,69000.0,31,Eligible,17107.2
27.0,Female,Single,High School,21800.0,Government,2.0,Large Indian,Own,0.0,2,1,6500.0,20800.0,2800.0,3300.0,2600.0,No,0.0,778.0,25900.0,7600.0,Education EMI,251000.0,36,Not_Eligible,500.0
58.0,Male,Single,Graduate,26500.0,Government,3.3,Startup,Rented,5800.0,1,0,0.0,0.0,1500.0,5400.0,1500.0,No,0.0,781.0,74300.0,37700.0,E-commerce Shopping EMI,73000.0,5,Not_Eligible,8118.0
38.0,Male,Married,Post Graduate,29200.0,Private,2.9,Large Indian,Own,0.0,3,2,6900.0,0.0,2000.0,6100.0,1900.0,Yes,3300.0,723.0,43300.0,21400.0,Personal Loan EMI,880000.0,46,Not_Eligible,2520.0
27.0,Male,Single,Professional,67900.0,Self-employed,2.1,Mid-size,Rented,19900.0,1,0,0.0,0.0,7600.0,18200.0,12200.0,No,0.0,766.0,395900.0,115200.0,E-commerce Shopping EMI,165000.0,3,Not_Eligible,5400.0
38.0,Male,Married,High School,46200.0,Private,12.1,Mid-size,Own,0.0,4,3,0.0,10100.0,5500.0,9000.0,4100.0,No,0.0,751.0,238700.0,123200.0,Personal Loan EMI,601000.0,15,Not_Eligible,10500.0
58.0,Male,Married,Graduate,37620.0,Private,9.4,Large Indian,Own,0.0,5,4,0.0,7700.0,3400.0,6300.0,6500.0,Yes,9400.0,638.0,41100.0,8600.0,Vehicle EMI,946000.0,74,Not_Eligible,739.2
32.0,Male,Single,Graduate,42000.0,Self-employed,1.2,Startup,Family,0.0,1,0,0.0,0.0,2100.0,6300.0,3500.0,No,0.0,732.0,191900.0,99100.0,Vehicle EMI,449000.0,34,Not_Eligible,13545.0
32.0,Male,Married,Graduate,52000.0,Private,4.9,Startup,Rented,12900.0,2,1,2200.0,0.0,6100.0,9700.0,5000.0,No,0.0,730.0,401700.0,,Personal Loan EMI,334000.0,39,Not_Eligible,8855.0
58.0,Female,Married,Professional,46900.0,Government,11.5,Mid-size,Rented,8700.0,3,2,8200.0,0.0,5100.0,11900.0,6000.0,Yes,7800.0,850.0,118000.0,55600.0,Education EMI,340000.0,36,Not_Eligible,500.0
32.0,Male,Married,Post Graduate,88300.0,Private,5.3,Startup,Own,0.0,3,2,3300.0,0.0,7000.0,20900.0,6600.0,Yes,21300.0,743.0,233800.0,117000.0,Education EMI,403000.0,25,Not_Eligible,10220.0
48.0,Male,Married,Graduate,44700.0,Private,0.5,MNC,Own,0.0,4,3,0.0,0.0,4600.0,11200.0,4500.0,No,0.0,672.0,,71900.0,Home Appliances EMI,177000.0,8,Not_Eligible,9760.0
48.0,Female,Married,Graduate,101400.0,Private,26.0,Large Indian,Rented,32900.0,2,1,0.0,0.0,8400.0,16300.0,9000.0,Yes,27600.0,653.0,714500.0,317900.0,Education EMI,179000.0,21,Not_Eligible,2772.0
27.0,Female,Single,Graduate,38500.0,Government,3.6,MNC,Rented,8300.0,1,0,0.0,0.0,4400.0,10400.0,3800.0,No,0.0,703.0,132700.0,47700.0,Vehicle EMI,575000.0,13,Not_Eligible,6380.0
48.0,Male,Married,Graduate,22800.0,Private,6.4,Large Indian,Rented,6100.0,4,3,4900.0,7700.0,3100.0,5400.0,4400.0,Yes,6200.0,699.0,56800.0,24200.0,Vehicle EMI,674000.0,69,Not_Eligible,500.0
27.0,Female,Single,Post Graduate,36600.0,Private,1.5,Large Indian,Family,0.0,3,2,0.0,0.0,4300.0,9900.0,4000.0,Yes,10800.0,615.0,291400.0,109000.0,Personal Loan EMI,373000.0,22,Not_Eligible,2340.8
32.0,MALE,Single,Post Graduate,77900.0,Government,3.1,Mid-size,Family,0.0,1,0,0.0,0.0,6500.0,19100.0,11600.0,Yes,12100.0,999.0,213700.0,61500.0,Education EMI,377000.0,44,High_Risk,13213.2
48.0,Female,Married,Post Graduate,133600.0,Private,11.6,MNC,Own,0.0,4,3,10500.0,0.0,8100.0,36500.0,19600.0,No,0.0,719.0,1.0598e+06,482300.0,Vehicle EMI,1.397e+06,15,Not_Eligible,32395.0
27.0,Female,Single,Graduate,102000.0,Government,0.5,Mid-size,Rented,35000.0,1,0,0.0,0.0,6400.0,19600.0,19200.0,No,0.0,999.0,133100.0,44200.0,Vehicle EMI,699000.0,83,Not_Eligible,10464.0
27.0,Female,Single,Professional,48800.0,Government,1.8,Mid-size,Own,0.0,1,0,0.0,0.0,5300.0,11800.0,7300.0,No,0.0,705.0,121600.0,55800.0,E-commerce Shopping EMI,94000.0,20,Eligible,12200.0
38.0,Female,Married,High School,21500.0,Government,4.5,Large Indian,Own,0.0,3,2,4400.0,0.0,1200.0,4600.0,1700.0,No,0.0,731.0,82300.0,32800.0,E-commerce Shopping EMI,147000.0,10,Not_Eligible,5280.0
32.0,Female,Single,Graduate,78600.0,Private,4.5,Large Indian,Rented,12600.0,2,1,2300.0,9300.0,7900.0,13800.0,4400.0,Yes,10700.0,750.0,135900.0,69600.0,Vehicle EMI,180000.0,45,High_Risk,5913.6
38.0,Female,Married,Post Graduate,33400.0,Private,7.9,Large Indian,Family,0.0,3,2,10700.0,0.0,4800.0,9000.0,3000.0,No,0.0,812.0,250600.0,67500.0,E-commerce Shopping EMI,180000.0,16,Not_Eligible,3894.0
38.0,Male,Married,Professional,9251.0,Private,0.5,Mid-size,Family,0.0,3,2,0.0,0.0,3700.0,11200.0,4900.0,No,0.0,687.0,409600.0,220700.0,Home Appliances EMI,267000.0,21,High_Risk,16412.0
58.0,Female,Married,Professional,94600.0,Private,3.5,Large Indian,Own,0.0,3,2,2900.0,0.0,12100.0,19200.0,10600.0,Yes,25200.0,682.0,287400.0,92200.0,E-commerce Shopping EMI,165000.0,14,Not_Eligible,8610.0
38.0,Male,Married,Graduate,20100.0,Private,14.8,Small,Own,0.0,5,4,3200.0,0.0,2500.0,4400.0,2500.0,No,0.0,745.0,76300.0,35400.0,E-commerce Shopping EMI,14000.0,20,Eligible,3750.0
48.0,Male,Married,Graduate,80400.0,Government,12.5,Large Indian,Own,0.0,3,2,11600.0,0.0,6400.0,14100.0,13200.0,No,0.0,850.0,338400.0,200900.0,Personal Loan EMI,311000.0,50,Eligible,23166.0
48.0,Male,Married,Post Graduate,81600.0,Private,9.0,MNC,Rented,21300.0,2,1,0.0,0.0,10200.0,16500.0,6000.0,Yes,22200.0,0.0,270500.0,125800.0,Personal Loan EMI,704000.0,17,Not_Eligible,2268.0
38.0,Male,Married,Graduate,86200.0,Private,6.5,Startup,Rented,25400.0,4,3,7400.0,0.0,8700.0,23000.0,10600.0,Yes,10100.0,714.0,57100.0,20700.0,Home Appliances EMI,34000.0,20,Not_Eligible,500.0
58.0,Male,Married,Graduate,24400.0,Private,36.0,Mid-size,Family,0.0,4,3,2300.0,0.0,3600.0,7100.0,1300.0,No,0.0,781.0,39200.0,16700.0,Home Appliances EMI,45000.0,10,High_Risk,4848.0
27.0,Male,Single,Professional,27000.0,Government,0.7,Small,Rented,7000.0,2,1,0.0,0.0,2200.0,5800.0,2800.0,No,0.0,796.0,187200.0,111000.0,E-commerce Shopping EMI,82000.0,8,Not_Eligible,6072.0
58.0,Male,Married,Professional,66400.0,Government,27.1,Mid-size,Family,0.0,2,1,13600.0,19700.0,9400.0,17000.0,5900.0,Yes,19600.0,717.0,398000.0,189300.0,Education EMI,231000.0,26,Not_Eligible,500.0
27.0,Male,Single,Graduate,44700.0,Private,0.5,Mid-size,Own,0.0,2,1,7200.0,0.0,3300.0,10300.0,8100.0,No,0.0,622.0,244100.0,68300.0,E-commerce Shopping EMI,183000.0,19,Not_Eligible,5056.0
38.0,Male,Married,Graduate,65700.0,Private,2.5,Large Indian,Own,0.0,4,3,0.0,0.0,3400.0,18600.0,7200.0,Yes,18400.0,744.0,222500.0,117000.0,Home Appliances EMI,197000.0,29,Not_Eligible,6335.0
48.0,Female,Married,Graduate,44100.0,Private,16.9,MNC,Rented,13100.0,3,2,12200.0,0.0,4000.0,9000.0,7000.0,No,0.0,619.0,151100.0,88200.0,Home Appliances EMI,109000.0,32,Not_Eligible,500.0
32.0,Male,Married,Graduate,35200.0,Private,2.4,Mid-size,Rented,10600.0,2,1,11800.0,23300.0,2100.0,6600.0,2000.0,No,0.0,675.0,61800.0,29900.0,Personal Loan EMI,496000.0,49,Not_Eligible,500.0
38.0,M,Married,Post Graduate,52700.0,Private,0.8,Startup,Family,0.0,2,1,0.0,0.0,3200.0,13300.0,8800.0,No,0.0,710.0,263200.0,107100.0,Vehicle EMI,915000.0,81,Not_Eligible,10960.0
38.0,Male,Married,Post Graduate,129400.0,Private,1.5,Startup,Own,0.0,3,2,0.0,0.0,18000.0,23900.0,24300.0,No,0.0,635.0,380400.0,179900.0,Education EMI,425000.0,11,Not_Eligible,25280.0
48.0,Male,Married,Graduate,49900.0,Private,11.3,Large Indian,Rented,9800.0,5,4,8200.0,0.0,6800.0,13100.0,10000.0,Yes,8200.0,663.0,374100.0,224300.0,E-commerce Shopping EMI,52000.0,7,Not_Eligible,500.0
58.0,Male,Married,Graduate,52500.0,Private,4.5,MNC,Rented,17700.0,5,4,0.0,0.0,4000.0,8700.0,4400.0,Yes,11300.0,632.0,190100.0,103800.0,Vehicle EMI,250000.0,42,Not_Eligible,1792.0
27.0,Female,Married,Post Graduate,152000.0,Private,0.5,MNC,Own,0.0,3,2,7600.0,0.0,9500.0,34300.0,25000.0,No,0.0,775.0,424300.0,223500.0,E-commerce Shopping EMI,111000.0,20,Eligible,36288.0
48.0,Male,Married,High School,33600.0,Private,24.4,Large Indian,Rented,7400.0,5,4,14600.0,0.0,2900.0,6200.0,6300.0,Yes,8300.0,629.0,217200.0,128600.0,Vehicle EMI,1.486e+06,22,Not_Eligible,500.0
58.0,Male,Single,Graduate,50900.0,Private,1.5,Large Indian,Family,0.0,2,1,3500.0,0.0,6200.0,13200.0,5100.0,Yes,12100.0,694.0,206100.0,53200.0,Vehicle EMI,300000.0,63,Not_Eligible,3780.0
27.0,Male,Married,Graduate,35200.0,Government,0.5,Large Indian,Own,0.0,5,4,0.0,0.0,4300.0,7100.0,6800.0,No,0.0,782.0,166300.0,45000.0,E-commerce Shopping EMI,127000.0,7,Not_Eligible,10200.0
48.0,Male,Single,Graduate,340582.0,Government,3.4,Large Indian,Rented,8800.0,3,2,14000.0,0.0,3900.0,9400.0,4000.0,No,0.0,768.0,65000.0,21000.0,Home Appliances EMI,87000.0,21,Not_Eligible,2587.2
32.0,Male,Married,High School,410092.0,Private,0.7,Large Indian,Own,0.0,3,2,7800.0,0.0,3400.0,6700.0,7700.0,Yes,12200.0,709.0,83200.0,22400.0,Education EMI,96000.0,11,Not_Eligible,980.0
38.0,Female,Married,Post Graduate,31400.0,Government,3.5,Mid-size,Family,0.0,3,2,0.0,0.0,3400.0,6100.0,2900.0,Yes,4200.0,718.0,55600.0,13500.0,Personal Loan EMI,199000.0,35,Not_Eligible,4558.4
38.0,Male,Married,Graduate,46300.0,Private,8.9,Mid-size,Family,0.0,5,4,0.0,14700.0,3400.0,10300.0,4400.0,Yes,13600.0,700.0,161000.0,82500.0,Education EMI,396000.0,23,Not_Eligible,500.0
32.0,Female,Single,Post Graduate,108500.0,Private,4.5,MNC,Rented,16300.0,1,0,0.0,0.0,12000.0,21300.0,16700.0,Yes,16800.0,753.0,401900.0,200700.0,Vehicle EMI,1.405e+06,41,Not_Eligible,10668.0
27.0,Female,Single,Post Graduate,85300.0,Government,0.5,Large Indian,Rented,25600.0,1,0,0.0,0.0,6400.0,15400.0,7800.0,Yes,16500.0,702.0,61700.0,12900.0,Education EMI,96000.0,22,Not_Eligible,3808.0
32.0,Female,Married,Graduate,41700.0,Government,1.1,Large Indian,Family,0.0,4,3,8300.0,21500.0,6000.0,7300.0,6400.0,No,0.0,831.0,47600.0,12600.0,Home Appliances EMI,255000.0,31,Not_Eligible,500.0
48.0,Male,Married,High School,25000.0,Private,26.0,Large Indian,Own,0.0,3,2,0.0,6900.0,2100.0,4500.0,3300.0,No,0.0,801.0,151600.0,45600.0,Vehicle EMI,1.258e+06,58,Not_Eligible,5412.0
27.0,Female,Married,Graduate,93100.0,Private,2.5,Startup,Family,0.0,3,2,0.0,14700.0,6100.0,16000.0,9000.0,No,0.0,777.0,546400.0,191800.0,Vehicle EMI,118000.0,72,Eligible,28380.0
32.0,Female,Single,Post Graduate,86200.0,Private,3.1,MNC,Own,0.0,3,2,2300.0,12600.0,9200.0,16700.0,9100.0,Yes,25000.0,744.0,620100.0,276300.0,Personal Loan EMI,391000.0,24,Not_Eligible,4350.5
38.0,Female,Married,Post Graduate,129000.0,Private,1.8,MNC,Own,0.0,2,1,7700.0,0.0,10000.0,27000.0,20100.0,No,0.0,741.0,449900.0,122400.0,Personal Loan EMI,395000.0,14,High_Risk,32100.0
38.0,Female,Married,Graduate,71400.0,Self-employed,6.8,Mid-size,Own,,4,3,5500.0,0.0,8800.0,14400.0,8300.0,No,0.0,724.0,498800.0,120300.0,Education EMI,410000.0,39,Eligible,17028.0
32.0,Male,Single,Post Graduate,23400.0,Private,1.6,MNC,Family,0.0,2,1,0.0,0.0,2000.0,4000.0,4600.0,Yes,5300.0,701.0,46200.0,14500.0,Personal Loan EMI,404000.0,25,Not_Eligible,2100.0
38.0,Female,Married,Post Graduate,332773.0,Private,6.4,Large Indian,Own,0.0,5,4,0.0,0.0,8300.0,15700.0,8400.0,Yes,13500.0,681.0,394100.0,227200.0,Vehicle EMI,1.015e+06,76,High_Risk,20020.0
38.0,Male,Married,High School,23200.0,Private,5.8,Large Indian,Family,0.0,2,1,0.0,13600.0,2600.0,6900.0,2500.0,Yes,5300.0,623.0,148800.0,86400.0,Education EMI,273000.0,11,Not_Eligible,500.0
32.0,Male,Married,Post Graduate,98500.0,Private,0.8,Large Indian,Own,24347.0,4,3,0.0,13800.0,13700.0,24700.0,19100.0,Yes,13900.0,721.0,550600.0,323000.0,Education EMI,269000.0,25,Not_Eligible,3724.0
38.0,Male,Married,High School,66900.0,Private,1.9,Large Indian,Rented,15800.0,4,3,0.0,0.0,6500.0,16100.0,8000.0,No,0.0,689.0,345200.0,188500.0,Vehicle EMI,1.385e+06,22,Not_Eligible,10250.0
48.0,Female,Married,Graduate,58200.0,Private,19.7,Large Indian,Own,0.0,5,4,13000.0,0.0,3000.0,14300.0,10900.0,No,0.0,766.0,143200.0,43600.0,E-commerce Shopping EMI,146000.0,8,Not_Eligible,10200.0
32.0,Female,Married,Graduate,70500.0,Private,2.9,Startup,Own,0.0,4,3,13900.0,0.0,5400.0,15300.0,7100.0,No,0.0,798.0,543700.0,113900.0,Education EMI,269000.0,45,Eligible,19008.0
38.0,Male,Married,Professional,77600.0,Private,4.3,Large Indian,Own,0.0,2,1,9900.0,0.0,10300.0,19100.0,5500.0,Yes,12900.0,683.0,154600.0,78200.0,Personal Loan EMI,589000.0,20,Not_Eligible,5572.0
48.0,Male,Married,Professional,137200.0,Private,3.5,Mid-size,Rented,46600.0,2,1,0.0,0.0,8400.0,40700.0,21000.0,No,0.0,,967500.0,267000.0,Home Appliances EMI,116000.0,35,Eligible,13530.0
27.0,Male,Single,High School,58500.0,Private,4.5,Mid-size,Own,0.0,2,1,12600.0,7400.0,6800.0,16100.0,4300.0,No,0.0,667.0,393900.0,169200.0,Personal Loan EMI,276000.0,42,Not_Eligible,6215.0
38.0,Male,Married,Post Graduate,96500.0,Private,2.5,Large Indian,Family,0.0,3,2,0.0,0.0,12100.0,27300.0,16400.0,Yes,21100.0,631.0,668700.0,312500.0,Home Appliances EMI,76000.0,14,High_Risk,6036.8
48.0,Male,Married,Post Graduate,62600.0,Private,16.5,Mid-size,Rented,10700.0,3,2,2100.0,0.0,6900.0,10600.0,3700.0,Yes,16800.0,532.0,141900.0,42900.0,Vehicle EMI,267000.0,22,Not_Eligible,2065.0
27.0,Male,Single,Post Graduate,35900.0,Private,0.8,Large Indian,Rented,9200.0,1,0,0.0,0.0,1800.0,6800.0,5800.0,No,0.0,725.0,254200.0,53300.0,Home Appliances EMI,254000.0,12,Not_Eligible,5412.0
32.0,Female,Married,Graduate,66600.0,Self-employed,3.1,Large Indian,Rented,18400.0,5,4,0.0,0.0,7300.0,10900.0,5600.0,No,0.0,640.0,154300.0,49600.0,Vehicle EMI,249000.0,16,Not_Eligible,8784.0
32.0,Female,Married,Graduate,54100.0,Self-employed,6.3,Large Indian,Family,0.0,3,2,8700.0,21200.0,7000.0,15800.0,7900.0,Yes,10500.0,540.0,420000.0,219900.0,Personal Loan EMI,976000.0,50,Not_Eligible,500.0
38.0,Male,Married,Graduate,41200.0,Private,2.1,Large Indian,Own,0.0,4,3,0.0,0.0,3600.0,7000.0,3200.0,No,0.0,711.0,217300.0,82300.0,Home Appliances EMI,48000.0,17,Eligible,13700.0
32.0,Male,Married,Graduate,50400.0,Government,0.7,Mid-size,Rented,16000.0,3,2,7300.0,12400.0,2600.0,14700.0,4700.0,No,0.0,694.0,251600.0,73900.0,Vehicle EMI,1.011e+06,27,Not_Eligible,500.0
58.0,Female,Married,Graduate,10588.0,Private,1.8,Large Indian,Own,0.0,3,2,13600.0,0.0,2400.0,3900.0,2100.0,No,0.0,674.0,154000.0,43100.0,Personal Loan EMI,263000.0,21,Not_Eligible,770.0
48.0,Female,Married,Post Graduate,62500.0,Government,9.7,Mid-size,Own,0.0,3,2,10300.0,0.0,8000.0,14900.0,11300.0,No,0.0,850.0,45700.0,19900.0,Education EMI,484000.0,23,Not_Eligible,9504.0
58.0,Female,Married,Post Graduate,49500.0,Private,2.6,Large Indian,Own,0.0,5,4,3100.0,0.0,4000.0,14700.0,6500.0,No,0.0,700.0,151000.0,75400.0,Personal Loan EMI,370000.0,59,High_Risk,10600.0
27.0,female,Single,Post Graduate,415575.0,Private,2.6,Mid-size,Own,0.0,1,0,0.0,0.0,8200.0,25400.0,19400.0,Yes,16200.0,678.0,639600.0,159100.0,Personal Loan EMI,919000.0,17,Not_Eligible,13335.0
32.0,Male,Single,Professional,27000.0,Self-employed,4.0,Startup,Own,0.0,2,1,8700.0,15200.0,2400.0,5600.0,3600.0,Yes,6900.0,666.0,190500.0,113600.0,Education EMI,472000.0,17,Not_Eligible,500.0
38.0,Female,Married,Post Graduate,45200.0,Self-employed,5.4,Startup,Family,0.0,3,2,12700.0,0.0,2900.0,13500.0,5500.0,Yes,13500.0,688.0,261800.0,148900.0,Home Appliances EMI,287000.0,29,Not_Eligible,500.0
38.0,Female,Married,Graduate,33800.0,Government,7.9,MNC,Family,0.0,3,2,0.0,0.0,2600.0,9200.0,3000.0,No,0.0,811.0,23000.0,13100.0,Home Appliances EMI,147000.0,34,Eligible,10032.0
58.0,Female,Married,Graduate,23700.0,Private,36.0,MNC,Rented,7100.0,3,2,0.0,7300.0,3000.0,3600.0,2700.0,No,0.0,839.0,129000.0,56700.0,Education EMI,345000.0,18,Not_Eligible,500.0
38.0,Female,Married,Graduate,18000.0,Self-employed,3.3,Large Indian,Rented,,2,1,0.0,0.0,2300.0,2800.0,3400.0,No,0.0,599.0,32600.0,11500.0,Personal Loan EMI,233000.0,35,Not_Eligible,1670.4
27.0,Male,Single,Post Graduate,33100.0,Government,2.8,MNC,Rented,10300.0,2,1,11100.0,18000.0,1900.0,5500.0,2800.0,No,0.0,675.0,247800.0,78000.0,E-commerce Shopping EMI,67000.0,4,Not_Eligible,500.0
32.0,Female,Married,Graduate,54500.0,Private,4.4,Large Indian,Own,0.0,4,3,0.0,10100.0,4100.0,10600.0,10000.0,Yes,11000.0,518.0,162200.0,64500.0,E-commerce Shopping EMI,150000.0,4,Not_Eligible,1522.5
27.0,Male,Single,Graduate,106200.0,Private,1.0,Startup,Own,0.0,3,2,13300.0,0.0,15600.0,21000.0,17000.0,No,0.0,646.0,654300.0,206400.0,Home Appliances EMI,36000.0,36,Eligible,17292.0
38.0,Male,Married,Post Graduate,103100.0,Self-employed,2.1,Large Indian,Own,0.0,3,2,0.0,0.0,7000.0,18100.0,6200.0,No,0.0,705.0,719300.0,327000.0,Vehicle EMI,1.294e+06,25,Not_Eligible,35541.0
48.0,Male,Married,Post Graduate,69500.0,Private,7.7,MNC,Own,0.0,3,2,3000.0,0.0,5000.0,15300.0,10800.0,No,0.0,736.0,497000.0,273300.0,Education EMI,369000.0,48,Eligible,19470.0
38.0,Male,Married,Professional,87300.0,Government,2.1,Mid-size,Own,0.0,3,2,0.0,0.0,8200.0,15100.0,14300.0,Yes,26000.0,850.0,478700.0,154500.0,E-commerce Shopping EMI,122000.0,15,High_Risk,9954.0
58.0,Male,Married,Post Graduate,49800.0,Private,1.8,MNC,Family,0.0,3,2,0.0,0.0,3200.0,14400.0,8000.0,Yes,14000.0,608.0,382900.0,134300.0,Home Appliances EMI,226000.0,30,Not_Eligible,3141.6
32.0,Male,Married,High School,49100.0,Private,0.5,MNC,Own,0.0,2,1,0.0,17600.0,6700.0,9200.0,3800.0,No,0.0,626.0,234000.0,68500.0,Home Appliances EMI,251000.0,18,Not_Eligible,3776.0
27.0,Female,Single,Graduate,38500.0,Self-employed,0.5,MNC,Rented,8700.0,2,1,14400.0,0.0,5700.0,11400.0,4300.0,No,0.0,782.0,245200.0,94800.0,Home Appliances EMI,126000.0,16,Not_Eligible,500.0
27.0,Male,Married,Graduate,96600.0,Private,1.0,MNC,Own,0.0,5,4,0.0,0.0,10900.0,27700.0,13600.0,Yes,20000.0,617.0,526600.0,223600.0,Home Appliances EMI,219000.0,6,Not_Eligible,6832.0
27.0,Female,Single,Professional,84900.0,Self-employed,1.0,MNC,Own,0.0,1,0,0.0,0.0,11900.0,19500.0,12500.0,No,0.0,684.0,514500.0,110300.0,Personal Loan EMI,392000.0,18,Not_Eligible,20295.0
38.0,Male,Married,Professional,145800.0,Self-employed,16.0,MNC,Family,0.0,3,2,0.0,0.0,19700.0,23700.0,26800.0,Yes,29200.0,714.0,724500.0,251100.0,Education EMI,472000.0,13,Not_Eligible,14616.0
38.0,Male,Married,Post Graduate,103400.0,Private,0.7,MNC,Rented,29800.0,3,2,9200.0,0.0,6500.0,24700.0,16400.0,Yes,23900.0,606.0,120300.0,34000.0,Education EMI,226000.0,42,Not_Eligible,500.0
58.0,Female,Single,Graduate,33000.0,Private,22.1,Large Indian,Own,0.0,3,2,2500.0,23400.0,3600.0,6400.0,4000.0,Yes,9700.0,655.0,197600.0,118000.0,Home Appliances EMI,168000.0,6,Not_Eligible,500.0
27.0,Female,Single,Post Graduate,47800.0,Private,4.6,Mid-size,Rented,11900.0,2,1,0.0,0.0,4700.0,8400.0,9000.0,No,0.0,693.0,179100.0,107400.0,Education EMI,221000.0,21,Not_Eligible,6900.0
38.0,Male,Married,High School,24800.0,Private,6.5,MNC,Own,0.0,3,2,13900.0,0.0,3600.0,6700.0,3300.0,Yes,6200.0,658.0,132500.0,38200.0,Home Appliances EMI,177000.0,26,Not_Eligible,500.0
38.0,Male,Married,Post Graduate,46500.0,Private,4.5,MNC,Family,0.0,5,4,0.0,0.0,2600.0,7900.0,8700.0,Yes,9000.0,748.0,303000.0,76700.0,Education EMI,487000.0,8,Not_Eligible,7045.5
32.0,Female,Married,Graduate,68400.0,Self-employed,4.3,Mid-size,Rented,17200.0,4,3,10400.0,6300.0,6200.0,17000.0,11900.0,No,0.0,666.0,474800.0,155400.0,Vehicle EMI,918000.0,37,Not_Eligible,500.0
38.0,Female,Married,Graduate,35900.0,Government,8.4,Large Indian,Rented,7600.0,5,4,6300.0,13800.0,2100.0,9400.0,6200.0,No,0.0,767.0,27500.0,14100.0,Personal Loan EMI,667000.0,16,Not_Eligible,500.0
32.0,Male,Single,Post Graduate,50600.0,Government,1.4,Mid-size,Rented,17300.0,2,1,6200.0,20100.0,5700.0,9500.0,4900.0,Yes,11300.0,742.0,78300.0,23000.0,Home Appliances EMI,298000.0,7,Not_Eligible,500.0
32.0,Male,Married,High School,33100.0,Government,6.2,Startup,Family,0.0,4,3,0.0,0.0,4300.0,6500.0,4500.0,No,0.0,727.0,203100.0,113300.0,Personal Loan EMI,159000.0,49,Eligible,10769.0
38.0,Male,Married,High School,42800.0,Private,0.9,Large Indian,Rented,12100.0,3,2,0.0,10700.0,4000.0,8100.0,3300.0,No,0.0,651.0,232100.0,48400.0,E-commerce Shopping EMI,46000.0,10,Not_Eligible,1840.0
48.0,Female,Married,Graduate,18000.0,Private,16.5,Large Indian,Own,0.0,2,1,0.0,0.0,1200.0,4300.0,1800.0,No,0.0,723.0,20100.0,7100.0,Education EMI,222000.0,22,Not_Eligible,4280.0
32.0,Male,Married,Graduate,76600.0,Private,3.3,Mid-size,Family,0.0,2,1,0.0,0.0,7700.0,17800.0,4900.0,No,0.0,,560800.0,132400.0,Home Appliances EMI,167000.0,12,Eligible,30492.0
38.0,Male,Married,Graduate,38200.0,Government,2.7,Mid-size,Rented,12300.0,4,3,0.0,0.0,3400.0,10000.0,7500.0,Yes,11200.0,686.0,107500.0,60000.0,Education EMI,298000.0,20,Not_Eligible,500.0
27.0,Female,Married,High School,29000.0,Government,2.3,Large Indian,Own,0.0,5,4,7300.0,0.0,1600.0,8200.0,2500.0,Yes,3400.0,999.0,112100.0,47600.0,Home Appliances EMI,272000.0,25,Not_Eligible,2520.0
38.0,Female,Single,Graduate,58100.0,Government,16.0,Startup,Family,0.0,2,1,0.0,0.0,3800.0,15600.0,11300.0,No,0.0,699.0,216400.0,99500.0,E-commerce Shopping EMI,48000.0,4,High_Risk,15070.0
58.0,Female,Single,Graduate,6484.0,Private,19.0,Startup,Own,0.0,1,0,0.0,0.0,6400.0,17800.0,5000.0,No,0.0,716.0,168400.0,73300.0,E-commerce Shopping EMI,183000.0,12,Not_Eligible,16300.0
48.0,Female,Married,Post Graduate,61100.0,Private,7.3,MNC,Family,0.0,3,2,0.0,20000.0,4300.0,15700.0,7000.0,No,0.0,787.0,236200.0,102100.0,E-commerce Shopping EMI,193000.0,17,Not_Eligible,8460.0
38.0,Male,Married,Graduate,46800.0,Private,7.6,Startup,Family,0.0,2,1,8100.0,8800.0,4800.0,11200.0,4500.0,No,0.0,623.0,28000.0,9900.0,Vehicle EMI,1.263e+06,47,Not_Eligible,3008.0
58.0,Male,Married,Graduate,76000.0,Private,11.0,Startup,Rented,17500.0,3,2,12300.0,0.0,10400.0,13600.0,12500.0,No,0.0,690.0,160800.0,42700.0,Home Appliances EMI,133000.0,14,Not_Eligible,4850.0
32.0,Male,Married,Professional,85000.0,Private,10.0,Mid-size,Rented,18900.0,2,1,6000.0,0.0,6700.0,14100.0,17000.0,No,0.0,762.0,602100.0,358600.0,E-commerce Shopping EMI,116000.0,4,Not_Eligible,14718.0
48.0,Male,Married,Post Graduate,32000.0,Private,2.9,Mid-size,Own,0.0,5,4,0.0,0.0,4500.0,6600.0,4100.0,No,0.0,647.0,228100.0,83800.0,Personal Loan EMI,65000.0,15,Eligible,7392.0
48.0,Female,Married,Graduate,97500.0,Self-employed,10.2,Large Indian,Family,0.0,3,2,2300.0,0.0,13200.0,26500.0,15100.0,Yes,19800.0,747.0,555200.0,309000.0,Vehicle EMI,426000.0,76,Not_Eligible,6489.0
32.0,Male,Single,Graduate,26000.0,Government,9.0,Large Indian,Own,0.0,1,0,0.0,0.0,2800.0,5500.0,1800.0,No,0.0,803.0,67200.0,36700.0,Vehicle EMI,807000.0,12,Not_Eligible,10494.0
38.0,Female,Married,Graduate,90200.0,Private,0.5,Large Indian,Own,0.0,3,2,0.0,0.0,13300.0,16600.0,16700.0,Yes,9800.0,762.0,566000.0,128400.0,Education EMI,438000.0,39,Not_Eligible,12492.48
38.0,Male,Married,Professional,164300.0,Private,10.0,Startup,Rented,42500.0,3,2,9300.0,0.0,17500.0,45600.0,12000.0,No,0.0,752.0,430800.0,121500.0,Home Appliances EMI,227000.0,16,Eligible,22440.0
58.0,Female,Married,Post Graduate,100100.0,Government,29.3,Large Indian,Own,0.0,2,1,14000.0,0.0,6100.0,26000.0,18400.0,No,0.0,797.0,227100.0,128800.0,Home Appliances EMI,112000.0,22,Eligible,23496.0
32.0,Male,Single,Post Graduate,55000.0,Self-employed,5.2,Mid-size,Own,0.0,1,0,0.0,0.0,4600.0,8500.0,10900.0,Yes,11600.0,705.0,388500.0,104700.0,Vehicle EMI,930000.0,80,Not_Eligible,6722.1
38.0,Female,Married,Professional,106200.0,Private,0.5,MNC,Rented,35400.0,3,2,11000.0,0.0,12800.0,20300.0,20000.0,No,0.0,775.0,170400.0,50900.0,Personal Loan EMI,321000.0,28,Not_Eligible,2572.8
32.0,Female,Single,Professional,104400.0,Private,2.1,Mid-size,Family,0.0,1,0,0.0,0.0,13400.0,26800.0,17400.0,No,0.0,776.0,722500.0,322900.0,Vehicle EMI,271000.0,58,Eligible,30888.0
27.0,MALE,Married,High School,72000.0,Private,0.7,Mid-size,Rented,14800.0,3,2,0.0,0.0,6600.0,11500.0,6100.0,Yes,14900.0,605.0,531500.0,271100.0,Home Appliances EMI,98000.0,33,Eligible,4459.84
48.0,Male,Married,Post Graduate,54400.0,Government,3.3,MNC,Rented,15200.0,5,4,0.0,0.0,4300.0,11400.0,3200.0,Yes,9000.0,782.0,183700.0,73600.0,Home Appliances EMI,251000.0,19,Not_Eligible,5220.6
48.0,Male,Married,Post Graduate,100100.0,Private,19.5,MNC,Rented,15700.0,4,3,12800.0,17500.0,5000.0,21000.0,11700.0,No,0.0,761.0,615500.0,205200.0,E-commerce Shopping EMI,179000.0,12,Not_Eligible,10824.0
38.0,Male,Married,High School,32700.0,Private,4.0,Mid-size,Family,0.0,3,2,0.0,0.0,4200.0,6400.0,1700.0,No,0.0,639.0,260500.0,70800.0,Vehicle EMI,238000.0,45,Eligible,8976.0
27.0,Female,Married,Graduate,26300.0,Private,5.0,Mid-size,Rented,5500.0,3,2,14100.0,0.0,2800.0,4300.0,3200.0,No,0.0,661.0,15000.0,8100.0,Home Appliances EMI,28000.0,23,Not_Eligible,500.0
38.0,Female,Married,High School,36100.0,Government,1.6,Startup,Rented,12300.0,4,3,5500.0,6800.0,4100.0,7900.0,3800.0,No,0.0,813.0,243600.0,134600.0,Education EMI,387000.0,21,Not_Eligible,500.0
48.0,Male,Married,Professional,60300.0,Private,3.6,Startup,Family,0.0,3,2,4300.0,12500.0,8100.0,10000.0,5700.0,No,0.0,666.0,322200.0,146400.0,Home Appliances EMI,270000.0,30,Not_Eligible,9850.0
48.0,Male,Married,Graduate,59200.0,Private,26.0,Mid-size,Rented,19900.0,3,2,0.0,0.0,7800.0,13200.0,11800.0,No,0.0,660.0,85400.0,43000.0,Vehicle EMI,1.296e+06,62,Not_Eligible,2600.0
32.0,Male,Married,Professional,55700.0,Private,5.0,Mid-size,Rented,14800.0,5,4,13600.0,21000.0,6600.0,9300.0,10200.0,No,0.0,709.0,184900.0,78100.0,Education EMI,325000.0,41,Not_Eligible,500.0
32.0,MALE,Single,Post Graduate,63800.0,Government,0.9,Startup,Rented,,2,1,0.0,0.0,5700.0,9900.0,10400.0,Yes,18700.0,729.0,134600.0,56600.0,Home Appliances EMI,129000.0,6,Not_Eligible,1680.0
38.0,Male,Married,Post Graduate,40400.0,Private,3.0,Large Indian,Rented,9200.0,3,2,12400.0,0.0,2100.0,6100.0,4200.0,No,0.0,602.0,281800.0,66300.0,Vehicle EMI,999000.0,70,Not_Eligible,2816.0
48.0,Female,Married,Graduate,22500.0,Private,3.8,Startup,Own,0.0,4,3,0.0,0.0,3300.0,3700.0,3800.0,No,0.0,736.0,55000.0,23000.0,Home Appliances EMI,125000.0,32,Eligible,5850.0
32.0,Male,Married,High School,32100.0,Private,2.7,Mid-size,Family,0.0,4,3,0.0,0.0,3700.0,8000.0,4000.0,No,0.0,639.0,99200.0,,Home Appliances EMI,107000.0,14,Not_Eligible,6560.0
32.0,Female,Married,Professional,48600.0,Private,4.1,Startup,Own,0.0,5,4,0.0,5900.0,3600.0,9400.0,6500.0,No,0.0,599.0,240300.0,132700.0,Personal Loan EMI,425000.0,19,Not_Eligible,9280.0
38.0,Female,Married,High School,27700.0,Private,4.3,Large Indian,Rented,7100.0,5,4,3900.0,0.0,1700.0,6800.0,4700.0,No,0.0,725.0,18100.0,9900.0,Vehicle EMI,846000.0,41,Not_Eligible,1400.0
48.0,Female,Single,High School,48400.0,Private,2.9,Mid-size,Rented,14800.0,2,1,0.0,0.0,5100.0,9900.0,7200.0,No,0.0,750.0,212200.0,90700.0,Home Appliances EMI,132000.0,36,Eligible,6840.0
38.0,Male,Married,Post Graduate,72200.0,Self-employed,11.5,Small,Family,0.0,2,1,7000.0,0.0,10100.0,18700.0,9900.0,No,0.0,740.0,357200.0,141700.0,E-commerce Shopping EMI,51000.0,19,Eligible,11925.0
38.0,Female,Married,Graduate,57400.0,Private,10.2,MNC,Rented,17100.0,4,3,0.0,7200.0,7700.0,15300.0,11100.0,No,0.0,682.0,175200.0,68000.0,Education EMI,470000.0,43,Not_Eligible,500.0
32.0,Male,Single,Graduate,54300.0,Private,9.3,Mid-size,Rented,11800.0,2,1,3900.0,0.0,3800.0,13300.0,4400.0,No,0.0,726.0,137300.0,73000.0,Education EMI,420000.0,46,Not_Eligible,8550.0
27.0,Female,Married,Professional,62200.0,Private,1.9,Mid-size,Rented,18300.0,4,3,7900.0,0.0,7700.0,18600.0,11000.0,No,0.0,602.0,401100.0,133900.0,Education EMI,400000.0,38,Not_Eligible,500.0
48.0,Female,Married,Graduate,37000.0,Private,11.6,Mid-size,Rented,12400.0,4,3,6900.0,0.0,2000.0,8100.0,5600.0,No,0.0,728.0,87100.0,20300.0,Home Appliances EMI,236000.0,27,Not_Eligible,1000.0
32.0,Female,Married,Graduate,28500.0,Private,0.5,Large Indian,Own,0.0,4,3,11400.0,0.0,1600.0,7000.0,3600.0,No,0.0,707.0,208500.0,95500.0,E-commerce Shopping EMI,67000.0,12,Not_Eligible,2156.0
27.0,Male,Single,High School,42900.0,Government,2.6,Large Indian,Family,0.0,1,0,0.0,0.0,3200.0,10400.0,7000.0,Yes,6600.0,669.0,104600.0,59900.0,Personal Loan EMI,673000.0,51,Not_Eligible,5495.0
27.0,Male,Married,Professional,40800.0,Government,1.4,Large Indian,Own,0.0,2,1,0.0,0.0,2900.0,12100.0,3200.0,Yes,10300.0,679.0,48100.0,26700.0,Personal Loan EMI,211000.0,25,Not_Eligible,3444.0
58.0,Male,Married,High School,49000.0,Self-employed,11.7,MNC,Own,0.0,4,3,6800.0,0.0,5000.0,9300.0,6700.0,No,0.0,747.0,295700.0,110500.0,Home Appliances EMI,247000.0,7,Not_Eligible,10494.0
38.0,Female,Married,Graduate,46000.0,Private,8.7,Large Indian,Rented,11600.0,5,4,0.0,0.0,5600.0,13100.0,5500.0,No,0.0,713.0,317100.0,171800.0,E-commerce Shopping EMI,10000.0,9,Eligible,5610.0
38.0,Male,Married,High School,34800.0,Private,1.0,Large Indian,Family,0.0,4,3,0.0,0.0,3700.0,7600.0,6300.0,Yes,7300.0,521.0,207200.0,118600.0,Personal Loan EMI,68000.0,20,Not_Eligible,1732.5
38.0,Male,Married,Graduate,120600.0,Self-employed,2.0,Mid-size,Family,24990.0,2,1,3800.0,13700.0,14300.0,28800.0,11400.0,No,0.0,756.0,302200.0,79800.0,E-commerce Shopping EMI,148000.0,11,Eligible,26244.0
48.0,Male,Married,Graduate,41400.0,Government,2.9,Mid-size,Family,0.0,3,2,14100.0,0.0,4400.0,9200.0,2800.0,No,0.0,704.0,185600.0,62900.0,Home Appliances EMI,29000.0,31,Eligible,5450.0
38.0,Female,Married,Graduate,45600.0,Private,10.2,Startup,Rented,12400.0,4,3,5000.0,0.0,4000.0,9000.0,2700.0,No,0.0,783.0,317200.0,95400.0,Home Appliances EMI,280000.0,13,Not_Eligible,8250.0
32.0,Female,Married,Post Graduate,23400.0,Government,1.7,Mid-size,Rented,3600.0,3,2,8400.0,0.0,2600.0,6200.0,4400.0,No,0.0,742.0,165200.0,77600.0,Vehicle EMI,920000.0,79,Not_Eligible,500.0
27.0,M,Single,Professional,106500.0,Government,3.2,MNC,Family,0.0,2,1,0.0,0.0,12200.0,30100.0,20800.0,No,0.0,778.0,105100.0,41000.0,Home Appliances EMI,30000.0,21,Eligible,22915.2
48.0,Male,Married,Post Graduate,23400.0,Self-employed,8.0,Startup,Family,12150.0,5,4,14400.0,0.0,2300.0,3700.0,1500.0,No,0.0,751.0,25400.0,14100.0,Education EMI,451000.0,45,Not_Eligible,648.0
32.0,Male,Single,Professional,59100.0,Government,6.0,MNC,Rented,11800.0,1,0,0.0,0.0,6400.0,11100.0,10900.0,No,0.0,823.0,297100.0,102400.0,E-commerce Shopping EMI,112000.0,7,Not_Eligible,12474.0
48.0,Male,Married,High School,26300.0,Private,4.5,Large Indian,Own,0.0,3,2,4400.0,0.0,1900.0,4200.0,2100.0,No,0.0,742.0,123200.0,59000.0,Personal Loan EMI,568000.0,26,Not_Eligible,6850.0
38.0,Male,Married,Professional,63500.0,Private,0.5,Startup,Rented,21100.0,4,3,3900.0,0.0,9200.0,13100.0,7300.0,No,0.0,846.0,126000.0,71500.0,Personal Loan EMI,507000.0,15,Not_Eligible,3417.6
32.0,Male,Married,High School,20800.0,Private,0.6,MNC,Family,0.0,4,3,0.0,21200.0,2900.0,6100.0,2100.0,Yes,4000.0,588.0,144400.0,61400.0,E-commerce Shopping EMI,158000.0,8,Not_Eligible,500.0
27.0,Female,Married,Graduate,37600.0,Private,1.4,Mid-size,Rented,9500.0,4,3,2200.0,19600.0,5300.0,10400.0,4600.0,Yes,4900.0,644.0,154000.0,84000.0,Education EMI,328000.0,13,Not_Eligible,500.0
48.0,Female,Married,Graduate,40200.0,Self-employed,26.0,Large Indian,Family,0.0,3,2,0.0,0.0,2700.0,9200.0,5800.0,No,0.0,736.0,129800.0,27000.0,Vehicle EMI,684000.0,75,Not_Eligible,10125.0
38.0,Male,Single,Graduate,58700.0,Private,2.9,Mid-size,Own,0.0,1,0,0.0,0.0,6000.0,10700.0,11400.0,Yes,6600.0,754.0,73300.0,42800.0,Personal Loan EMI,489000.0,56,Not_Eligible,8064.0
38.0,Male,Married,Graduate,81100.0,Self-employed,3.6,MNC,Rented,16700.0,2,1,6200.0,0.0,8800.0,20800.0,11600.0,No,0.0,622.0,572800.0,196000.0,Personal Loan EMI,442000.0,56,Not_Eligible,6732.0
38.0,Male,Single,High School,37000.0,Private,16.0,MNC,Family,0.0,2,1,2200.0,0.0,5000.0,8900.0,3700.0,Yes,8300.0,702.0,153500.0,43100.0,Education EMI,120000.0,16,Not_Eligible,3115.0
27.0,Female,Single,Professional,203600.0,Private,0.8,MNC,Rented,45600.0,2,1,12000.0,0.0,22100.0,55000.0,29400.0,No,0.0,632.0,661500.0,213400.0,Personal Loan EMI,499000.0,48,Not_Eligible,12640.0
38.0,Female,Married,Post Graduate,106000.0,Private,2.7,Small,Family,0.0,2,1,3500.0,0.0,8400.0,25600.0,20700.0,Yes,24400.0,738.0,442000.0,119600.0,Vehicle EMI,816000.0,79,Not_Eligible,8190.0
38.0,Female,Married,Graduate,56100.0,Private,3.4,Startup,Rented,14600.0,3,2,0.0,0.0,3000.0,15800.0,6200.0,No,0.0,776.0,289600.0,79000.0,E-commerce Shopping EMI,31000.0,16,Eligible,9900.0
32.0,Female,Married,High School,37000.0,Private,6.3,MNC,Rented,7900.0,3,2,8700.0,0.0,3500.0,7300.0,3600.0,No,0.0,732.0,72300.0,15900.0,Education EMI,223000.0,38,Not_Eligible,2400.0
58.0,Male,Married,Graduate,50700.0,Private,1.5,Mid-size,Family,0.0,4,3,3100.0,0.0,6600.0,11500.0,2700.0,No,0.0,719.0,28500.0,11300.0,E-commerce Shopping EMI,145000.0,3,Not_Eligible,10720.0
38.0,Female,Married,Graduate,77300.0,Private,4.4,Startup,Rented,22900.0,3,2,0.0,0.0,9400.0,12600.0,6000.0,Yes,11200.0,738.0,227100.0,121900.0,E-commerce Shopping EMI,139000.0,8,Not_Eligible,5320.0
32.0,Male,Single,Graduate,47700.0,Private,0.5,Small,Family,0.0,2,1,12300.0,13400.0,5600.0,8900.0,5500.0,No,0.0,999.0,234000.0,89500.0,Vehicle EMI,1.011e+06,48,Not_Eligible,800.0
48.0,Male,Married,Professional,104400.0,Private,2.9,MNC,Rented,19600.0,5,4,3300.0,0.0,11300.0,26400.0,18700.0,Yes,19000.0,650.0,777200.0,344200.0,Home Appliances EMI,61000.0,16,Not_Eligible,2348.5
58.0,Male,Single,Graduate,34700.0,Private,2.6,Large Indian,Rented,9400.0,2,1,0.0,0.0,4000.0,8800.0,4300.0,Yes,3900.0,711.0,37000.0,20000.0,Home Appliances EMI,54000.0,22,Not_Eligible,1204.0
32.0,Male,Single,Post Graduate,94900.0,Private,9.4,Large Indian,Family,0.0,2,1,3300.0,13800.0,5800.0,20800.0,14600.0,No,0.0,776.0,166500.0,59000.0,E-commerce Shopping EMI,118000.0,3,Not_Eligible,17568.0
32.0,Male,Married,Professional,105800.0,Private,2.1,Mid-size,Own,0.0,4,3,0.0,0.0,5800.0,20900.0,14000.0,Yes,11900.0,618.0,289300.0,91800.0,Personal Loan EMI,662000.0,32,Not_Eligible,14896.0
32.0,Male,Married,Post Graduate,44100.0,Government,2.3,MNC,Own,0.0,2,1,0.0,12000.0,4400.0,7400.0,6600.0,No,0.0,999.0,150500.0,51500.0,Home Appliances EMI,50000.0,35,Eligible,8220.0
38.0,Male,Married,High School,37800.0,Private,2.0,Large Indian,Family,0.0,4,3,0.0,0.0,5600.0,9800.0,6800.0,No,0.0,680.0,298900.0,117600.0,E-commerce Shopping EMI,172000.0,18,Not_Eligible,8580.0
27.0,Female,Single,Graduate,51900.0,Private,1.3,Mid-size,Family,0.0,1,0,0.0,0.0,5600.0,10000.0,3700.0,No,0.0,672.0,167600.0,58900.0,Education EMI,368000.0,17,Not_Eligible,16300.0
38.0,Female,Married,Graduate,79000.0,Private,4.4,MNC,Rented,25100.0,2,1,0.0,0.0,10000.0,23200.0,14500.0,Yes,12400.0,702.0,543500.0,142800.0,Education EMI,313000.0,9,Not_Eligible,500.0
27.0,Male,Married,High School,43400.0,Private,0.6,Large Indian,Rented,12100.0,4,3,14900.0,12000.0,6400.0,11300.0,3500.0,No,0.0,742.0,98800.0,46400.0,Education EMI,456000.0,12,Not_Eligible,500.0
48.0,Male,Married,High School,33100.0,Private,3.1,Large Indian,Rented,7900.0,4,3,13200.0,0.0,2200.0,7800.0,6500.0,Yes,8800.0,721.0,175500.0,98800.0,E-commerce Shopping EMI,161000.0,11,Not_Eligible,500.0
38.0,Female,Single,High School,401412.0,Private,1.5,MNC,Family,0.0,3,2,9200.0,18600.0,5700.0,11500.0,4900.0,No,0.0,564.0,252100.0,101000.0,Personal Loan EMI,848000.0,30,Not_Eligible,500.0
38.0,Female,Married,Professional,65200.0,Private,3.6,Mid-size,Own,0.0,3,2,0.0,0.0,3300.0,12400.0,11200.0,No,0.0,681.0,189800.0,61900.0,Education EMI,153000.0,26,Eligible,19150.0
38.0,Female,Married,Post Graduate,26000.0,Private,7.3,Mid-size,Own,0.0,2,1,10400.0,0.0,1900.0,5900.0,3500.0,No,0.0,700.0,169600.0,37900.0,Vehicle EMI,679000.0,51,Not_Eligible,2365.0
38.0,Male,Single,Graduate,55100.0,Private,2.5,MNC,Own,0.0,1,0,0.0,0.0,2900.0,12500.0,11000.0,Yes,8700.0,584.0,340900.0,159500.0,Home Appliances EMI,113000.0,33,Eligible,6160.0
27.0,Male,Married,Graduate,96700.0,Private,3.8,Mid-size,Rented,14900.0,3,2,7800.0,0.0,8700.0,19000.0,18500.0,Yes,11900.0,761.0,596900.0,317000.0,E-commerce Shopping EMI,127000.0,4,Not_Eligible,7345.8
48.0,Female,Married,Professional,59800.0,Private,8.2,Small,Own,0.0,4,3,2700.0,17600.0,6800.0,9700.0,9200.0,Yes,9500.0,655.0,136000.0,77600.0,Personal Loan EMI,855000.0,37,Not_Eligible,1505.0
32.0,Female,Married,Professional,52800.0,Private,3.0,MNC,Family,0.0,3,2,6600.0,5800.0,3700.0,8000.0,6500.0,No,0.0,508.0,222500.0,82000.0,E-commerce Shopping EMI,23000.0,23,Eligible,5550.0
38.0,Male,Married,Graduate,19200.0,Private,6.6,Mid-size,Own,0.0,4,3,7500.0,0.0,1000.0,3000.0,2700.0,Yes,4900.0,581.0,10500.0,2700.0,Education EMI,100000.0,22,Not_Eligible,500.0
32.0,Male,Married,Graduate,77600.0,Private,7.1,Mid-size,Rented,20300.0,2,1,12600.0,10900.0,4900.0,16500.0,4700.0,Yes,12300.0,705.0,156400.0,92300.0,E-commerce Shopping EMI,20000.0,20,Not_Eligible,500.0
32.0,Male,Married,Graduate,47900.0,Private,4.0,Mid-size,Family,0.0,3,2,5800.0,0.0,2500.0,8500.0,5200.0,Yes,10300.0,585.0,283900.0,73100.0,Home Appliances EMI,245000.0,26,Not_Eligible,4368.0
27.0,Female,Married,Post Graduate,26600.0,Private,0.5,Mid-size,Family,0.0,4,3,9100.0,0.0,3400.0,7400.0,4500.0,No,0.0,615.0,188500.0,88800.0,E-commerce Shopping EMI,48000.0,3,Not_Eligible,774.4
38.0,Male,Married,Graduate,80900.0,Private,5.3,Large Indian,Own,0.0,3,2,8200.0,0.0,5900.0,16900.0,15500.0,No,0.0,691.0,142500.0,66300.0,E-commerce Shopping EMI,158000.0,8,Not_Eligible,13760.0
49.0,Male,Married,Post Graduate,77431.0,Private,15.5,Startup,Own,0.0,2,1,11400.0,0.0,6500.0,15900.0,14900.0,No,0.0,803.0,435900.0,160700.0,Home Appliances EMI,203000.0,9,Not_Eligible,16140.0
27.0,Male,Married,Graduate,43900.0,Private,2.2,Mid-size,Rented,14900.0,3,2,14400.0,11300.0,4100.0,9900.0,6600.0,No,0.0,693.0,158400.0,51600.0,Education EMI,446000.0,13,Not_Eligible,500.0
32.0,Female,Single,High School,32500.0,Government,10.0,MNC,Own,0.0,1,0,0.0,0.0,2000.0,9600.0,5100.0,No,0.0,793.0,38200.0,10500.0,Education EMI,152000.0,36,Eligible,8342.4
58.0,Female,Married,Post Graduate,30800.0,Government,12.3,MNC,Rented,6400.0,3,2,5700.0,0.0,2500.0,8300.0,3100.0,No,0.0,849.0,111700.0,57400.0,Vehicle EMI,539000.0,25,Not_Eligible,3168.0
32.0,Female,Married,Professional,47600.0,Private,3.4,Mid-size,Own,,3,2,14700.0,15000.0,7000.0,7800.0,3600.0,No,0.0,713.0,156000.0,32600.0,Education EMI,327000.0,18,Not_Eligible,500.0
32.0,Male,Married,Graduate,26200.0,Government,5.2,MNC,Rented,4800.0,3,2,14100.0,0.0,3400.0,6100.0,4400.0,Yes,5100.0,711.0,209100.0,59300.0,Personal Loan EMI,416000.0,20,Not_Eligible,500.0
27.0,Male,Single,High School,14700.0,Private,1.7,Large Indian,Family,0.0,1,0,0.0,0.0,1200.0,3100.0,2600.0,No,0.0,718.0,32100.0,10900.0,Vehicle EMI,1.36e+06,45,Not_Eligible,3900.0
48.0,Female,Single,Graduate,48500.0,Private,21.5,Mid-size,Own,0.0,2,1,12900.0,0.0,5700.0,10800.0,3500.0,No,0.0,735.0,46700.0,25400.0,E-commerce Shopping EMI,85000.0,12,Not_Eligible,6240.0
38.0,Male,Married,Graduate,35700.0,Private,8.2,MNC,Own,0.0,3,2,0.0,0.0,2400.0,7300.0,2700.0,Yes,8800.0,709.0,57400.0,21500.0,E-commerce Shopping EMI,158000.0,14,Not_Eligible,4060.0
48.0,Male,Married,Professional,32700.0,Private,24.9,Mid-size,Family,0.0,3,2,12400.0,0.0,3900.0,8900.0,3500.0,Yes,5500.0,624.0,219400.0,80800.0,Home Appliances EMI,251000.0,15,Not_Eligible,500.0
58.0,Male,Single,Graduate,53400.0,Private,20.1,Mid-size,Rented,17200.0,1,0,0.0,0.0,6100.0,15900.0,4500.0,No,0.0,753.0,204300.0,75600.0,E-commerce Shopping EMI,190000.0,22,Not_Eligible,5820.0
32.0,Male,Single,Graduate,65400.0,Private,0.5,Large Indian,Own,0.0,1,0,0.0,0.0,3400.0,16400.0,5600.0,No,0.0,684.0,353100.0,118000.0,E-commerce Shopping EMI,126000.0,17,Eligible,16000.0
48.0,Male,Married,High School,40700.0,Private,15.2,Large Indian,Rented,9500.0,4,3,7100.0,0.0,4100.0,6300.0,4300.0,Yes,4700.0,774.0,278800.0,131400.0,Home Appliances EMI,102000.0,16,Not_Eligible,2171.4
48.0,Male,Married,Post Graduate,43700.0,Government,8.9,MNC,Rented,15000.0,2,1,0.0,0.0,6000.0,10600.0,5700.0,No,0.0,733.0,38000.0,8300.0,Home Appliances EMI,282000.0,8,Not_Eligible,2816.0
32.0,Female,Married,Post Graduate,40700.0,Government,3.6,Large Indian,Rented,8500.0,5,4,11300.0,0.0,2100.0,11600.0,4400.0,No,0.0,768.0,162000.0,88900.0,E-commerce Shopping EMI,32000.0,24,High_Risk,1848.0
48.0,Male,Married,Post Graduate,68000.0,Private,11.7,Large Indian,Own,0.0,2,1,0.0,11100.0,6500.0,16500.0,5000.0,Yes,9400.0,649.0,281000.0,93000.0,Personal Loan EMI,499000.0,17,Not_Eligible,5460.0
58.0,Male,Married,Post Graduate,39200.0,Private,23.8,MNC,Family,0.0,3,2,7200.0,14200.0,3500.0,9300.0,4500.0,Yes,6100.0,621.0,188700.0,50700.0,Vehicle EMI,1.226e+06,67,Not_Eligible,500.0
48.0,Female,Married,Professional,54100.0,Government,3.0,Large Indian,Rented,15100.0,4,3,0.0,0.0,4600.0,13900.0,5100.0,No,0.0,698.0,103400.0,35900.0,Personal Loan EMI,707000.0,57,Not_Eligible,6776.0
48.0,Female,Married,High School,39500.0,Private,1.7,Mid-size,Own,0.0,2,1,7300.0,0.0,3500.0,7900.0,2800.0,No,0.0,737.0,142300.0,69800.0,Personal Loan EMI,980000.0,14,Not_Eligible,9000.0
32.0,Male,Married,Professional,43800.0,Private,1.0,Large Indian,Rented,8700.0,3,2,0.0,0.0,4700.0,11700.0,7700.0,Yes,11400.0,667.0,,69400.0,Vehicle EMI,963000.0,83,Not_Eligible,500.0
32.0,Female,Married,Post Graduate,29900.0,Private,4.7,MNC,Rented,8100.0,2,1,8200.0,6800.0,4100.0,6400.0,4400.0,Yes,4100.0,696.0,44000.0,18400.0,E-commerce Shopping EMI,110000.0,6,Not_Eligible,500.0
48.0,Male,Married,Post Graduate,19500.0,Government,4.6,Startup,Rented,4600.0,3,2,5100.0,0.0,1600.0,4900.0,1500.0,Yes,2400.0,747.0,55700.0,32500.0,Home Appliances EMI,196000.0,8,Not_Eligible,500.0
38.0,Male,Married,High School,34054.0,Self-employed,3.6,Large Indian,Family,0.0,2,1,4100.0,0.0,1800.0,5100.0,5600.0,No,0.0,718.0,206400.0,118400.0,Home Appliances EMI,266000.0,12,Not_Eligible,8068.5
48.0,Female,Married,Graduate,70000.0,Private,4.8,Large Indian,Family,0.0,3,2,13500.0,0.0,5900.0,12400.0,11800.0,No,0.0,670.0,462400.0,177800.0,Education EMI,483000.0,23,Not_Eligible,14520.0
38.0,Female,Single,Graduate,74000.0,Private,11.2,Large Indian,Own,0.0,2,1,10700.0,11300.0,5800.0,22100.0,5500.0,No,0.0,770.0,223400.0,104600.0,Personal Loan EMI,278000.0,55,Eligible,11160.0
38.0,Male,Married,Graduate,64300.0,Government,3.8,MNC,Family,0.0,2,1,0.0,0.0,7400.0,11900.0,6000.0,Yes,11300.0,696.0,395700.0,177600.0,Personal Loan EMI,185000.0,47,Eligible,11730.95
32.0,Male,Married,Post Graduate,47900.0,Self-employed,5.8,Startup,Family,0.0,3,2,13400.0,0.0,4800.0,13400.0,9400.0,No,0.0,595.0,54200.0,28000.0,Vehicle EMI,607000.0,24,Not_Eligible,1987.2
27.0,Male,Single,Graduate,35300.0,Private,0.5,Mid-size,Family,0.0,1,0,0.0,0.0,2200.0,6800.0,5300.0,No,0.0,691.0,139700.0,52500.0,Home Appliances EMI,207000.0,22,Not_Eligible,8400.0
58.0,Male,Married,Professional,68200.0,Private,6.1,MNC,Own,0.0,4,3,0.0,0.0,4500.0,19600.0,11000.0,Yes,6900.0,796.0,278400.0,89400.0,Vehicle EMI,982000.0,40,Not_Eligible,11004.0
38.0,Female,Married,Graduate,108400.0,Self-employed,12.4,Large Indian,Rented,26100.0,2,1,0.0,0.0,12400.0,19800.0,10200.0,Yes,31700.0,829.0,212700.0,80200.0,Vehicle EMI,98000.0,33,Not_Eligible,2479.68
38.0,Female,Married,Graduate,38400.0,Private,13.4,Large Indian,Rented,9600.0,4,3,0.0,0.0,4200.0,6800.0,6300.0,Yes,10000.0,642.0,36900.0,18700.0,Home Appliances EMI,218000.0,6,Not_Eligible,500.0
48.0,Female,Married,Graduate,44400.0,Private,22.9,Mid-size,Own,0.0,4,3,2500.0,0.0,6300.0,9700.0,4800.0,No,0.0,722.0,273600.0,92900.0,Vehicle EMI,903000.0,84,Not_Eligible,11605.0
58.0,Male,Married,Graduate,48900.0,Private,3.4,Large Indian,Family,0.0,2,1,4200.0,23800.0,4800.0,13200.0,8200.0,No,0.0,624.0,55700.0,29000.0,Vehicle EMI,207000.0,34,Not_Eligible,500.0
27.0,Female,Married,High School,51500.0,Private,1.4,Startup,Own,0.0,4,3,0.0,0.0,7500.0,13900.0,3000.0,No,0.0,642.0,153200.0,37200.0,Home Appliances EMI,138000.0,28,Eligible,10840.0
32.0,Male,Married,Graduate,29000.0,Government,2.8,MNC,Rented,9900.0,5,4,0.0,0.0,4300.0,8300.0,3200.0,No,0.0,741.0,99400.0,29100.0,Vehicle EMI,1.114e+06,22,Not_Eligible,1650.0
27.0,Male,Single,Graduate,49000.0,Self-employed,1.7,MNC,Rented,12300.0,2,1,0.0,0.0,6600.0,8300.0,8600.0,Yes,6200.0,623.0,288700.0,82900.0,Home Appliances EMI,42000.0,15,Not_Eligible,1764.0
48.0,Female,Married,High School,44300.0,Private,0.5,Startup,Family,0.0,3,2,0.0,0.0,6400.0,9800.0,4000.0,No,0.0,603.0,42900.0,19600.0,Home Appliances EMI,145000.0,23,Not_Eligible,6169.6
32.0,Female,Single,Professional,72500.0,Private,2.5,Mid-size,Rented,23900.0,2,1,0.0,0.0,5700.0,21000.0,10000.0,No,0.0,650.0,350700.0,98700.0,Home Appliances EMI,75000.0,12,Not_Eligible,5950.0
32.0,Female,Married,Post Graduate,49100.0,Government,0.8,Mid-size,Own,0.0,3,2,4600.0,6000.0,4000.0,11400.0,3700.0,Yes,5800.0,622.0,332400.0,176900.0,Education EMI,296000.0,37,Not_Eligible,4188.8
32.0,Male,Married,Graduate,52700.0,Government,2.3,Large Indian,Family,0.0,3,2,0.0,0.0,6700.0,10200.0,7600.0,No,0.0,728.0,137100.0,47700.0,Education EMI,415000.0,44,High_Risk,14100.0
27.0,Female,Single,Professional,112000.0,Private,0.6,Large Indian,Family,0.0,2,1,0.0,24500.0,8700.0,32100.0,5900.0,No,0.0,736.0,496200.0,227100.0,Home Appliances EMI,237000.0,29,Eligible,16320.0
27.0,Male,Married,Graduate,32100.0,Private,3.5,MNC,Rented,10900.0,2,1,2700.0,0.0,4000.0,7700.0,6100.0,No,0.0,776.0,243500.0,67000.0,Vehicle EMI,1.449e+06,42,Not_Eligible,500.0
32.0,Male,Single,Post Graduate,39900.0,Private,0.5,Mid-size,Own,0.0,2,1,10600.0,0.0,3900.0,10100.0,4300.0,Yes,11600.0,602.0,192500.0,114000.0,Education EMI,309000.0,9,Not_Eligible,500.0
38.0,Male,Married,Graduate,163100.0,Private,1.8,Small,Rented,56900.0,4,3,2600.0,0.0,12800.0,45400.0,11300.0,No,0.0,594.0,416000.0,205900.0,Home Appliances EMI,83000.0,29,Eligible,13640.0
32.0,Female,Married,Graduate,27700.0,Private,0.9,MNC,Family,0.0,3,2,8600.0,0.0,3600.0,4400.0,4500.0,No,0.0,750.0,157900.0,31800.0,Education EMI,370000.0,38,Not_Eligible,3168.0
27.0,Male,Single,High School,49900.0,Self-employed,2.6,Large Indian,Own,0.0,1,0,0.0,0.0,5700.0,8000.0,9600.0,Yes,10100.0,597.0,233800.0,120800.0,Education EMI,102000.0,42,Eligible,4158.0
38.0,Female,Married,Professional,64300.0,Private,8.3,Mid-size,Rented,16000.0,3,2,15000.0,0.0,5800.0,11400.0,7200.0,No,0.0,592.0,324700.0,102000.0,Vehicle EMI,1.117e+06,62,Not_Eligible,3560.0
38.0,Male,Married,Post Graduate,23142.0,Private,3.2,MNC,Own,0.0,2,1,0.0,0.0,2500.0,6500.0,1700.0,No,0.0,750.0,150900.0,33900.0,Personal Loan EMI,113000.0,47,Eligible,8382.0
38.0,Male,Married,Post Graduate,49700.0,Private,1.3,Large Indian,Rented,9900.0,3,2,0.0,0.0,5300.0,14000.0,6900.0,No,0.0,740.0,143900.0,58300.0,Education EMI,167000.0,20,Not_Eligible,6800.0
38.0,Female,Married,High School,14400.0,Private,6.3,Mid-size,Family,0.0,3,2,3600.0,23800.0,2000.0,4200.0,2700.0,Yes,2100.0,630.0,29000.0,6600.0,Personal Loan EMI,488000.0,50,Not_Eligible,500.0
48.0,Male,Married,High School,50200.0,Private,5.6,Startup,Rented,8800.0,2,1,8300.0,0.0,4300.0,13300.0,5600.0,No,0.0,745.0,149000.0,65000.0,Personal Loan EMI,549000.0,39,Not_Eligible,4950.0
32.0,Female,Married,Graduate,37200.0,Government,1.0,Large Indian,Rented,11700.0,4,3,7100.0,0.0,3000.0,10000.0,6300.0,No,0.0,700.0,229800.0,112700.0,Vehicle EMI,1.429e+06,57,Not_Eligible,500.0
32.0,Male,Married,Post Graduate,82400.0,Private,2.5,MNC,Own,0.0,3,2,3000.0,0.0,9800.0,19600.0,14300.0,No,0.0,767.0,52500.0,20800.0,E-commerce Shopping EMI,162000.0,22,Eligible,17136.0
48.0,Male,Married,High School,26100.0,Private,5.5,MNC,Rented,8600.0,2,1,12800.0,0.0,3400.0,7400.0,5200.0,Yes,4400.0,690.0,87200.0,19000.0,Education EMI,209000.0,39,Not_Eligible,500.0
48.0,Male,Married,Post Graduate,56000.0,Private,10.4,MNC,Rented,15100.0,2,1,0.0,15000.0,6500.0,11200.0,7700.0,Yes,9700.0,641.0,116100.0,62200.0,Vehicle EMI,217000.0,17,Not_Eligible,500.0
32.0,Female,Married,Post Graduate,35500.0,Private,8.4,Large Indian,Family,0.0,2,1,0.0,15400.0,4300.0,8200.0,2100.0,Yes,5800.0,710.0,236100.0,84400.0,Education EMI,239000.0,35,Not_Eligible,500.0
48.0,Male,Married,High School,42600.0,Private,1.4,Small,Rented,12600.0,5,4,14000.0,0.0,6000.0,7300.0,8200.0,No,0.0,718.0,307100.0,145800.0,Education EMI,486000.0,42,Not_Eligible,500.0
38.0,Male,Married,Graduate,68200.0,Private,0.5,Mid-size,Family,0.0,2,1,0.0,0.0,4600.0,18400.0,8900.0,No,0.0,0.0,117800.0,50100.0,Home Appliances EMI,139000.0,25,Eligible,9292.8
27.0,Male,Single,Graduate,38400.0,Private,0.9,Small,Rented,10200.0,1,0,0.0,0.0,3600.0,8900.0,7400.0,Yes,9400.0,803.0,228000.0,70600.0,Vehicle EMI,609000.0,21,Not_Eligible,500.0
27.0,Male,Single,Graduate,30100.0,Private,1.7,Mid-size,Rented,9000.0,2,1,0.0,0.0,3500.0,6900.0,4600.0,No,0.0,778.0,61700.0,28400.0,Personal Loan EMI,659000.0,47,Not_Eligible,3660.0
38.0,Female,Single,Graduate,54500.0,Government,5.1,Large Indian,Own,0.0,1,0,0.0,0.0,5900.0,10600.0,5800.0,Yes,11400.0,739.0,118300.0,37600.0,Home Appliances EMI,266000.0,36,Not_Eligible,8008.0
58.0,Female,Married,Professional,88300.0,Private,8.2,Mid-size,Rented,20100.0,4,3,0.0,0.0,8000.0,20000.0,10800.0,Yes,23200.0,716.0,53800.0,11000.0,Home Appliances EMI,266000.0,10,Not_Eligible,1736.0
38.0,Female,Married,Post Graduate,33600.0,Private,0.5,MNC,Rented,7300.0,2,1,9000.0,23700.0,3600.0,8400.0,2600.0,No,0.0,756.0,22100.0,6100.0,E-commerce Shopping EMI,171000.0,16,Not_Eligible,500.0
48.0,Male,Married,Graduate,42800.0,Private,8.5,Large Indian,Family,0.0,2,1,3700.0,10100.0,3700.0,12600.0,4800.0,No,0.0,642.0,41400.0,18200.0,Personal Loan EMI,255000.0,44,Not_Eligible,2528.0
58.0,Male,Married,Graduate,69500.0,Private,2.8,Large Indian,Family,0.0,4,3,8500.0,9600.0,5600.0,19300.0,5500.0,No,0.0,704.0,269300.0,97100.0,Education EMI,465000.0,33,Not_Eligible,10500.0
38.0,Male,Married,Graduate,61800.0,Private,7.7,MNC,Own,0.0,3,2,6700.0,0.0,3800.0,17600.0,9600.0,No,0.0,701.0,308800.0,62600.0,Home Appliances EMI,103000.0,6,Not_Eligible,12050.0
38.0,Male,Married,Graduate,77700.0,Private,0.5,MNC,Rented,,4,3,6500.0,0.0,5300.0,15300.0,13700.0,No,0.0,657.0,578400.0,143200.0,E-commerce Shopping EMI,136000.0,4,Not_Eligible,5984.0
27.0,Female,Single,Graduate,43800.0,Private,0.5,Small,Rented,9400.0,1,0,0.0,0.0,4400.0,8700.0,5100.0,No,0.0,637.0,307900.0,174800.0,Home Appliances EMI,235000.0,6,Not_Eligible,5702.4
27.0,Female,Single,Graduate,65600.0,Private,3.0,Large Indian,Rented,22600.0,3,2,12200.0,12500.0,5500.0,13200.0,8500.0,Yes,7200.0,685.0,410200.0,204300.0,Personal Loan EMI,911000.0,39,Not_Eligible,500.0
32.0,Male,Single,High School,25100.0,Private,0.5,Mid-size,Family,0.0,3,2,6200.0,20500.0,1900.0,5600.0,4800.0,No,0.0,758.0,22500.0,4600.0,E-commerce Shopping EMI,160000.0,17,Not_Eligible,500.0
27.0,Male,Single,Graduate,66000.0,Private,1.5,Mid-size,Family,0.0,3,2,0.0,0.0,5300.0,12900.0,13000.0,No,0.0,764.0,91900.0,28800.0,E-commerce Shopping EMI,183000.0,10,Not_Eligible,16704.0
38.0,Male,Married,Graduate,60600.0,Private,1.1,Large Indian,Rented,18100.0,4,3,0.0,0.0,6200.0,12800.0,6500.0,No,0.0,676.0,204900.0,112300.0,Home Appliances EMI,54000.0,26,Eligible,8500.0
27.0,Male,Married,High School,34200.0,Private,5.0,Mid-size,Family,0.0,3,2,9700.0,0.0,4900.0,5400.0,6200.0,No,0.0,824.0,211200.0,102000.0,Vehicle EMI,446000.0,43,Not_Eligible,5280.0
27.0,Male,Single,Graduate,27100.0,Government,2.6,Large Indian,Family,0.0,1,0,0.0,0.0,3800.0,5800.0,3600.0,No,0.0,724.0,63100.0,34200.0,Education EMI,232000.0,15,Not_Eligible,6950.0
38.0,Female,Married,Graduate,18000.0,Private,0.7,MNC,Family,0.0,5,4,5800.0,0.0,2000.0,4700.0,2100.0,Yes,2600.0,738.0,56400.0,29200.0,E-commerce Shopping EMI,196000.0,3,Not_Eligible,500.0
38.0,Female,Married,Post Graduate,81000.0,Private,10.4,Mid-size,Family,0.0,2,1,0.0,14100.0,9600.0,17400.0,4900.0,No,0.0,850.0,368700.0,158000.0,Personal Loan EMI,993000.0,17,Not_Eligible,21000.0
27.0,Male,Single,Post Graduate,36300.0,Government,0.8,Mid-size,Own,0.0,3,2,0.0,0.0,1800.0,6300.0,6500.0,Yes,9300.0,685.0,283200.0,150800.0,E-commerce Shopping EMI,97000.0,17,Not_Eligible,4774.0
27.0,Male,Married,Professional,52500.0,Private,2.2,MNC,Family,0.0,4,3,0.0,0.0,5200.0,14900.0,9000.0,Yes,12400.0,673.0,325600.0,169100.0,E-commerce Shopping EMI,153000.0,21,Not_Eligible,4235.0
48.0,Female,Married,Post Graduate,82600.0,Private,0.8,Startup,Rented,21100.0,2,1,2200.0,0.0,10800.0,15100.0,7100.0,Yes,21200.0,695.0,115300.0,57400.0,Vehicle EMI,1.463e+06,47,Not_Eligible,1142.4
58.0,Male,Single,Professional,32700.0,Private,8.4,Mid-size,Own,0.0,2,1,5100.0,0.0,3700.0,7900.0,5400.0,Yes,6900.0,653.0,31400.0,17600.0,Education EMI,67000.0,25,Not_Eligible,1036.0
32.0,Female,Married,High School,34000.0,Government,10.0,Large Indian,Rented,7400.0,3,2,0.0,0.0,3000.0,6400.0,1800.0,No,0.0,792.0,202400.0,86300.0,Education EMI,318000.0,45,High_Risk,10164.0
58.0,Male,Single,Graduate,56400.0,Government,15.7,Small,Rented,19500.0,1,0,0.0,0.0,8300.0,8500.0,8700.0,No,0.0,760.0,89600.0,46800.0,Personal Loan EMI,654000.0,30,Not_Eligible,6019.2
32.0,Male,Married,High School,69000.0,Private,1.4,Startup,Own,0.0,2,1,14500.0,0.0,4500.0,11600.0,13300.0,No,0.0,593.0,340600.0,127100.0,Personal Loan EMI,550000.0,39,Not_Eligible,10040.0
38.0,Male,Married,Graduate,86200.0,Government,4.4,Startup,Own,0.0,5,4,8700.0,0.0,9100.0,17200.0,10900.0,No,0.0,706.0,346700.0,127900.0,E-commerce Shopping EMI,67000.0,21,Eligible,22165.0
32.0,Female,Married,Graduate,50600.0,Self-employed,0.5,Mid-size,Own,,4,3,0.0,0.0,3500.0,12800.0,9400.0,No,0.0,762.0,190800.0,89500.0,Personal Loan EMI,976000.0,23,Not_Eligible,13446.0
27.0,Female,Married,Graduate,20000.0,Private,3.6,Startup,Rented,5500.0,4,3,7600.0,0.0,2700.0,4000.0,3400.0,No,0.0,723.0,80200.0,35000.0,Education EMI,132000.0,28,Not_Eligible,500.0
37.0,Male,Married,Graduate,37796.0,Government,0.6,Mid-size,Family,0.0,4,3,15000.0,0.0,1900.0,10400.0,2900.0,No,0.0,720.0,134000.0,54900.0,Vehicle EMI,183000.0,17,Not_Eligible,3700.0
58.0,Male,Married,Professional,170000.0,Private,3.6,Mid-size,Own,0.0,3,2,0.0,0.0,11700.0,34300.0,28100.0,No,0.0,684.0,908000.0,281900.0,E-commerce Shopping EMI,12000.0,5,Eligible,47950.0
38.0,Female,Married,Post Graduate,111200.0,Government,7.2,Startup,Rented,17300.0,3,2,14900.0,0.0,15500.0,17200.0,16100.0,Yes,11500.0,809.0,92400.0,20600.0,Vehicle EMI,1.315e+06,17,Not_Eligible,6911.52
48.0,Male,Married,Post Graduate,78500.0,Government,0.7,Large Indian,Family,0.0,4,3,10600.0,0.0,5600.0,16100.0,14800.0,Yes,19600.0,748.0,258700.0,62400.0,E-commerce Shopping EMI,141000.0,16,Not_Eligible,4130.0
32.0,Male,Married,Post Graduate,55200.0,Private,0.7,Large Indian,Rented,9100.0,3,2,0.0,0.0,4700.0,14600.0,8600.0,No,0.0,691.0,437700.0,123700.0,Education EMI,487000.0,7,Not_Eligible,8008.0
38.0,Male,Married,Post Graduate,28900.0,Private,0.5,Large Indian,Rented,8200.0,5,4,8500.0,0.0,1400.0,5500.0,1700.0,No,0.0,734.0,21800.0,11000.0,Home Appliances EMI,139000.0,30,Not_Eligible,1152.0
48.0,Male,Married,Graduate,58400.0,Government,2.6,MNC,Own,0.0,3,2,14000.0,0.0,3400.0,16000.0,10000.0,No,0.0,754.0,74500.0,40500.0,Vehicle EMI,98000.0,73,Eligible,7200.0
38.0,Female,Single,Graduate,86700.0,Self-employed,0.5,Large Indian,Family,0.0,3,2,13500.0,0.0,10100.0,17700.0,8200.0,No,0.0,641.0,131300.0,27500.0,Education EMI,284000.0,25,Not_Eligible,10713.6
58.0,Female,Married,High School,61200.0,Government,6.7,Large Indian,Rented,12700.0,3,2,3200.0,0.0,4900.0,13100.0,10000.0,No,0.0,808.0,187900.0,54600.0,E-commerce Shopping EMI,144000.0,9,Not_Eligible,11418.0
32.0,Male,Married,Post Graduate,50800.0,Private,6.0,Large Indian,Rented,17500.0,3,2,12000.0,0.0,3600.0,10300.0,9800.0,Yes,6500.0,654.0,372800.0,105600.0,Vehicle EMI,1.498e+06,13,Not_Eligible,500.0
48.0,Female,Married,Graduate,44000.0,Self-employed,1.5,Mid-size,Rented,8600.0,3,2,13700.0,0.0,5000.0,8500.0,5800.0,No,0.0,626.0,306200.0,137700.0,E-commerce Shopping EMI,134000.0,6,Not_Eligible,950.4
58.0,Male,Married,Post Graduate,86900.0,Private,3.0,MNC,Family,0.0,4,3,12200.0,0.0,6700.0,23400.0,10900.0,No,0.0,654.0,477200.0,229000.0,Personal Loan EMI,179000.0,12,High_Risk,16850.0
27.0,Female,Single,Professional,58600.0,Private,5.0,MNC,Family,0.0,1,0,0.0,0.0,4700.0,16800.0,7000.0,Yes,14100.0,491.0,232900.0,127200.0,Personal Loan EMI,119000.0,41,Not_Eligible,2800.0
32.0,Male,Married,High School,66000.0,Private,3.8,Large Indian,Rented,14900.0,3,2,2700.0,0.0,3500.0,10000.0,10100.0,Yes,11800.0,716.0,49600.0,22200.0,Personal Loan EMI,323000.0,59,Not_Eligible,3640.0
38.0,Male,Single,Graduate,52500.0,Private,14.2,Startup,Family,0.0,2,1,0.0,0.0,4500.0,14300.0,10400.0,No,0.0,719.0,146800.0,83400.0,Vehicle EMI,824000.0,18,Not_Eligible,11650.0
38.0,Male,Married,Graduate,68800.0,Private,8.2,Large Indian,Family,0.0,3,2,0.0,0.0,6800.0,13600.0,13100.0,No,0.0,630.0,110000.0,28200.0,E-commerce Shopping EMI,106000.0,23,Eligible,11296.0
32.0,Female,Married,Post Graduate,60100.0,Private,1.9,Mid-size,Own,0.0,4,3,0.0,0.0,7800.0,15600.0,10000.0,No,0.0,845.0,116200.0,25700.0,Home Appliances EMI,245000.0,32,Eligible,12816.0
32.0,Male,Married,Graduate,33600.0,Private,4.8,MNC,Rented,10700.0,3,2,0.0,8200.0,2700.0,8800.0,6700.0,No,0.0,633.0,31200.0,6500.0,Home Appliances EMI,99000.0,10,Not_Eligible,500.0
38.0,Male,Married,Graduate,56600.0,Government,9.1,Large Indian,Family,0.0,5,4,14500.0,12800.0,5700.0,15900.0,5700.0,Yes,11700.0,754.0,205600.0,80900.0,Home Appliances EMI,286000.0,10,Not_Eligible,500.0
32.0,Male,Single,Graduate,34700.0,Private,0.6,Startup,Rented,7600.0,2,1,0.0,21500.0,3700.0,5500.0,4200.0,Yes,9300.0,565.0,167300.0,57200.0,Vehicle EMI,655000.0,21,Not_Eligible,500.0
27.0,Female,Single,Post Graduate,106800.0,Government,2.6,Startup,Rented,27300.0,2,1,0.0,0.0,6100.0,27900.0,14800.0,No,0.0,845.0,534500.0,,Home Appliances EMI,34000.0,17,Eligible,18420.0
32.0,Male,Single,Post Graduate,137400.0,Self-employed,6.0,Mid-size,Rented,29000.0,3,2,12100.0,20300.0,7600.0,30800.0,18300.0,No,0.0,800.0,328900.0,93500.0,Vehicle EMI,1.132e+06,64,Not_Eligible,10422.0
27.0,Female,Married,Professional,137600.0,Private,2.2,Large Indian,Family,0.0,3,2,13100.0,0.0,12900.0,29300.0,17800.0,No,0.0,757.0,658700.0,306500.0,Vehicle EMI,823000.0,59,Eligible,38700.0
27.0,Female,Single,Professional,27100.0,Government,0.5,MNC,Own,0.0,2,1,2600.0,0.0,3300.0,6700.0,1400.0,No,0.0,767.0,20400.0,5600.0,E-commerce Shopping EMI,42000.0,22,Eligible,6288.0
32.0,Male,Single,Graduate,46300.0,Government,0.8,Mid-size,Rented,12900.0,1,0,0.0,0.0,5200.0,8100.0,5800.0,Yes,12100.0,573.0,63900.0,13300.0,E-commerce Shopping EMI,139000.0,7,Not_Eligible,500.0
32.0,Male,Single,Graduate,39900.0,Government,1.3,Mid-size,Rented,6900.0,1,0,0.0,0.0,4600.0,6300.0,2300.0,Yes,7500.0,582.0,258100.0,135000.0,Home Appliances EMI,115000.0,28,Not_Eligible,3788.4
32.0,Male,Married,High School,33700.0,Self-employed,10.0,Large Indian,Own,0.0,4,3,0.0,0.0,3000.0,8500.0,3500.0,No,0.0,733.0,100400.0,47400.0,Home Appliances EMI,254000.0,10,Not_Eligible,8415.0
58.0,Male,Married,Graduate,35200.0,Government,7.6,Mid-size,Family,0.0,3,2,9300.0,0.0,3500.0,7300.0,4800.0,Yes,5000.0,715.0,73900.0,21300.0,E-commerce Shopping EMI,49000.0,10,Not_Eligible,2040.5
32.0,Male,Single,Graduate,49700.0,Government,2.6,MNC,Family,0.0,2,1,2600.0,0.0,5000.0,7900.0,6400.0,Yes,5300.0,690.0,155600.0,72700.0,Home Appliances EMI,138000.0,7,Not_Eligible,7875.0
38.0,Female,Married,Professional,33500.0,Private,13.2,Startup,Own,0.0,3,2,0.0,0.0,4600.0,8200.0,5800.0,No,0.0,680.0,228100.0,61900.0,Personal Loan EMI,735000.0,51,Not_Eligible,8195.0
38.0,Female,Married,Professional,51600.0,Government,0.5,Small,Rented,10700.0,2,1,7200.0,18000.0,7400.0,12200.0,2900.0,Yes,13600.0,655.0,95100.0,43000.0,E-commerce Shopping EMI,91000.0,12,Not_Eligible,500.0
27.0,Male,Single,Graduate,42900.0,Government,5.0,Startup,Rented,9600.0,1,0,0.0,0.0,4500.0,11000.0,8500.0,No,0.0,687.0,128500.0,52300.0,Personal Loan EMI,903000.0,23,Not_Eligible,5115.0
58.0,Male,Married,Graduate,58600.0,Government,27.6,Small,Own,0.0,4,3,0.0,23300.0,6900.0,12300.0,7700.0,Yes,10700.0,608.0,112700.0,52600.0,E-commerce Shopping EMI,107000.0,16,Not_Eligible,500.0
48.0,Male,Married,Graduate,65200.0,Private,6.7,Large Indian,Own,0.0,3,2,0.0,6200.0,4400.0,14400.0,9300.0,No,0.0,611.0,234400.0,49600.0,Vehicle EMI,195000.0,27,Eligible,12360.0
27.0,Male,Married,Graduate,58700.0,Government,0.7,Mid-size,Rented,19100.0,3,2,0.0,6700.0,3000.0,17300.0,4300.0,No,0.0,717.0,252800.0,135200.0,Vehicle EMI,1.47e+06,47,Not_Eligible,4150.0
38.0,Female,Married,Post Graduate,88800.0,Private,1.6,Large Indian,Rented,17400.0,4,3,5400.0,0.0,9200.0,25000.0,9300.0,Yes,17000.0,620.0,162800.0,37800.0,Vehicle EMI,1.172e+06,65,Not_Eligible,1232.0
58.0,Female,Married,High School,16000.0,Private,27.7,Large Indian,Rented,3200.0,2,1,0.0,15700.0,1500.0,2500.0,2800.0,No,0.0,818.0,13900.0,4300.0,Vehicle EMI,985000.0,81,Not_Eligible,500.0
58.0,Male,Married,Graduate,38400.0,Government,5.8,Large Indian,Own,0.0,3,2,2600.0,0.0,2300.0,7100.0,2800.0,No,0.0,790.0,290600.0,105300.0,Vehicle EMI,171000.0,41,Eligible,17133.6
48.0,Female,Married,High School,27500.0,Government,20.7,Large Indian,Rented,8100.0,3,2,11800.0,20200.0,1900.0,5700.0,3700.0,No,0.0,833.0,143300.0,49100.0,Home Appliances EMI,138000.0,18,Not_Eligible,500.0
32.0,Male,Married,Post Graduate,86200.0,Private,8.2,Large Indian,Rented,21200.0,2,1,3100.0,15900.0,9900.0,14100.0,14900.0,No,0.0,754.0,146700.0,55000.0,Education EMI,343000.0,46,Not_Eligible,3408.0
58.0,Male,Married,Professional,85000.0,Private,36.0,MNC,Rented,20800.0,4,3,12900.0,23700.0,9400.0,13500.0,6500.0,Yes,16200.0,691.0,103200.0,47600.0,Vehicle EMI,1.326e+06,52,Not_Eligible,500.0
48.0,Male,Married,Post Graduate,87200.0,Government,26.0,MNC,Family,0.0,2,1,0.0,0.0,12100.0,15500.0,14900.0,No,0.0,822.0,183500.0,42900.0,E-commerce Shopping EMI,54000.0,3,Eligible,29502.0
48.0,Female,Married,Professional,49200.0,Private,6.6,Startup,Own,0.0,4,3,0.0,10800.0,4700.0,12200.0,2700.0,No,0.0,773.0,309800.0,153100.0,Vehicle EMI,326000.0,71,Eligible,12408.0
32.0,Male,Single,Graduate,31400.0,Private,0.7,Large Indian,Rented,10400.0,2,1,5200.0,9800.0,4300.0,9300.0,2200.0,Yes,9200.0,562.0,139400.0,76800.0,E-commerce Shopping EMI,167000.0,9,Not_Eligible,500.0
38.0,Female,Married,Graduate,46900.0,Private,2.2,Startup,Own,0.0,3,2,12700.0,0.0,6800.0,7500.0,8600.0,No,0.0,721.0,146000.0,63000.0,Vehicle EMI,214000.0,79,Eligible,5650.0
58.0,Female,Married,Graduate,58400.0,Self-employed,4.0,MNC,Family,0.0,5,4,13200.0,0.0,5000.0,15700.0,6200.0,Yes,7700.0,667.0,454000.0,94000.0,Education EMI,201000.0,47,Not_Eligible,3672.9
38.0,Male,Married,Professional,51200.0,Private,7.5,MNC,Rented,13700.0,3,2,14400.0,0.0,4400.0,8600.0,2700.0,No,0.0,753.0,96300.0,31800.0,Education EMI,118000.0,9,Not_Eligible,3552.0
38.0,Female,Married,Graduate,45400.0,Private,0.5,Large Indian,Own,0.0,3,2,0.0,0.0,2600.0,7200.0,2500.0,Yes,7100.0,654.0,135600.0,34700.0,Home Appliances EMI,204000.0,21,Not_Eligible,7280.0
58.0,Female,Married,Graduate,44700.0,Private,6.9,Startup,Rented,10400.0,4,3,9700.0,10700.0,2700.0,13200.0,5200.0,No,0.0,771.0,239000.0,105200.0,E-commerce Shopping EMI,49000.0,19,Not_Eligible,500.0
58.0,Female,Married,High School,45300.0,Private,16.9,MNC,Own,0.0,4,3,14700.0,0.0,4700.0,12200.0,8600.0,Yes,10700.0,719.0,165400.0,52100.0,Personal Loan EMI,460000.0,44,Not_Eligible,500.0
48.0,Female,Married,Graduate,42000.0,Private,3.1,Large Indian,Family,0.0,2,1,13400.0,0.0,6100.0,8000.0,5300.0,No,0.0,626.0,241700.0,123100.0,Vehicle EMI,448000.0,52,Not_Eligible,3680.0
27.0,Male,Single,Graduate,49300.0,Private,2.1,Mid-size,Own,0.0,2,1,13200.0,0.0,5500.0,7600.0,6400.0,Yes,10200.0,634.0,51100.0,19000.0,Education EMI,212000.0,21,Not_Eligible,1433.6
27.0,Male,Single,Post Graduate,48300.0,Private,0.5,Large Indian,Family,0.0,2,1,0.0,0.0,4200.0,10500.0,2500.0,No,0.0,640.0,303300.0,78300.0,E-commerce Shopping EMI,151000.0,17,High_Risk,10947.2
38.0,Male,Married,Professional,102300.0,Private,2.9,Large Indian,Family,0.0,4,3,6500.0,19300.0,5700.0,19300.0,11400.0,Yes,11900.0,612.0,455400.0,187800.0,Home Appliances EMI,104000.0,34,Eligible,7896.0
32.0,Female,Married,High School,58900.0,Private,3.5,MNC,Own,0.0,3,2,0.0,0.0,7000.0,15500.0,7500.0,No,0.0,651.0,207800.0,56000.0,Education EMI,285000.0,32,Eligible,14450.0
58.0,Male,Married,Graduate,34900.0,Private,2.2,Mid-size,Own,0.0,2,1,10600.0,0.0,2200.0,7000.0,4100.0,Yes,5100.0,593.0,147100.0,63900.0,Personal Loan EMI,907000.0,43,Not_Eligible,1652.0
32.0,Male,Married,Graduate,31500.0,Private,10.0,Large Indian,Rented,6400.0,4,3,6200.0,0.0,2500.0,6800.0,5200.0,No,0.0,828.0,83700.0,32700.0,Personal Loan EMI,350000.0,45,Not_Eligible,2640.0
48.0,Male,Married,Post Graduate,89700.0,Self-employed,12.0,Startup,Rented,23600.0,3,2,3200.0,0.0,9800.0,19600.0,5600.0,Yes,16300.0,631.0,602700.0,314300.0,Home Appliances EMI,132000.0,6,Not_Eligible,3215.52
38.0,Female,Married,Graduate,65600.0,Private,4.1,Startup,Own,0.0,2,1,9700.0,19100.0,4400.0,16000.0,10500.0,No,0.0,715.0,412200.0,92100.0,Home Appliances EMI,238000.0,6,Not_Eligible,3245.0
27.0,Male,Married,Post Graduate,23400.0,Private,4.6,Mid-size,Own,0.0,5,4,11100.0,15900.0,2800.0,5500.0,2500.0,No,0.0,735.0,129700.0,72000.0,Education EMI,155000.0,23,Not_Eligible,500.0
32.0,Male,Married,Professional,90700.0,Private,2.5,Large Indian,Family,0.0,3,2,4800.0,0.0,7600.0,21600.0,7500.0,No,0.0,758.0,45400.0,10300.0,Vehicle EMI,1.458e+06,55,Not_Eligible,23616.0
58.0,Male,Married,Graduate,40600.0,Private,9.1,Large Indian,Own,0.0,3,2,11300.0,0.0,2100.0,8000.0,2200.0,No,0.0,571.0,244400.0,58100.0,Personal Loan EMI,713000.0,30,Not_Eligible,7480.0
58.0,Male,Married,Graduate,69300.0,Government,35.3,Startup,Rented,17800.0,3,2,0.0,0.0,6600.0,16900.0,10400.0,No,0.0,736.0,165700.0,42300.0,Vehicle EMI,826000.0,12,Not_Eligible,9680.0
48.0,Female,Married,Graduate,52000.0,Private,10.2,Startup,Own,0.0,4,3,15000.0,0.0,6500.0,9200.0,3300.0,No,0.0,649.0,141400.0,62300.0,E-commerce Shopping EMI,98000.0,10,Not_Eligible,7200.0
32.0,Male,Single,High School,60200.0,Private,4.5,Mid-size,Rented,15300.0,3,2,2100.0,0.0,5000.0,11500.0,8100.0,No,0.0,670.0,335300.0,134600.0,E-commerce Shopping EMI,90000.0,24,Eligible,9100.0
48.0,Male,Married,Post Graduate,82700.0,Government,10.7,MNC,Own,0.0,4,3,0.0,0.0,5700.0,16200.0,8000.0,No,0.0,850.0,583500.0,198100.0,Personal Loan EMI,851000.0,38,Eligible,38332.8
38.0,Male,Married,Professional,68700.0,Government,5.0,MNC,Own,0.0,2,1,4600.0,0.0,5100.0,15300.0,6200.0,No,0.0,811.0,450300.0,168000.0,Home Appliances EMI,29000.0,12,Eligible,27225.0
32.0,Male,Married,Professional,124900.0,Private,1.6,Mid-size,Own,0.0,3,2,7900.0,20200.0,7200.0,24800.0,22300.0,Yes,26400.0,712.0,199300.0,60800.0,Personal Loan EMI,935000.0,19,Not_Eligible,4508.0
38.0,Female,Married,Graduate,99700.0,Private,1.9,Large Indian,Rented,34100.0,3,2,9400.0,0.0,11400.0,23000.0,17300.0,No,0.0,793.0,242500.0,139900.0,Education EMI,129000.0,30,Not_Eligible,2700.0
38.0,Female,Married,Post Graduate,55900.0,Private,1.0,MNC,Rented,15200.0,3,2,10000.0,19400.0,3800.0,10700.0,5100.0,Yes,16400.0,577.0,323400.0,154600.0,E-commerce Shopping EMI,15000.0,14,Not_Eligible,500.0
32.0,Male,Married,Post Graduate,146300.0,Private,0.5,Large Indian,Rented,33500.0,3,2,0.0,0.0,19300.0,24900.0,22900.0,No,0.0,629.0,765400.0,368100.0,Personal Loan EMI,465000.0,48,High_Risk,14624.0
27.0,Male,Single,Graduate,54300.0,Private,0.5,Mid-size,Family,0.0,1,0,0.0,0.0,6800.0,12100.0,10400.0,Yes,7200.0,671.0,192200.0,86900.0,E-commerce Shopping EMI,110000.0,8,Not_Eligible,4984.0
48.0,Male,Married,Graduate,68500.0,Private,20.1,Large Indian,Family,0.0,4,3,0.0,18100.0,4300.0,17600.0,13700.0,No,0.0,776.0,250600.0,144100.0,Education EMI,465000.0,22,Not_Eligible,8880.0
38.0,Male,Married,Post Graduate,47500.0,Self-employed,2.9,Startup,Own,0.0,2,1,0.0,0.0,6600.0,8800.0,2900.0,Yes,12500.0,717.0,365900.0,206100.0,Vehicle EMI,807000.0,14,Not_Eligible,5786.55
27.0,Male,Single,Post Graduate,30000.0,Private,1.5,MNC,Rented,7100.0,1,0,0.0,0.0,2300.0,4500.0,2900.0,No,0.0,709.0,109900.0,28600.0,Home Appliances EMI,70000.0,31,Eligible,6600.0
38.0,Male,Married,Graduate,48800.0,Private,7.3,Mid-size,Own,0.0,2,1,11500.0,0.0,5000.0,13500.0,3500.0,Yes,13000.0,635.0,330100.0,88000.0,E-commerce Shopping EMI,114000.0,11,Not_Eligible,708.4
32.0,Male,Married,Professional,9097.0,Government,0.5,MNC,Family,0.0,3,2,12400.0,6300.0,7900.0,20400.0,10700.0,No,0.0,850.0,360200.0,126000.0,Vehicle EMI,634000.0,26,Not_Eligible,10020.0
27.0,Male,Single,High School,37300.0,Private,0.9,Mid-size,Family,0.0,1,0,0.0,0.0,4700.0,6200.0,6500.0,No,0.0,698.0,160600.0,88600.0,E-commerce Shopping EMI,31000.0,19,Eligible,7960.0
32.0,Male,Single,Post Graduate,34100.0,Private,4.7,Large Indian,Rented,9900.0,1,0,0.0,0.0,1900.0,9900.0,6000.0,Yes,6100.0,624.0,221000.0,88500.0,Education EMI,127000.0,39,Not_Eligible,500.0
38.0,Male,Married,High School,20800.0,Private,0.9,Large Indian,Rented,5100.0,3,2,3400.0,0.0,2400.0,3600.0,2500.0,No,0.0,748.0,147400.0,33000.0,E-commerce Shopping EMI,79000.0,16,Not_Eligible,1672.0
38.0,Male,Married,Graduate,37500.0,Private,0.5,Large Indian,Family,0.0,4,3,0.0,0.0,2200.0,9900.0,2100.0,No,0.0,746.0,252700.0,89700.0,Education EMI,403000.0,18,Not_Eligible,10252.0
32.0,Male,Married,High School,23000.0,Government,0.7,Small,Family,0.0,2,1,12100.0,7900.0,2500.0,5200.0,2400.0,Yes,3100.0,612.0,34300.0,12500.0,Personal Loan EMI,106000.0,43,Not_Eligible,500.0
38.0,Male,Married,Graduate,43300.0,Self-employed,1.8,MNC,Family,0.0,4,3,7400.0,0.0,3400.0,9400.0,4600.0,Yes,9600.0,624.0,307200.0,132200.0,E-commerce Shopping EMI,77000.0,20,Not_Eligible,2467.08
48.0,Male,Married,Post Graduate,96000.0,Private,4.2,MNC,Rented,19600.0,5,4,10200.0,20800.0,7800.0,28300.0,5400.0,No,0.0,681.0,91400.0,45100.0,Vehicle EMI,1.194e+06,19,Not_Eligible,1560.0
38.0,Female,Married,Professional,61500.0,Self-employed,1.6,MNC,Family,0.0,4,3,0.0,23900.0,3400.0,17500.0,9800.0,Yes,16000.0,599.0,353900.0,102600.0,E-commerce Shopping EMI,164000.0,11,Not_Eligible,500.0
32.0,Male,Single,Graduate,50600.0,Government,0.5,Large Indian,Own,0.0,1,0,0.0,0.0,3400.0,14800.0,3600.0,Yes,6700.0,701.0,73700.0,23200.0,Vehicle EMI,277000.0,57,High_Risk,6188.0
38.0,Female,Married,Graduate,51700.0,Private,8.8,Large Indian,Family,0.0,3,2,7200.0,0.0,4600.0,13800.0,9000.0,Yes,7200.0,675.0,284500.0,118200.0,Home Appliances EMI,205000.0,18,Not_Eligible,3465.0
32.0,Female,Single,Graduate,46300.0,Private,5.4,MNC,Own,0.0,3,2,4000.0,0.0,2700.0,7300.0,2500.0,No,0.0,653.0,244200.0,76500.0,Personal Loan EMI,448000.0,27,Not_Eligible,14900.0
38.0,Female,Married,Post Graduate,63200.0,Private,2.6,Mid-size,Rented,17600.0,3,2,14800.0,12900.0,4400.0,16500.0,9700.0,Yes,14900.0,597.0,445200.0,135100.0,Personal Loan EMI,842000.0,54,Not_Eligible,500.0
32.0,Male,Married,Graduate,91600.0,Private,3.3,Startup,Family,0.0,3,2,10600.0,0.0,7200.0,20500.0,15200.0,Yes,10600.0,769.0,80300.0,17700.0,Home Appliances EMI,157000.0,6,Not_Eligible,9240.0
38.0,Male,Married,Graduate,444731.0,Private,4.9,MNC,Family,0.0,3,2,13000.0,0.0,5400.0,17200.0,10100.0,Yes,10800.0,695.0,297200.0,178100.0,Vehicle EMI,785000.0,53,Not_Eligible,2800.0
32.0,Male,Married,Graduate,121200.0,Private,2.9,Startup,Rented,28900.0,3,2,14900.0,0.0,14700.0,19100.0,21300.0,No,0.0,742.0,238700.0,93800.0,Home Appliances EMI,110000.0,29,Eligible,8920.0
48.0,Male,Married,Graduate,66400.0,Private,7.6,MNC,Family,0.0,3,2,0.0,8700.0,8800.0,18500.0,5100.0,Yes,16500.0,626.0,58300.0,30000.0,E-commerce Shopping EMI,33000.0,19,High_Risk,1971.2
38.0,Female,Married,Graduate,33400.0,Private,1.5,Mid-size,Family,0.0,3,2,8200.0,17700.0,5000.0,7000.0,5100.0,No,0.0,607.0,76900.0,24500.0,Vehicle EMI,931000.0,44,Not_Eligible,500.0
32.0,Male,Married,Post Graduate,51900.0,Private,2.1,Large Indian,Family,0.0,4,3,6300.0,0.0,6400.0,13500.0,2600.0,Yes,7300.0,711.0,71500.0,27300.0,Education EMI,376000.0,42,Not_Eligible,4424.0
38.0,Male,Married,Professional,149600.0,Private,0.5,Large Indian,Rented,44800.0,4,3,13800.0,0.0,7600.0,37000.0,22000.0,No,0.0,850.0,82000.0,33600.0,E-commerce Shopping EMI,167000.0,20,Not_Eligible,9369.6
58.0,Female,Married,Post Graduate,26000.0,Private,10.7,Large Indian,Own,0.0,4,3,12200.0,9400.0,2500.0,7100.0,3000.0,No,0.0,750.0,96100.0,49600.0,E-commerce Shopping EMI,73000.0,19,Not_Eligible,500.0
38.0,Male,Married,Graduate,38800.0,Private,9.3,Startup,Own,0.0,4,3,11000.0,0.0,2000.0,9100.0,3100.0,Yes,7800.0,624.0,251000.0,146900.0,E-commerce Shopping EMI,156000.0,16,Not_Eligible,1786.4
48.0,Male,Married,Professional,84800.0,Private,5.0,Large Indian,Family,0.0,4,3,14800.0,5400.0,7800.0,20600.0,15100.0,No,0.0,721.0,471700.0,264500.0,Vehicle EMI,340000.0,71,Eligible,10550.0
48.0,Female,Married,Professional,42300.0,Private,1.5,Large Indian,Own,0.0,3,2,0.0,0.0,2400.0,10600.0,6200.0,No,0.0,686.0,167600.0,88100.0,E-commerce Shopping EMI,76000.0,22,Eligible,11550.0
58.0,Male,Married,Graduate,32800.0,Government,4.9,MNC,Own,0.0,4,3,0.0,0.0,4100.0,8200.0,5400.0,No,0.0,673.0,244600.0,78400.0,Home Appliances EMI,146000.0,26,Eligible,9135.5
27.0,Female,Single,Graduate,39400.0,Private,0.5,Mid-size,Rented,8900.0,1,0,0.0,0.0,4800.0,11400.0,7400.0,Yes,10800.0,633.0,227000.0,109900.0,Home Appliances EMI,231000.0,13,Not_Eligible,500.0
27.0,Female,Married,High School,71400.0,Private,0.5,MNC,Rented,22300.0,4,3,7000.0,9400.0,6100.0,11700.0,11900.0,No,0.0,588.0,183100.0,94000.0,E-commerce Shopping EMI,28000.0,16,Not_Eligible,960.0
48.0,Female,Married,Graduate,29100.0,Private,21.2,Startup,Family,0.0,3,2,7400.0,0.0,3100.0,8400.0,4000.0,No,0.0,600.0,44300.0,21900.0,Personal Loan EMI,318000.0,32,Not_Eligible,1984.0
38.0,Male,Married,Post Graduate,63100.0,Private,5.0,Large Indian,Own,0.0,3,2,0.0,10400.0,9200.0,11700.0,4700.0,Yes,9200.0,533.0,77400.0,20800.0,E-commerce Shopping EMI,34000.0,16,High_Risk,2506.0
58.0,Male,Married,High School,43400.0,Private,0.5,MNC,Own,0.0,3,2,7300.0,9300.0,3000.0,11100.0,7700.0,Yes,5800.0,604.0,103600.0,59600.0,E-commerce Shopping EMI,51000.0,17,Not_Eligible,500.0
38.0,Female,Married,Professional,92400.0,Government,6.2,Large Indian,Family,0.0,4,3,5600.0,21600.0,6200.0,17800.0,7000.0,Yes,11100.0,825.0,494400.0,262200.0,Personal Loan EMI,514000.0,43,Not_Eligible,10672.2
38.0,Female,Married,High School,29000.0,Self-employed,2.4,Startup,Rented,6100.0,4,3,0.0,0.0,2700.0,5800.0,2100.0,No,0.0,568.0,15100.0,6100.0,Education EMI,283000.0,27,Not_Eligible,3542.4
32.0,Male,Married,Post Graduate,57900.0,Private,4.8,MNC,Family,21784.0,4,3,13000.0,0.0,8700.0,12300.0,4400.0,Yes,8500.0,720.0,125000.0,49400.0,Home Appliances EMI,138000.0,17,Not_Eligible,3850.0
32.0,Female,Married,Post Graduate,35000.0,Private,0.8,Startup,Rented,6300.0,3,2,12400.0,5900.0,2800.0,9000.0,3700.0,Yes,5400.0,605.0,174400.0,101800.0,Vehicle EMI,1.111e+06,14,Not_Eligible,500.0
38.0,Female,Married,High School,43200.0,Government,2.7,Small,Family,0.0,2,1,0.0,0.0,6200.0,6500.0,7600.0,No,0.0,656.0,23600.0,13900.0,Home Appliances EMI,233000.0,19,Not_Eligible,9160.0
38.0,Female,Married,Professional,163800.0,Government,4.1,Mid-size,Own,0.0,2,1,0.0,7300.0,24200.0,25900.0,25900.0,No,0.0,999.0,636100.0,239700.0,Home Appliances EMI,170000.0,15,Eligible,53130.0
32.0,Female,Married,Graduate,32100.0,Government,2.0,Startup,Family,0.0,4,3,9500.0,0.0,4300.0,8800.0,1800.0,No,0.0,727.0,105000.0,60200.0,E-commerce Shopping EMI,50000.0,14,Not_Eligible,3850.0
48.0,Female,Married,Graduate,41400.0,Self-employed,18.7,Large Indian,Rented,9300.0,4,3,0.0,20800.0,5700.0,7000.0,4700.0,No,0.0,626.0,120600.0,70400.0,Home Appliances EMI,266000.0,12,Not_Eligible,500.0
38.0,Male,Married,Post Graduate,82100.0,Private,1.2,Startup,Family,0.0,3,2,3500.0,0.0,9100.0,19500.0,13600.0,Yes,20100.0,674.0,244600.0,95400.0,Home Appliances EMI,258000.0,6,Not_Eligible,5705.0
48.0,Male,Married,Post Graduate,94100.0,Government,7.5,Mid-size,Rented,21200.0,3,2,0.0,0.0,6100.0,25500.0,14400.0,No,0.0,808.0,705100.0,312900.0,E-commerce Shopping EMI,177000.0,6,Not_Eligible,19529.4
38.0,Female,Married,Post Graduate,69800.0,Private,1.4,MNC,Rented,11900.0,3,2,0.0,0.0,3700.0,20900.0,3500.0,Yes,12100.0,654.0,137500.0,81600.0,Vehicle EMI,1.166e+06,43,Not_Eligible,4956.0
38.0,Male,Married,Graduate,110100.0,Private,9.5,Mid-size,Rented,17700.0,3,2,2300.0,0.0,10500.0,26400.0,8400.0,Yes,32500.0,771.0,408700.0,245000.0,Home Appliances EMI,101000.0,12,Not_Eligible,5166.0
27.0,Male,Single,High School,61800.0,Government,2.2,MNC,Own,0.0,1,0,0.0,0.0,6300.0,16800.0,7100.0,Yes,10000.0,689.0,257900.0,135100.0,E-commerce Shopping EMI,130000.0,10,Not_Eligible,7560.0
48.0,Male,Single,Professional,67000.0,Self-employed,11.6,Startup,Rented,12000.0,2,1,6600.0,0.0,8100.0,13500.0,9100.0,Yes,18200.0,576.0,303100.0,121700.0,Home Appliances EMI,96000.0,11,Not_Eligible,500.0
38.0,Female,Married,Graduate,64200.0,Self-employed,3.7,Mid-size,Family,0.0,4,3,11300.0,0.0,7100.0,16700.0,5500.0,No,0.0,0.0,48600.0,25900.0,E-commerce Shopping EMI,52000.0,12,Eligible,8496.0
38.0,Female,Married,Post Graduate,89600.0,Private,3.6,MNC,Own,0.0,3,2,10800.0,0.0,8800.0,24800.0,14200.0,No,0.0,758.0,206400.0,41400.0,Personal Loan EMI,367000.0,28,High_Risk,18600.0
48.0,Female,Married,Graduate,54100.0,Self-employed,7.7,Mid-size,Own,0.0,4,3,0.0,0.0,3800.0,10300.0,7600.0,No,0.0,679.0,190100.0,67200.0,Home Appliances EMI,211000.0,27,Eligible,14580.0
38.0,Male,Married,Graduate,29300.0,Government,0.9,Large Indian,Family,0.0,4,3,8100.0,0.0,3100.0,7700.0,1700.0,Yes,3000.0,1200.0,128700.0,44400.0,E-commerce Shopping EMI,12000.0,4,Not_Eligible,2394.0
32.0,Male,Married,Graduate,63200.0,Private,4.9,MNC,Own,0.0,3,2,12100.0,0.0,5200.0,13700.0,6400.0,Yes,16500.0,559.0,90600.0,53300.0,E-commerce Shopping EMI,115000.0,17,Not_Eligible,2083.2
58.0,Female,Married,Graduate,127800.0,Private,23.9,Mid-size,Rented,20000.0,4,3,13700.0,25000.0,15700.0,37600.0,22300.0,No,0.0,765.0,818500.0,451700.0,Home Appliances EMI,150000.0,10,Not_Eligible,500.0
32.0,Male,Married,High School,27900.0,Private,3.6,Mid-size,Rented,9300.0,3,2,0.0,0.0,3600.0,5500.0,3200.0,No,0.0,682.0,183100.0,44400.0,Vehicle EMI,356000.0,27,Not_Eligible,3465.0
32.0,Female,Married,Post Graduate,45500.0,Private,1.9,Mid-size,Family,0.0,4,3,12300.0,0.0,6600.0,10700.0,6500.0,Yes,7900.0,596.0,301900.0,113500.0,Personal Loan EMI,455000.0,36,Not_Eligible,500.0
32.0,Female,Married,Post Graduate,47800.0,Private,0.7,Large Indian,Family,0.0,3,2,0.0,19100.0,4600.0,11600.0,4100.0,No,0.0,573.0,67600.0,24100.0,Personal Loan EMI,773000.0,41,Not_Eligible,2150.4
32.0,Female,Married,Graduate,74800.0,Private,2.3,Startup,Family,0.0,4,3,13800.0,6800.0,9900.0,13100.0,9900.0,No,0.0,814.0,282000.0,107300.0,E-commerce Shopping EMI,133000.0,16,Eligible,12780.0
32.0,Male,Married,High School,49600.0,Private,0.5,Large Indian,Own,0.0,3,2,14400.0,14300.0,2500.0,14000.0,8500.0,Yes,14000.0,672.0,240100.0,90800.0,E-commerce Shopping EMI,28000.0,16,Not_Eligible,500.0
27.0,Female,Married,Post Graduate,76400.0,Private,0.5,Large Indian,Family,0.0,3,2,10000.0,0.0,11200.0,16200.0,4900.0,No,0.0,753.0,605400.0,259900.0,E-commerce Shopping EMI,44000.0,24,Eligible,18004.8
38.0,Female,Married,Graduate,23400.0,Private,0.5,MNC,Rented,3700.0,3,2,15000.0,0.0,2300.0,3600.0,1200.0,Yes,5300.0,625.0,155500.0,83100.0,Vehicle EMI,1.35e+06,78,Not_Eligible,500.0
27.0,Female,Single,Graduate,29700.0,Private,0.5,Startup,Family,0.0,2,1,9000.0,14700.0,1800.0,5400.0,3100.0,Yes,6500.0,560.0,41600.0,14800.0,Vehicle EMI,573000.0,38,Not_Eligible,500.0
32.0,Female,Married,Graduate,29600.0,Self-employed,3.5,MNC,Rented,7800.0,4,3,12100.0,0.0,2800.0,7400.0,3300.0,No,0.0,702.0,18700.0,8200.0,Education EMI,74000.0,20,Not_Eligible,500.0
27.0,Female,Single,Post Graduate,36300.0,Private,0.7,Large Indian,Rented,12500.0,1,0,0.0,0.0,1900.0,8200.0,6700.0,No,0.0,551.0,178900.0,91700.0,Home Appliances EMI,218000.0,29,Not_Eligible,2240.0
58.0,Male,Married,Graduate,61300.0,Government,0.5,MNC,Rented,11900.0,2,1,2700.0,0.0,7400.0,12500.0,3500.0,Yes,10300.0,665.0,306100.0,128700.0,Personal Loan EMI,136000.0,49,High_Risk,4550.0
32.0,Male,Married,Graduate,456130.0,Government,0.5,Mid-size,Family,0.0,4,3,0.0,0.0,4300.0,10800.0,3400.0,Yes,10500.0,564.0,248500.0,120800.0,Personal Loan EMI,248000.0,43,Not_Eligible,6048.0
38.0,Female,Married,Graduate,95200.0,Private,3.5,MNC,Rented,26400.0,5,4,13800.0,18100.0,13000.0,27200.0,8800.0,No,0.0,641.0,655000.0,364700.0,E-commerce Shopping EMI,18000.0,10,Not_Eligible,500.0
32.0,Female,Married,Graduate,36800.0,Private,2.7,Mid-size,Family,0.0,5,4,0.0,15100.0,1900.0,10200.0,7300.0,No,0.0,723.0,71400.0,34300.0,Personal Loan EMI,403000.0,15,Not_Eligible,920.0
38.0,Female,Married,Post Graduate,43800.0,Private,8.4,Mid-size,Rented,10900.0,4,3,10800.0,14300.0,3300.0,7800.0,6200.0,Yes,6300.0,684.0,307800.0,80400.0,Home Appliances EMI,151000.0,13,Not_Eligible,500.0
32.0,Female,Married,Post Graduate,53200.0,Private,10.0,Startup,Rented,11900.0,4,3,11200.0,0.0,3100.0,8500.0,10200.0,Yes,7400.0,710.0,366100.0,94300.0,Personal Loan EMI,430000.0,50,Not_Eligible,500.0
38.0,Male,Married,Post Graduate,31900.0,Government,6.9,Large Indian,Family,0.0,2,1,10900.0,21900.0,2600.0,6100.0,2800.0,Yes,5600.0,702.0,32000.0,18200.0,Vehicle EMI,1.346e+06,62,Not_Eligible,500.0
38.0,Female,Married,Graduate,77300.0,Private,4.4,Large Indian,Family,0.0,2,1,11700.0,0.0,9600.0,21500.0,15100.0,No,0.0,713.0,396400.0,206000.0,Education EMI,159000.0,31,Eligible,9700.0
27.0,Female,Single,Professional,36200.0,Private,0.5,Large Indian,Own,0.0,1,0,0.0,0.0,4600.0,7200.0,6300.0,No,0.0,716.0,144100.0,69900.0,Home Appliances EMI,165000.0,7,Not_Eligible,7240.0
48.0,Female,Married,Graduate,91700.0,Government,26.0,Small,Rented,23400.0,2,1,11400.0,23000.0,8500.0,17700.0,17300.0,No,0.0,646.0,137800.0,82100.0,E-commerce Shopping EMI,45000.0,13,Not_Eligible,500.0
32.0,Female,Married,Post Graduate,65300.0,Government,4.4,Mid-size,Rented,22400.0,4,3,7800.0,0.0,5400.0,14300.0,13000.0,No,0.0,656.0,156100.0,90900.0,Home Appliances EMI,104000.0,29,Not_Eligible,1320.0
38.0,Female,Married,Professional,105600.0,Self-employed,1.2,Startup,Own,0.0,2,1,9700.0,0.0,5300.0,30800.0,16400.0,Yes,13200.0,727.0,604800.0,146300.0,Vehicle EMI,501000.0,75,High_Risk,9513.0
27.0,MALE,Married,Graduate,78800.0,Private,0.5,Mid-size,Family,0.0,3,2,0.0,0.0,5900.0,12900.0,4800.0,No,0.0,715.0,371000.0,181500.0,Education EMI,234000.0,17,Eligible,22080.0
32.0,Female,Married,Professional,88400.0,Private,1.0,Mid-size,Family,0.0,4,3,0.0,0.0,6600.0,13700.0,16700.0,No,0.0,847.0,103700.0,24600.0,Personal Loan EMI,301000.0,17,High_Risk,24672.0
48.0,Female,Married,Graduate,46200.0,Private,9.1,MNC,Own,0.0,3,2,12000.0,0.0,4600.0,12300.0,7100.0,No,0.0,717.0,252900.0,108700.0,Personal Loan EMI,370000.0,48,Not_Eligible,5100.0
32.0,Male,Married,Professional,27000.0,Private,3.8,Startup,Rented,6400.0,5,4,6900.0,0.0,2000.0,7100.0,4400.0,No,0.0,633.0,147400.0,34700.0,E-commerce Shopping EMI,171000.0,24,Not_Eligible,500.0
38.0,Male,Married,Post Graduate,31700.0,Government,2.1,Large Indian,Own,0.0,3,2,3800.0,7400.0,4700.0,5100.0,5000.0,No,0.0,707.0,62700.0,35300.0,Home Appliances EMI,91000.0,14,Not_Eligible,2280.0
27.0,Male,Single,Post Graduate,38800.0,Government,0.5,Startup,Rented,12300.0,2,1,4200.0,0.0,3900.0,8800.0,3700.0,No,0.0,693.0,209100.0,124800.0,Vehicle EMI,405000.0,75,Not_Eligible,2950.0
48.0,Male,Married,Graduate,50800.0,Private,1.9,Mid-size,Rented,11600.0,4,3,10500.0,0.0,5400.0,13100.0,8000.0,Yes,10900.0,678.0,223000.0,55400.0,Personal Loan EMI,144000.0,58,Not_Eligible,500.0
38.0,Male,Married,Post Graduate,97200.0,Private,1.8,Small,Rented,17500.0,3,2,0.0,16100.0,7500.0,22600.0,13400.0,No,0.0,724.0,65400.0,15500.0,Personal Loan EMI,672000.0,31,Not_Eligible,8040.0
27.0,Male,Single,Post Graduate,56100.0,Private,0.5,Large Indian,Own,0.0,3,2,4300.0,12500.0,8300.0,11900.0,4700.0,Yes,11700.0,702.0,118800.0,59700.0,Home Appliances EMI,120000.0,16,Not_Eligible,756.0
38.0,Male,Married,Professional,117700.0,Private,7.9,Large Indian,Family,0.0,3,2,0.0,0.0,8100.0,26400.0,23400.0,No,0.0,822.0,678600.0,266400.0,Personal Loan EMI,723000.0,17,Not_Eligible,35880.0
38.0,Male,Married,Post Graduate,29800.0,Private,0.5,Large Indian,Own,0.0,3,2,11200.0,0.0,1800.0,7200.0,2400.0,No,0.0,791.0,175600.0,75500.0,Education EMI,401000.0,25,Not_Eligible,3456.0
27.0,FEMALE,Single,Post Graduate,29200.0,Private,0.9,MNC,Own,0.0,1,0,0.0,0.0,4200.0,5700.0,2400.0,Yes,8000.0,707.0,121400.0,67500.0,Vehicle EMI,701000.0,52,Not_Eligible,2492.0
32.0,Female,Single,Graduate,93100.0,Private,1.3,Mid-size,Rented,31100.0,2,1,0.0,0.0,8700.0,22300.0,15000.0,Yes,24800.0,634.0,84800.0,37400.0,Education EMI,242000.0,8,Not_Eligible,500.0
38.0,Female,Married,Graduate,37298.0,Government,6.4,MNC,Family,0.0,3,2,9000.0,0.0,2300.0,7900.0,5200.0,No,0.0,802.0,129700.0,60700.0,E-commerce Shopping EMI,160000.0,16,Not_Eligible,8382.0
48.0,Male,Single,Post Graduate,53000.0,Private,26.0,Mid-size,Family,0.0,2,1,0.0,14800.0,6100.0,15400.0,2800.0,No,0.0,669.0,146300.0,43100.0,Vehicle EMI,1.357e+06,26,Not_Eligible,6950.0
38.0,Female,Married,Graduate,33900.0,Private,1.3,Small,Own,0.0,3,2,0.0,0.0,2900.0,5800.0,5400.0,No,0.0,729.0,201000.0,61300.0,Education EMI,210000.0,7,Not_Eligible,9900.0
38.0,Male,Married,Post Graduate,61800.0,Government,0.7,Large Indian,Rented,14100.0,3,2,0.0,0.0,8700.0,10100.0,10500.0,No,0.0,850.0,192600.0,75200.0,Education EMI,231000.0,25,High_Risk,11040.0
32.0,Male,Married,Professional,27000.0,Private,3.3,MNC,Rented,6200.0,2,1,13800.0,0.0,1800.0,7000.0,4700.0,No,0.0,522.0,174800.0,99900.0,E-commerce Shopping EMI,148000.0,17,Not_Eligible,500.0
48.0,Male,Married,High School,59800.0,Private,2.3,Mid-size,Rented,20200.0,4,3,14900.0,0.0,8700.0,13800.0,6200.0,Yes,17300.0,716.0,411400.0,121900.0,Education EMI,404000.0,20,Not_Eligible,500.0
32.0,Male,Married,Graduate,48100.0,Government,3.5,Large Indian,Rented,15300.0,2,1,11500.0,10200.0,5300.0,7800.0,5300.0,No,0.0,831.0,,20700.0,Education EMI,440000.0,31,Not_Eligible,500.0
27.0,Female,Single,Graduate,32900.0,Government,0.9,MNC,Own,0.0,1,0,0.0,0.0,3300.0,5100.0,3300.0,Yes,4100.0,786.0,90600.0,32300.0,Vehicle EMI,1.08e+06,58,Not_Eligible,7182.0
32.0,Male,Single,Graduate,30600.0,Private,0.5,Mid-size,Own,0.0,2,1,0.0,14300.0,4300.0,6500.0,5600.0,Yes,8100.0,658.0,54300.0,12500.0,Personal Loan EMI,623000.0,58,Not_Eligible,500.0
32.0,Female,Married,Graduate,56700.0,Private,2.3,Large Indian,Family,0.0,3,2,0.0,0.0,8100.0,12600.0,8100.0,No,0.0,999.0,40500.0,22700.0,E-commerce Shopping EMI,61000.0,6,Eligible,13392.0
48.0,Female,Married,Post Graduate,27400.0,Government,26.0,Large Indian,Family,0.0,5,4,0.0,21500.0,3800.0,4200.0,2500.0,No,0.0,796.0,134500.0,41500.0,Education EMI,227000.0,45,Not_Eligible,500.0
32.0,Male,Married,Graduate,70200.0,Private,0.5,Large Indian,Family,0.0,2,1,3600.0,11900.0,7500.0,15000.0,5300.0,Yes,7400.0,663.0,410500.0,170500.0,Home Appliances EMI,92000.0,36,Eligible,5460.0
38.0,Male,Married,Post Graduate,72100.0,Private,5.2,Mid-size,Rented,17100.0,5,4,6600.0,0.0,10100.0,21500.0,6400.0,Yes,19300.0,681.0,58000.0,18900.0,Home Appliances EMI,69000.0,8,Not_Eligible,500.0
38.0,Male,Married,Graduate,53000.0,Private,5.0,Mid-size,Family,0.0,2,1,14900.0,0.0,5800.0,9900.0,8800.0,No,0.0,716.0,292700.0,125300.0,Personal Loan EMI,77000.0,24,Eligible,6800.0
32.0,Male,Married,High School,16000.0,Private,3.5,Mid-size,Rented,4700.0,2,1,12300.0,19300.0,800.0,4700.0,3100.0,No,0.0,714.0,23000.0,10100.0,Vehicle EMI,1.429e+06,77,Not_Eligible,500.0
32.0,Female,Married,Professional,63800.0,Private,2.8,Large Indian,Rented,12100.0,2,1,3300.0,0.0,6900.0,16100.0,10400.0,No,0.0,676.0,156100.0,82500.0,Personal Loan EMI,141000.0,17,Not_Eligible,7500.0
38.0,Male,Married,High School,26500.0,Private,16.0,Mid-size,Own,0.0,2,1,5800.0,0.0,3600.0,4900.0,2600.0,No,0.0,617.0,61200.0,26900.0,Home Appliances EMI,124000.0,10,Not_Eligible,3840.0
58.0,Female,Married,Professional,22500.0,Private,6.3,Large Indian,Rented,4200.0,4,3,7600.0,0.0,1200.0,6500.0,3400.0,Yes,3200.0,666.0,145900.0,67100.0,Vehicle EMI,511000.0,28,Not_Eligible,500.0
38.0,Male,Married,Graduate,79000.0,Private,2.2,Mid-size,Family,0.0,3,2,0.0,0.0,8300.0,21100.0,10200.0,No,0.0,729.0,440300.0,89000.0,Vehicle EMI,1.432e+06,19,Not_Eligible,19700.0
38.0,Male,Married,Post Graduate,71700.0,Private,1.1,MNC,Rented,16200.0,2,1,0.0,21400.0,6300.0,20200.0,14300.0,No,0.0,732.0,460600.0,253700.0,Vehicle EMI,503000.0,35,Not_Eligible,500.0
48.0,Female,Married,High School,45200.0,Private,26.0,Mid-size,Rented,15200.0,2,1,14600.0,0.0,2800.0,10200.0,4300.0,No,0.0,755.0,53000.0,19700.0,E-commerce Shopping EMI,57000.0,12,Not_Eligible,500.0
38.0,Male,Married,Graduate,22000.0,Private,9.0,Startup,Family,0.0,4,3,0.0,0.0,3200.0,6200.0,3900.0,No,0.0,741.0,94700.0,30200.0,E-commerce Shopping EMI,34000.0,23,Eligible,4350.0
48.0,Male,Married,High School,56000.0,Private,2.0,MNC,Own,0.0,5,4,0.0,0.0,5700.0,8500.0,11200.0,No,0.0,694.0,173500.0,49800.0,E-commerce Shopping EMI,96000.0,13,Eligible,15300.0
38.0,Female,Married,Graduate,21800.0,Private,4.4,Large Indian,Rented,3400.0,3,2,11700.0,0.0,1100.0,3900.0,4300.0,No,0.0,647.0,12200.0,4300.0,Home Appliances EMI,133000.0,13,Not_Eligible,500.0
32.0,Male,Married,High School,29500.0,Self-employed,0.8,Mid-size,Rented,10200.0,3,2,0.0,0.0,3300.0,8500.0,3500.0,No,0.0,753.0,222700.0,113100.0,Education EMI,176000.0,17,Not_Eligible,2376.0
38.0,Female,Married,Graduate,32700.0,Private,3.5,Mid-size,Own,0.0,4,3,0.0,11500.0,3700.0,8200.0,6200.0,No,0.0,660.0,191300.0,61800.0,E-commerce Shopping EMI,55000.0,6,Not_Eligible,1550.0
38.0,Female,Married,Graduate,48800.0,Private,9.9,MNC,Own,0.0,2,1,9200.0,24300.0,6400.0,13200.0,3300.0,No,0.0,781.0,167300.0,77200.0,Home Appliances EMI,260000.0,9,Not_Eligible,500.0
58.0,Female,Married,High School,66400.0,Government,3.0,Mid-size,Rented,11700.0,3,2,2700.0,22700.0,7600.0,14000.0,3700.0,No,0.0,696.0,423600.0,183500.0,Vehicle EMI,690000.0,14,Not_Eligible,2420.0
32.0,Female,Single,High School,41300.0,Private,0.8,Large Indian,Rented,6900.0,3,2,0.0,8500.0,3200.0,7200.0,8200.0,No,0.0,746.0,101700.0,41400.0,Vehicle EMI,216000.0,71,Not_Eligible,2920.0
38.0,Male,Married,Graduate,92200.0,Self-employed,11.9,Startup,Rented,20800.0,3,2,2800.0,0.0,11700.0,22400.0,8300.0,No,0.0,777.0,144800.0,63700.0,Personal Loan EMI,154000.0,44,Eligible,11318.4
48.0,Male,Married,Post Graduate,57400.0,Private,4.0,Startup,Rented,16600.0,3,2,0.0,0.0,8200.0,13700.0,3700.0,No,0.0,674.0,198800.0,104100.0,E-commerce Shopping EMI,48000.0,21,Eligible,7600.0
32.0,Male,Married,Professional,56500.0,Private,0.8,Startup,Rented,10000.0,3,2,0.0,0.0,3200.0,12700.0,3400.0,Yes,9000.0,689.0,45500.0,14500.0,Personal Loan EMI,616000.0,51,Not_Eligible,4076.8
27.0,Male,Single,Graduate,32700.0,Government,1.2,Mid-size,Rented,8600.0,3,2,0.0,9000.0,3400.0,7800.0,6400.0,No,0.0,687.0,226800.0,48600.0,Education EMI,175000.0,43,Not_Eligible,500.0
58.0,Male,Married,Post Graduate,88900.0,Private,4.6,Mid-size,Rented,19500.0,2,1,4000.0,0.0,12900.0,24800.0,17100.0,No,0.0,761.0,378000.0,137100.0,Home Appliances EMI,53000.0,25,Eligible,6360.0
58.0,Male,Married,Post Graduate,67500.0,Private,9.0,Mid-size,Rented,16500.0,5,4,10100.0,0.0,9200.0,15600.0,10900.0,Yes,15900.0,659.0,318400.0,116600.0,Home Appliances EMI,268000.0,23,Not_Eligible,500.0
58.0,Male,Married,High School,58100.0,Private,10.2,Large Indian,Own,0.0,3,2,12100.0,0.0,7900.0,10900.0,5100.0,No,0.0,762.0,387700.0,149400.0,Personal Loan EMI,287000.0,45,Eligible,14586.0
58.0,Female,Married,Post Graduate,59700.0,Government,6.8,Large Indian,Family,0.0,4,3,0.0,0.0,5600.0,15200.0,6200.0,No,0.0,838.0,80600.0,27500.0,E-commerce Shopping EMI,48000.0,3,High_Risk,17265.6
38.0,Female,Married,Post Graduate,86500.0,Government,5.6,Large Indian,Family,0.0,3,2,0.0,18000.0,8900.0,19300.0,13200.0,No,0.0,839.0,47600.0,19400.0,Education EMI,144000.0,7,Not_Eligible,14308.8
38.0,Female,Married,Post Graduate,96900.0,Private,3.8,Large Indian,Own,0.0,5,4,0.0,0.0,7300.0,18200.0,17100.0,No,0.0,745.0,246300.0,141200.0,Personal Loan EMI,316000.0,28,Eligible,27150.0
38.0,Male,Married,Graduate,41000.0,Government,2.0,Mid-size,Rented,12300.0,4,3,7900.0,0.0,2300.0,7300.0,4000.0,Yes,4500.0,624.0,274100.0,92200.0,Home Appliances EMI,174000.0,25,Not_Eligible,831.6
48.0,MALE,Single,Post Graduate,62300.0,Government,25.3,Startup,Rented,15600.0,2,1,0.0,0.0,5400.0,16700.0,7900.0,No,0.0,742.0,388500.0,175000.0,Education EMI,275000.0,11,Not_Eligible,10103.5
38.0,Female,Married,Graduate,66000.0,Private,0.5,MNC,Rented,10200.0,3,2,3100.0,0.0,6700.0,18800.0,13100.0,No,0.0,630.0,404900.0,151300.0,Personal Loan EMI,926000.0,54,Not_Eligible,4963.2
48.0,Female,Married,Professional,68000.0,Private,5.7,Small,Rented,20000.0,3,2,0.0,0.0,8100.0,14600.0,7200.0,No,0.0,741.0,230800.0,57800.0,Personal Loan EMI,879000.0,28,Not_Eligible,9050.0
27.0,Female,Single,Graduate,80600.0,Self-employed,2.9,MNC,Rented,17300.0,2,1,0.0,9600.0,10100.0,12300.0,13700.0,Yes,19700.0,687.0,166200.0,51000.0,Personal Loan EMI,173000.0,13,Not_Eligible,500.0
27.0,Male,Single,Professional,90100.0,Private,1.1,Large Indian,Own,0.0,2,1,0.0,0.0,7000.0,18200.0,6500.0,No,0.0,686.0,429000.0,224400.0,Education EMI,314000.0,7,Not_Eligible,29200.0
32.0,Female,Married,Graduate,20000.0,Self-employed,0.8,Mid-size,Family,0.0,3,2,0.0,22000.0,1100.0,5500.0,1400.0,Yes,4600.0,698.0,15300.0,6100.0,Education EMI,406000.0,41,Not_Eligible,500.0
38.0,M,Married,Professional,111400.0,Private,0.8,Mid-size,Own,0.0,3,2,4200.0,0.0,13300.0,24000.0,9800.0,No,0.0,760.0,149200.0,36600.0,Vehicle EMI,1.08e+06,33,Not_Eligible,23078.4
48.0,Female,Married,Post Graduate,76400.0,Private,18.6,MNC,Rented,25200.0,3,2,0.0,0.0,5600.0,21500.0,13900.0,No,0.0,728.0,523300.0,301400.0,Education EMI,245000.0,48,Not_Eligible,5610.0
48.0,Female,Married,Graduate,41000.0,Private,8.1,MNC,Rented,7700.0,2,1,10100.0,9200.0,5400.0,10800.0,7100.0,Yes,6400.0,751.0,160200.0,92800.0,Education EMI,236000.0,6,Not_Eligible,500.0
38.0,Male,Married,Graduate,48700.0,Private,4.8,Large Indian,Own,0.0,4,3,4400.0,0.0,2500.0,11300.0,3200.0,Yes,9600.0,626.0,253100.0,66400.0,Personal Loan EMI,80000.0,13,Not_Eligible,4956.0
48.0,M,Married,High School,26600.0,Private,13.3,Startup,Rented,4800.0,4,3,2400.0,0.0,2300.0,4700.0,3000.0,No,0.0,850.0,120200.0,49000.0,E-commerce Shopping EMI,121000.0,23,Not_Eligible,5640.0
38.0,FEMALE,Single,Post Graduate,103400.0,Private,3.1,Startup,Rented,26800.0,3,2,0.0,23400.0,5400.0,17200.0,9900.0,Yes,26200.0,623.0,313600.0,132000.0,E-commerce Shopping EMI,24000.0,16,Not_Eligible,500.0
32.0,Male,Married,Post Graduate,52000.0,Private,0.5,Large Indian,Rented,9100.0,4,3,3600.0,0.0,4600.0,12500.0,6300.0,No,0.0,712.0,78300.0,25600.0,Home Appliances EMI,78000.0,27,Eligible,5088.0
48.0,Female,Married,Post Graduate,86900.0,Government,7.7,Large Indian,Own,0.0,3,2,0.0,0.0,8000.0,24100.0,6700.0,Yes,22300.0,772.0,466700.0,248500.0,Home Appliances EMI,64000.0,24,Eligible,11919.6
27.0,Male,Single,Graduate,42200.0,Private,1.9,Large Indian,Own,0.0,1,0,0.0,0.0,3000.0,6800.0,6300.0,No,0.0,737.0,265700.0,156700.0,Personal Loan EMI,84000.0,51,Eligible,14355.0
27.0,Female,Single,Graduate,37100.0,Private,0.5,Large Indian,Family,0.0,1,0,0.0,0.0,2900.0,10400.0,7100.0,No,0.0,746.0,184900.0,37000.0,E-commerce Shopping EMI,166000.0,17,Not_Eligible,6680.0
32.0,Male,Married,Graduate,39600.0,Private,7.9,MNC,Own,0.0,4,3,11800.0,0.0,5100.0,7000.0,2000.0,Yes,8700.0,573.0,72800.0,33700.0,E-commerce Shopping EMI,16000.0,4,Not_Eligible,1120.0
32.0,Female,Single,Graduate,20000.0,Government,2.8,Startup,Rented,4200.0,2,1,14300.0,0.0,2300.0,3000.0,3100.0,No,0.0,731.0,33600.0,16000.0,E-commerce Shopping EMI,112000.0,7,Not_Eligible,500.0
38.0,Male,Married,Professional,43300.0,Private,4.7,Startup,Own,0.0,5,4,4100.0,0.0,4400.0,10100.0,3600.0,No,0.0,670.0,313400.0,67900.0,Personal Loan EMI,760000.0,50,Not_Eligible,11605.0
38.0,Female,Married,Graduate,27000.0,Self-employed,8.7,Mid-size,Own,0.0,4,3,13100.0,8300.0,4000.0,4400.0,4000.0,No,0.0,677.0,40100.0,9700.0,E-commerce Shopping EMI,76000.0,24,Not_Eligible,500.0
32.0,Female,Single,Graduate,53900.0,Private,4.9,MNC,Rented,17600.0,1,0,0.0,0.0,5000.0,14200.0,6800.0,No,0.0,730.0,57300.0,21000.0,E-commerce Shopping EMI,129000.0,21,Not_Eligible,4120.0
38.0,Female,Married,High School,46100.0,Private,0.5,Startup,Own,0.0,3,2,6900.0,23500.0,3800.0,9100.0,6300.0,Yes,13600.0,748.0,187100.0,49400.0,Vehicle EMI,830000.0,52,Not_Eligible,500.0
32.0,Male,Single,High School,32700.0,Private,2.4,Mid-size,Family,0.0,1,0,0.0,0.0,3900.0,8400.0,6500.0,No,0.0,597.0,64000.0,14600.0,Education EMI,88000.0,40,Eligible,4448.0
38.0,Female,Married,Graduate,46000.0,Private,3.8,Mid-size,Rented,8900.0,3,2,10500.0,0.0,5900.0,9000.0,6000.0,No,0.0,570.0,192900.0,107200.0,Home Appliances EMI,273000.0,33,Not_Eligible,2280.0
38.0,Male,Married,Post Graduate,48200.0,Private,2.7,Large Indian,Rented,9000.0,2,1,12100.0,0.0,2500.0,12300.0,8100.0,Yes,8700.0,618.0,134500.0,64900.0,E-commerce Shopping EMI,150000.0,24,Not_Eligible,500.0
38.0,Male,Married,High School,44700.0,Private,0.5,Mid-size,Own,0.0,2,1,0.0,0.0,4000.0,8900.0,3600.0,Yes,10300.0,695.0,142300.0,32400.0,E-commerce Shopping EMI,163000.0,18,Not_Eligible,5012.0
58.0,Female,Married,Graduate,46300.0,Government,2.1,Startup,Rented,8700.0,5,4,2300.0,0.0,2400.0,8300.0,7200.0,No,0.0,1200.0,177400.0,39500.0,Home Appliances EMI,32000.0,29,Eligible,8700.0
27.0,Female,Married,Post Graduate,67200.0,Government,0.8,Mid-size,Family,0.0,2,1,11600.0,0.0,7300.0,13300.0,5300.0,Yes,19600.0,716.0,385700.0,133600.0,Home Appliances EMI,284000.0,29,Not_Eligible,3535.0
38.0,Male,Married,Graduate,41400.0,Private,2.8,Mid-size,Rented,13500.0,4,3,13600.0,0.0,4800.0,11700.0,7500.0,No,0.0,664.0,94500.0,28600.0,E-commerce Shopping EMI,156000.0,3,Not_Eligible,500.0
38.0,Male,Married,Professional,92800.0,Private,1.5,MNC,Own,0.0,4,3,13300.0,0.0,6300.0,16400.0,17400.0,No,0.0,716.0,99400.0,27200.0,Education EMI,494000.0,45,High_Risk,15760.0
27.0,Male,Married,Professional,79400.0,Private,1.8,Large Indian,Own,0.0,2,1,0.0,5700.0,5600.0,22700.0,4400.0,Yes,10000.0,783.0,80800.0,48000.0,Education EMI,335000.0,21,Not_Eligible,10416.0
33.0,Female,Married,Post Graduate,128378.0,Private,2.7,Large Indian,Own,0.0,3,2,2200.0,0.0,16800.0,38600.0,15300.0,Yes,36000.0,709.0,276300.0,112000.0,Home Appliances EMI,174000.0,28,High_Risk,7315.0
27.0,Male,Married,Graduate,50800.0,Private,0.8,MNC,Rented,11800.0,4,3,0.0,12400.0,5200.0,9200.0,2700.0,No,0.0,716.0,,147800.0,Vehicle EMI,687000.0,45,Not_Eligible,3800.0
32.0,Male,Married,Graduate,47600.0,Private,0.5,MNC,Rented,16400.0,2,1,14800.0,5500.0,2600.0,9800.0,3200.0,No,0.0,624.0,308300.0,175500.0,Personal Loan EMI,781000.0,13,Not_Eligible,500.0
38.0,Male,Married,High School,41900.0,Private,1.3,Small,Own,0.0,3,2,7100.0,0.0,4300.0,6500.0,3500.0,Yes,6400.0,695.0,109600.0,64400.0,E-commerce Shopping EMI,132000.0,6,Not_Eligible,4935.0
27.0,Female,Married,Post Graduate,23400.0,Government,0.5,Large Indian,Family,0.0,2,1,11500.0,0.0,1400.0,6800.0,3700.0,No,0.0,767.0,74300.0,18500.0,E-commerce Shopping EMI,34000.0,6,Not_Eligible,500.0
48.0,Male,Married,Post Graduate,128800.0,Private,1.3,Startup,Rented,38900.0,4,3,0.0,13600.0,6700.0,31200.0,16500.0,No,0.0,750.0,188000.0,112200.0,E-commerce Shopping EMI,156000.0,5,Not_Eligible,10512.0
27.0,Male,Single,Graduate,78200.0,Private,2.6,Mid-size,Rented,26200.0,1,0,0.0,0.0,4100.0,23300.0,12800.0,No,0.0,751.0,403600.0,82000.0,Home Appliances EMI,172000.0,7,Not_Eligible,7080.0
58.0,Female,Married,Graduate,19800.0,Government,5.3,Startup,Family,0.0,3,2,3500.0,0.0,2500.0,5500.0,3900.0,No,0.0,789.0,70800.0,16300.0,Home Appliances EMI,290000.0,33,Not_Eligible,2904.0
38.0,Male,Married,Professional,79500.0,Private,0.5,MNC,Family,0.0,5,4,11000.0,0.0,5400.0,20100.0,11400.0,No,0.0,704.0,615300.0,194400.0,Education EMI,471000.0,17,Not_Eligible,13904.0
58.0,Male,Married,Post Graduate,47500.0,Private,36.0,Mid-size,Rented,14000.0,4,3,0.0,0.0,4300.0,11700.0,4500.0,No,0.0,677.0,135000.0,40400.0,E-commerce Shopping EMI,82000.0,15,High_Risk,6500.0
38.0,Male,Married,Graduate,47600.0,Private,1.3,Large Indian,Family,0.0,2,1,10100.0,0.0,6000.0,9600.0,5100.0,Yes,11700.0,617.0,159400.0,51100.0,Education EMI,347000.0,11,Not_Eligible,1428.0
38.0,Male,Married,Graduate,18000.0,Private,8.5,Small,Family,0.0,4,3,0.0,0.0,1100.0,3300.0,1800.0,No,0.0,687.0,91400.0,48300.0,E-commerce Shopping EMI,154000.0,9,Not_Eligible,5900.0
58.0,Female,Married,Graduate,34900.0,Self-employed,19.7,Large Indian,Own,0.0,3,2,5900.0,0.0,5000.0,10400.0,2900.0,Yes,5400.0,647.0,89200.0,27800.0,Home Appliances EMI,152000.0,30,Not_Eligible,1335.6
38.0,Male,Married,Post Graduate,122600.0,Self-employed,0.5,Large Indian,Rented,32000.0,3,2,0.0,0.0,11900.0,29900.0,21500.0,No,0.0,718.0,418600.0,113200.0,Education EMI,181000.0,15,Not_Eligible,12285.0
38.0,Female,Married,High School,50200.0,Private,8.6,MNC,Own,0.0,3,2,0.0,0.0,3600.0,11000.0,3100.0,No,0.0,729.0,247800.0,126200.0,E-commerce Shopping EMI,123000.0,13,Eligible,16250.0
48.0,Male,Married,High School,28400.0,Government,2.4,Large Indian,Family,0.0,2,1,6800.0,0.0,2700.0,7400.0,1500.0,No,0.0,666.0,200600.0,72900.0,Vehicle EMI,1.464e+06,35,Not_Eligible,5500.0
32.0,Male,Single,Post Graduate,44600.0,Government,0.7,Large Indian,Own,0.0,1,0,0.0,0.0,4500.0,7100.0,5000.0,No,0.0,697.0,129900.0,37400.0,Home Appliances EMI,131000.0,22,Eligible,14000.0
32.0,FEMALE,Married,Graduate,44200.0,Government,3.2,Large Indian,Own,0.0,5,4,0.0,0.0,5600.0,12400.0,7100.0,Yes,8400.0,758.0,97400.0,43900.0,Personal Loan EMI,434000.0,47,Not_Eligible,4943.4
47.0,Female,Married,Graduate,85165.0,Self-employed,6.7,Mid-size,Own,0.0,4,3,8900.0,0.0,10200.0,19600.0,8700.0,No,0.0,850.0,161600.0,53700.0,Personal Loan EMI,992000.0,28,Not_Eligible,16675.2
32.0,Male,Married,Post Graduate,60600.0,Private,2.2,Large Indian,Family,0.0,3,2,7700.0,0.0,3700.0,11600.0,9300.0,Yes,10200.0,676.0,483900.0,178000.0,Vehicle EMI,605000.0,56,Not_Eligible,6968.5
38.0,Female,Married,Post Graduate,94100.0,Private,7.6,Large Indian,Rented,32500.0,3,2,7200.0,20600.0,5100.0,18500.0,17800.0,Yes,15900.0,731.0,643400.0,369800.0,Vehicle EMI,1.145e+06,40,Not_Eligible,500.0
27.0,Female,Single,Post Graduate,59800.0,Private,1.0,Large Indian,Rented,16600.0,2,1,0.0,14900.0,7700.0,13200.0,7800.0,No,0.0,697.0,326500.0,118800.0,E-commerce Shopping EMI,180000.0,3,Not_Eligible,500.0
38.0,female,Married,Graduate,27600.0,Private,5.7,Startup,Own,0.0,4,3,13200.0,5300.0,4000.0,6800.0,3900.0,Yes,5300.0,694.0,117700.0,40300.0,Education EMI,88000.0,12,Not_Eligible,500.0
32.0,Female,Married,High School,35300.0,Private,0.5,MNC,Own,0.0,4,3,0.0,0.0,2000.0,6900.0,3500.0,No,0.0,653.0,38600.0,8900.0,E-commerce Shopping EMI,154000.0,18,Not_Eligible,7328.0
38.0,Male,Married,Graduate,79100.0,Private,3.8,Mid-size,Own,0.0,4,3,2000.0,0.0,9400.0,14100.0,15500.0,Yes,22000.0,711.0,43700.0,13900.0,Home Appliances EMI,291000.0,22,Not_Eligible,4508.0
27.0,Male,Married,Post Graduate,110600.0,Government,0.5,Small,Own,0.0,2,1,0.0,8900.0,9900.0,21200.0,9200.0,Yes,25700.0,778.0,758000.0,173900.0,E-commerce Shopping EMI,34000.0,10,Eligible,16493.4
38.0,Male,Single,Professional,51600.0,Private,6.2,MNC,Rented,8700.0,3,2,15000.0,0.0,3600.0,14900.0,4900.0,Yes,10400.0,672.0,125800.0,50000.0,Personal Loan EMI,425000.0,57,Not_Eligible,500.0
27.0,Female,Married,Graduate,96000.0,Private,0.5,MNC,Own,0.0,4,3,5300.0,0.0,10000.0,16600.0,16200.0,Yes,23700.0,621.0,85800.0,38600.0,Personal Loan EMI,887000.0,27,Not_Eligible,4336.64
38.0,Male,Married,Post Graduate,64300.0,Private,16.0,MNC,Rented,17900.0,3,2,11300.0,0.0,7200.0,15400.0,11800.0,No,0.0,1200.0,297600.0,162900.0,Home Appliances EMI,99000.0,15,Not_Eligible,500.0
38.0,Male,Married,Professional,104700.0,Private,5.7,Startup,Own,0.0,4,3,14200.0,0.0,14100.0,25800.0,15100.0,Yes,26400.0,677.0,286700.0,113000.0,Vehicle EMI,1.462e+06,30,Not_Eligible,3185.0
32.0,Female,Married,Graduate,32600.0,Government,10.0,Large Indian,Own,0.0,4,3,0.0,11800.0,2200.0,8700.0,6400.0,Yes,7200.0,779.0,133000.0,59100.0,E-commerce Shopping EMI,186000.0,19,Not_Eligible,500.0
32.0,Male,Married,Post Graduate,26000.0,Private,2.1,Mid-size,Rented,6500.0,4,3,6200.0,18600.0,2700.0,7000.0,2900.0,No,0.0,781.0,90900.0,29600.0,Home Appliances EMI,253000.0,7,Not_Eligible,500.0
32.0,Male,Married,Post Graduate,79900.0,Government,2.2,MNC,Own,0.0,2,1,0.0,0.0,6200.0,23300.0,5600.0,No,0.0,826.0,121300.0,43400.0,Home Appliances EMI,180000.0,32,Eligible,21504.0
48.0,Male,Married,Professional,49600.0,Private,12.5,Mid-size,Family,0.0,4,3,12600.0,22500.0,3000.0,13000.0,6200.0,No,0.0,620.0,379900.0,206300.0,Personal Loan EMI,990000.0,16,Not_Eligible,500.0
38.0,Male,Married,Post Graduate,54600.0,Private,15.5,Mid-size,Rented,12600.0,3,2,4000.0,0.0,6800.0,12000.0,8800.0,Yes,15900.0,734.0,226200.0,130500.0,Education EMI,72000.0,21,Not_Eligible,500.0
32.0,Male,Single,Graduate,64932.0,Private,5.1,MNC,Own,0.0,1,0,0.0,0.0,5600.0,13300.0,11800.0,Yes,11300.0,613.0,434100.0,134500.0,E-commerce Shopping EMI,177000.0,4,Not_Eligible,6498.8
38.0,Male,Married,Professional,37800.0,Private,10.0,Small,Rented,12100.0,2,1,0.0,8300.0,2500.0,7600.0,5100.0,No,0.0,634.0,193700.0,52100.0,Personal Loan EMI,423000.0,53,Not_Eligible,880.0
48.0,Female,Married,High School,35300.0,Private,0.9,Small,Own,0.0,5,4,3100.0,0.0,2100.0,5900.0,4200.0,Yes,6900.0,610.0,143200.0,48600.0,Education EMI,184000.0,20,Not_Eligible,2934.4
32.0,Male,Married,Post Graduate,53600.0,Government,6.6,Large Indian,Own,0.0,3,2,0.0,10400.0,3200.0,9300.0,3300.0,Yes,14000.0,799.0,61300.0,18900.0,Personal Loan EMI,302000.0,21,Not_Eligible,4952.64
48.0,Male,Married,High School,66900.0,Self-employed,20.9,Mid-size,Family,0.0,5,4,0.0,23800.0,9100.0,12400.0,9800.0,No,0.0,720.0,420500.0,173700.0,Vehicle EMI,437000.0,40,Not_Eligible,5841.0
58.0,Female,Married,Graduate,32600.0,Private,31.4,Large Indian,Own,0.0,3,2,4600.0,0.0,4900.0,6900.0,1900.0,Yes,4000.0,596.0,250900.0,97100.0,Home Appliances EMI,144000.0,15,Not_Eligible,3172.4
58.0,Male,Married,Graduate,21400.0,Government,2.2,Mid-size,Rented,5200.0,3,2,0.0,0.0,2900.0,4100.0,1200.0,No,0.0,826.0,27200.0,15100.0,E-commerce Shopping EMI,83000.0,15,Not_Eligible,3840.0
48.0,Female,Married,Professional,129100.0,Private,1.1,MNC,Own,0.0,4,3,10700.0,0.0,18200.0,27600.0,11800.0,Yes,26900.0,665.0,338300.0,135600.0,Home Appliances EMI,159000.0,10,Not_Eligible,11865.0
48.0,Female,Married,Graduate,60200.0,Private,8.3,Startup,Own,0.0,2,1,0.0,0.0,3100.0,11800.0,6700.0,Yes,12400.0,590.0,34800.0,10800.0,E-commerce Shopping EMI,153000.0,23,Not_Eligible,5868.8
33.0,Male,Single,High School,24824.0,Self-employed,2.5,Large Indian,Own,0.0,1,0,0.0,0.0,4000.0,7300.0,2400.0,No,0.0,665.0,106200.0,60300.0,Vehicle EMI,649000.0,71,Not_Eligible,5895.0
58.0,Male,Married,Post Graduate,85500.0,Private,13.4,MNC,Own,0.0,4,3,9000.0,0.0,9600.0,18500.0,11000.0,Yes,16400.0,,267900.0,107200.0,E-commerce Shopping EMI,134000.0,23,High_Risk,7350.0
27.0,Female,Single,Graduate,41000.0,Private,4.3,Startup,Own,0.0,1,0,0.0,0.0,3700.0,9100.0,3400.0,No,0.0,663.0,323800.0,154400.0,E-commerce Shopping EMI,116000.0,24,Eligible,13640.0
32.0,Female,Married,Graduate,27800.0,Private,2.1,Large Indian,Own,0.0,4,3,2400.0,0.0,3000.0,6400.0,4300.0,No,0.0,704.0,77900.0,37300.0,Home Appliances EMI,30000.0,25,Eligible,5850.0
48.0,Male,Married,High School,25600.0,Private,4.1,Large Indian,Family,0.0,5,4,0.0,0.0,2100.0,5900.0,3200.0,No,0.0,758.0,44600.0,18300.0,Personal Loan EMI,195000.0,14,Not_Eligible,6912.0
32.0,Female,Single,Post Graduate,78800.0,Private,2.5,Small,Rented,25300.0,1,0,0.0,0.0,8300.0,22200.0,13100.0,No,0.0,668.0,204900.0,122100.0,Home Appliances EMI,216000.0,20,Not_Eligible,4950.0
38.0,Male,Married,Post Graduate,73200.0,Private,3.8,Large Indian,Family,0.0,4,3,4400.0,0.0,5400.0,14800.0,3900.0,No,0.0,682.0,207200.0,103600.0,E-commerce Shopping EMI,40000.0,19,Eligible,22350.0
48.0,Male,Married,Graduate,46100.0,Private,15.3,Startup,Rented,12000.0,3,2,8000.0,19200.0,5900.0,11800.0,4600.0,Yes,12400.0,606.0,216900.0,128900.0,Home Appliances EMI,298000.0,30,Not_Eligible,500.0
38.0,Female,Married,Post Graduate,76000.0,Private,1.5,Mid-size,Family,0.0,5,4,0.0,6100.0,5800.0,12200.0,14900.0,No,0.0,733.0,87600.0,24300.0,Personal Loan EMI,104000.0,54,Eligible,14800.0
58.0,Female,Married,Post Graduate,83600.0,Private,30.7,Large Indian,Family,0.0,3,2,3600.0,0.0,12300.0,22000.0,7500.0,No,0.0,806.0,647200.0,173200.0,Education EMI,183000.0,27,Eligible,25212.0
38.0,Male,Married,High School,18100.0,Self-employed,15.3,MNC,Rented,4400.0,3,2,8000.0,0.0,1400.0,5400.0,2300.0,No,0.0,549.0,82400.0,19300.0,Vehicle EMI,291000.0,30,Not_Eligible,500.0
38.0,Female,Single,Graduate,15000.0,Private,1.2,Large Indian,Own,0.0,1,0,0.0,0.0,1600.0,3600.0,1600.0,Yes,3000.0,625.0,115600.0,52500.0,Education EMI,273000.0,9,Not_Eligible,1601.6
38.0,Male,Married,Graduate,33100.0,Government,0.5,Large Indian,Family,0.0,4,3,5600.0,0.0,3800.0,8700.0,5400.0,No,0.0,811.0,217800.0,81600.0,E-commerce Shopping EMI,34000.0,8,Eligible,6336.0
38.0,Female,Married,Post Graduate,57500.0,Private,3.7,Mid-size,Own,0.0,2,1,4200.0,0.0,4400.0,15600.0,8400.0,Yes,12200.0,613.0,157400.0,72700.0,Vehicle EMI,498000.0,62,Not_Eligible,3556.0
32.0,Male,Married,Graduate,53600.0,Private,3.5,Large Indian,Rented,18200.0,2,1,9400.0,14500.0,5700.0,10300.0,7600.0,Yes,10500.0,606.0,167900.0,37800.0,E-commerce Shopping EMI,22000.0,21,Not_Eligible,500.0
48.0,Male,Married,Graduate,55600.0,Self-employed,15.4,Startup,Rented,15900.0,2,1,6000.0,0.0,4300.0,16100.0,4600.0,Yes,12200.0,716.0,368600.0,157800.0,E-commerce Shopping EMI,106000.0,8,Not_Eligible,500.0
38.0,Female,Married,Graduate,34100.0,Private,5.6,Large Indian,Own,0.0,3,2,3200.0,0.0,2800.0,9500.0,5800.0,No,0.0,693.0,19200.0,10000.0,Home Appliances EMI,90000.0,8,Not_Eligible,5120.0
27.0,Female,Single,High School,41000.0,Self-employed,0.6,Small,Family,0.0,1,0,0.0,0.0,3400.0,7900.0,2600.0,Yes,7200.0,635.0,96200.0,33500.0,E-commerce Shopping EMI,92000.0,17,Not_Eligible,5014.8
27.0,Male,Single,Post Graduate,33300.0,Government,0.7,Large Indian,Own,0.0,1,0,0.0,0.0,3000.0,5200.0,2400.0,No,0.0,686.0,247600.0,51600.0,E-commerce Shopping EMI,71000.0,8,Eligible,12485.0
38.0,Male,Married,Professional,90400.0,Private,3.2,MNC,Rented,16900.0,4,3,2500.0,5300.0,7700.0,18200.0,13300.0,No,0.0,666.0,377400.0,85700.0,Personal Loan EMI,91000.0,27,Eligible,13250.0
32.0,Male,Single,Graduate,56200.0,Government,0.8,Mid-size,Rented,13400.0,2,1,0.0,12600.0,6900.0,13100.0,4700.0,No,0.0,571.0,358800.0,81000.0,Education EMI,417000.0,36,Not_Eligible,2420.0
32.0,Female,Married,Graduate,32100.0,Private,0.5,Large Indian,Rented,9500.0,3,2,0.0,0.0,3400.0,6700.0,3200.0,No,0.0,595.0,170300.0,37800.0,Education EMI,487000.0,27,Not_Eligible,2976.0
38.0,Female,Married,Professional,9607.0,Private,2.2,Large Indian,Rented,10700.0,3,2,4200.0,21100.0,5300.0,16000.0,9300.0,Yes,9300.0,731.0,,178300.0,Personal Loan EMI,316000.0,57,Not_Eligible,500.0
32.0,Male,Married,Professional,32700.0,Self-employed,0.8,Mid-size,Own,0.0,4,3,12100.0,0.0,4500.0,5700.0,2600.0,No,0.0,694.0,200900.0,99800.0,Education EMI,417000.0,15,Not_Eligible,3861.0
38.0,Female,Married,Professional,55000.0,Government,2.9,Startup,Own,0.0,3,2,14500.0,17500.0,7600.0,15400.0,8400.0,Yes,11700.0,599.0,307300.0,145300.0,Home Appliances EMI,85000.0,25,Not_Eligible,500.0
32.0,Male,Single,High School,42300.0,Private,0.5,Large Indian,Own,0.0,3,2,0.0,0.0,4700.0,9200.0,4400.0,No,0.0,644.0,212400.0,91700.0,E-commerce Shopping EMI,54000.0,7,Not_Eligible,7680.0
48.0,Female,Married,Professional,30400.0,Private,1.6,Mid-size,Own,0.0,3,2,10000.0,13300.0,4300.0,8700.0,3200.0,No,0.0,646.0,171200.0,87600.0,Education EMI,68000.0,23,Not_Eligible,500.0
38.0,Male,Married,Post Graduate,96700.0,Government,16.0,Large Indian,Family,0.0,3,2,11700.0,23300.0,9300.0,18200.0,18300.0,No,0.0,809.0,176700.0,56300.0,Vehicle EMI,966000.0,70,Not_Eligible,8395.2
58.0,FEMALE,Married,Graduate,39600.0,Private,8.6,Startup,Rented,11500.0,3,2,0.0,24900.0,3500.0,7700.0,6000.0,No,0.0,770.0,42200.0,8800.0,Education EMI,125000.0,22,Not_Eligible,500.0
32.0,Female,Married,Graduate,58700.0,Private,1.7,Large Indian,Own,0.0,4,3,3400.0,0.0,4700.0,12400.0,10500.0,Yes,11100.0,598.0,173500.0,46500.0,Personal Loan EMI,630000.0,49,Not_Eligible,4648.0
32.0,Female,Married,High School,41000.0,Private,3.8,Large Indian,Own,0.0,3,2,9200.0,7100.0,3200.0,8500.0,5500.0,No,0.0,999.0,129000.0,43100.0,E-commerce Shopping EMI,109000.0,5,Not_Eligible,3000.0
58.0,Male,Married,Graduate,82200.0,Private,6.8,MNC,Family,0.0,4,3,11900.0,13700.0,10100.0,13800.0,8200.0,Yes,16400.0,682.0,419500.0,128500.0,Home Appliances EMI,221000.0,10,Not_Eligible,2835.0
32.0,Male,Single,Post Graduate,86200.0,Private,6.8,Mid-size,Own,0.0,2,1,0.0,0.0,6200.0,24800.0,5200.0,No,0.0,728.0,161800.0,35700.0,E-commerce Shopping EMI,194000.0,6,Not_Eligible,20000.0
38.0,Female,Married,High School,32200.0,Private,5.4,Large Indian,Own,0.0,3,2,13600.0,14400.0,4200.0,8500.0,2100.0,No,0.0,661.0,104600.0,51600.0,Personal Loan EMI,557000.0,34,Not_Eligible,500.0
38.0,Male,Married,Graduate,66400.0,Private,4.1,Large Indian,Own,0.0,3,2,0.0,18000.0,6900.0,11400.0,9800.0,No,0.0,602.0,269900.0,123800.0,Home Appliances EMI,297000.0,8,Not_Eligible,8120.0
38.0,Female,Married,Graduate,32200.0,Government,5.2,MNC,Rented,9700.0,4,3,5200.0,0.0,3700.0,8500.0,1600.0,No,0.0,799.0,223800.0,62000.0,Personal Loan EMI,234000.0,44,Not_Eligible,2541.0
38.0,Male,Single,Graduate,56700.0,Government,3.4,Large Indian,Rented,14400.0,1,0,0.0,0.0,3100.0,16400.0,11000.0,No,0.0,673.0,227000.0,111900.0,Vehicle EMI,790000.0,72,Not_Eligible,6490.0
38.0,Female,Married,Professional,63300.0,Private,2.9,Startup,Own,0.0,3,2,0.0,0.0,4500.0,14100.0,10200.0,No,0.0,593.0,121100.0,39100.0,Education EMI,58000.0,14,Eligible,11040.0
38.0,Male,Married,Graduate,69700.0,Government,16.0,MNC,Own,0.0,3,2,12900.0,0.0,3600.0,18500.0,10500.0,No,0.0,643.0,383300.0,82500.0,Home Appliances EMI,292000.0,6,Not_Eligible,10648.0
38.0,Male,Single,Graduate,51700.0,Government,3.8,Startup,Own,0.0,2,1,11900.0,0.0,2700.0,9000.0,9500.0,No,0.0,705.0,308000.0,83400.0,Personal Loan EMI,791000.0,14,Not_Eligible,10230.0
48.0,Male,Married,Post Graduate,77300.0,Private,12.5,MNC,Rented,19200.0,4,3,0.0,0.0,7300.0,22300.0,10900.0,Yes,22600.0,710.0,198900.0,45900.0,E-commerce Shopping EMI,103000.0,16,Not_Eligible,500.0
58.0,Female,Married,Graduate,32100.0,Government,2.9,MNC,Rented,10500.0,3,2,8600.0,0.0,3000.0,8900.0,4300.0,Yes,6000.0,666.0,180400.0,36400.0,Personal Loan EMI,316000.0,54,Not_Eligible,500.0
38.0,Female,Married,Graduate,41100.0,Private,1.4,Startup,Family,0.0,5,4,0.0,12200.0,4400.0,6200.0,2200.0,No,0.0,696.0,299900.0,76500.0,Education EMI,396000.0,26,Not_Eligible,8855.0
38.0,Female,Married,Post Graduate,23500.0,Private,1.5,MNC,Own,10826.0,5,4,0.0,0.0,1900.0,4700.0,1600.0,Yes,5200.0,571.0,151200.0,31900.0,Vehicle EMI,668000.0,14,Not_Eligible,3110.8
32.0,Female,Married,Graduate,49900.0,Government,7.8,Mid-size,Own,0.0,5,4,7100.0,10900.0,3800.0,9900.0,2800.0,Yes,10900.0,744.0,170500.0,63100.0,Education EMI,468000.0,38,Not_Eligible,1732.5
58.0,Female,Married,Graduate,42300.0,Private,0.5,MNC,Family,0.0,3,2,9700.0,23900.0,3300.0,7900.0,6800.0,Yes,5900.0,731.0,323200.0,191800.0,E-commerce Shopping EMI,199000.0,23,Not_Eligible,500.0
38.0,Male,Married,Graduate,104900.0,Private,6.2,Mid-size,Rented,19300.0,2,1,8700.0,0.0,9300.0,16400.0,6200.0,No,0.0,631.0,190300.0,76900.0,Education EMI,425000.0,43,High_Risk,14400.0
32.0,Female,Married,Graduate,18900.0,Government,2.7,MNC,Family,0.0,4,3,14000.0,18300.0,1600.0,3800.0,1400.0,No,0.0,728.0,49500.0,13400.0,Vehicle EMI,1.463e+06,51,Not_Eligible,500.0
58.0,Male,Married,Post Graduate,81300.0,Private,4.4,MNC,Own,0.0,3,2,8100.0,0.0,4500.0,20700.0,14400.0,No,0.0,606.0,290100.0,150000.0,E-commerce Shopping EMI,90000.0,24,Eligible,13440.0
32.0,Female,Married,Graduate,45300.0,Private,5.7,Startup,Rented,8300.0,3,2,0.0,0.0,2900.0,7600.0,5900.0,No,0.0,634.0,40300.0,10700.0,Education EMI,449000.0,12,Not_Eligible,6592.0
38.0,Female,Married,Professional,75200.0,Private,2.3,Startup,Own,0.0,4,3,10700.0,0.0,7400.0,18800.0,7600.0,Yes,11800.0,650.0,490600.0,148900.0,Home Appliances EMI,191000.0,14,Not_Eligible,7276.5
38.0,Female,Married,Professional,91600.0,Private,0.6,Large Indian,Own,0.0,3,2,0.0,0.0,13400.0,16500.0,15500.0,No,0.0,764.0,163400.0,49900.0,Vehicle EMI,1.197e+06,16,Not_Eligible,17740.8
32.0,Female,Married,Graduate,34100.0,Government,5.8,Mid-size,Own,0.0,3,2,0.0,0.0,1700.0,9600.0,2300.0,No,0.0,722.0,215300.0,113400.0,Home Appliances EMI,46000.0,35,Eligible,12402.5
58.0,Female,Married,High School,41300.0,Private,1.5,Mid-size,Family,0.0,4,3,0.0,0.0,4400.0,8600.0,6300.0,No,0.0,780.0,311800.0,100400.0,Vehicle EMI,1.211e+06,12,Not_Eligible,14520.0
38.0,Male,Married,Graduate,110200.0,Private,7.3,Large Indian,Own,0.0,3,2,7700.0,0.0,13600.0,21500.0,15500.0,No,0.0,764.0,225500.0,129100.0,Home Appliances EMI,51000.0,14,Eligible,31140.0
27.0,Female,Single,High School,56400.0,Private,0.5,Mid-size,Rented,17600.0,2,1,4800.0,0.0,3900.0,13600.0,9300.0,No,0.0,590.0,146500.0,64600.0,Personal Loan EMI,516000.0,36,Not_Eligible,2304.0
38.0,Female,Single,Professional,101300.0,Government,2.7,Mid-size,Own,0.0,1,0,0.0,0.0,12700.0,28400.0,5300.0,No,0.0,785.0,705700.0,159600.0,Home Appliances EMI,43000.0,31,Eligible,36234.0
32.0,Female,Married,Graduate,70500.0,Self-employed,2.9,Mid-size,Own,0.0,5,4,8300.0,0.0,8400.0,14600.0,5300.0,Yes,12000.0,649.0,418700.0,226500.0,Education EMI,102000.0,30,Eligible,5518.8
48.0,Female,Married,Post Graduate,38700.0,Private,7.3,Large Indian,Rented,8800.0,3,2,5800.0,0.0,2100.0,9000.0,4800.0,No,0.0,760.0,237300.0,85500.0,Education EMI,492000.0,14,Not_Eligible,5412.0
32.0,Male,Single,Post Graduate,59300.0,Private,0.8,Large Indian,Rented,19900.0,1,0,0.0,0.0,7300.0,17000.0,3900.0,No,0.0,728.0,106400.0,50000.0,Education EMI,125000.0,21,Not_Eligible,3584.0
48.0,Female,Married,Graduate,94300.0,Private,12.7,Startup,Rented,30100.0,2,1,12900.0,19100.0,8800.0,26500.0,18900.0,No,0.0,793.0,697700.0,349800.0,E-commerce Shopping EMI,114000.0,24,Not_Eligible,500.0
27.0,Male,Single,Graduate,42300.0,Private,0.5,MNC,Rented,8400.0,1,0,0.0,0.0,6000.0,7400.0,7300.0,No,0.0,737.0,55100.0,19600.0,Personal Loan EMI,493000.0,48,Not_Eligible,4224.0
38.0,Female,Married,Graduate,26300.0,Private,8.9,Mid-size,Rented,7700.0,2,1,13300.0,15300.0,1700.0,4400.0,4700.0,Yes,6000.0,649.0,164300.0,48700.0,E-commerce Shopping EMI,60000.0,14,Not_Eligible,500.0
48.0,Male,Married,High School,85700.0,Private,16.9,Startup,Family,0.0,4,3,0.0,22600.0,7500.0,20600.0,4300.0,Yes,16300.0,682.0,217000.0,63300.0,Personal Loan EMI,393000.0,22,Not_Eligible,5040.0
38.0,Male,Married,Graduate,58700.0,Government,1.3,MNC,Own,0.0,4,3,10100.0,0.0,7500.0,9100.0,7400.0,Yes,8600.0,654.0,278400.0,71800.0,Home Appliances EMI,237000.0,10,Not_Eligible,5600.0
38.0,Female,Married,Graduate,63700.0,Private,0.5,Startup,Own,0.0,4,3,14600.0,0.0,7900.0,11700.0,3900.0,No,0.0,615.0,433700.0,199700.0,E-commerce Shopping EMI,194000.0,18,Not_Eligible,9011.2
32.0,MALE,Married,Professional,29700.0,Government,2.1,Small,Rented,5300.0,4,3,0.0,0.0,3900.0,7200.0,2500.0,Yes,8900.0,830.0,229500.0,100800.0,Home Appliances EMI,281000.0,36,Not_Eligible,877.8
38.0,Male,Single,Graduate,41100.0,Government,1.3,Mid-size,Own,0.0,1,0,0.0,0.0,2600.0,10700.0,7700.0,No,0.0,751.0,322000.0,117700.0,E-commerce Shopping EMI,96000.0,12,Eligible,13266.0
32.0,Male,Single,Graduate,26100.0,Private,0.8,MNC,Rented,7200.0,3,2,0.0,0.0,3800.0,6700.0,1700.0,No,0.0,648.0,131800.0,53600.0,E-commerce Shopping EMI,137000.0,23,Not_Eligible,2144.0
38.0,Male,Married,Graduate,84000.0,Private,4.8,MNC,Rented,23600.0,2,1,0.0,0.0,6900.0,24600.0,11100.0,No,0.0,703.0,213000.0,45200.0,Home Appliances EMI,276000.0,9,Not_Eligible,8900.0
32.0,Female,Single,Post Graduate,40700.0,Private,0.5,MNC,Family,0.0,1,0,0.0,0.0,2600.0,6700.0,4600.0,Yes,7900.0,667.0,250400.0,137800.0,Personal Loan EMI,811000.0,29,Not_Eligible,5821.2
38.0,Female,Married,Graduate,54700.0,Private,3.3,Large Indian,Own,0.0,2,1,13400.0,0.0,6500.0,14700.0,8900.0,No,0.0,770.0,409500.0,99000.0,Home Appliances EMI,98000.0,16,High_Risk,7392.0
48.0,Male,Married,Graduate,48900.0,Private,4.8,MNC,Rented,9300.0,3,2,0.0,0.0,6300.0,11600.0,8900.0,No,0.0,703.0,229900.0,97600.0,E-commerce Shopping EMI,97000.0,21,High_Risk,6400.0
27.0,Female,Single,Graduate,26100.0,Self-employed,5.0,Mid-size,Rented,7200.0,1,0,0.0,0.0,1400.0,4100.0,2100.0,No,0.0,582.0,141600.0,40800.0,Education EMI,157000.0,32,Not_Eligible,4068.0
48.0,Female,Married,Professional,27000.0,Private,2.5,Large Indian,Family,0.0,3,2,0.0,0.0,2300.0,4200.0,5000.0,No,0.0,733.0,166200.0,50500.0,Personal Loan EMI,356000.0,22,Not_Eligible,8525.0
27.0,Male,Single,High School,19900.0,Private,0.5,Startup,Own,0.0,3,2,0.0,0.0,1600.0,4100.0,3400.0,No,0.0,728.0,151900.0,65000.0,Personal Loan EMI,91000.0,35,Eligible,4752.0
27.0,Female,Single,Professional,65400.0,Private,1.5,Large Indian,Family,0.0,2,1,0.0,6300.0,3800.0,18400.0,11700.0,No,0.0,695.0,339500.0,123600.0,E-commerce Shopping EMI,162000.0,5,Not_Eligible,12600.0
58.0,Female,Married,Professional,67200.0,Private,13.8,Small,Family,18636.0,4,3,7300.0,0.0,8900.0,13500.0,6500.0,Yes,6900.0,638.0,356900.0,105900.0,Home Appliances EMI,48000.0,36,Eligible,6748.0
32.0,Male,Married,Graduate,56000.0,Private,0.5,MNC,Rented,15300.0,2,1,11500.0,0.0,3400.0,15000.0,8500.0,Yes,8400.0,537.0,241300.0,80200.0,Personal Loan EMI,523000.0,46,Not_Eligible,500.0
38.0,Female,Married,High School,37900.0,Government,4.2,Small,Rented,8600.0,3,2,6700.0,0.0,5300.0,7000.0,6100.0,Yes,10300.0,707.0,20500.0,6800.0,Home Appliances EMI,61000.0,27,Not_Eligible,500.0
38.0,Male,Married,Graduate,47600.0,Private,5.1,Large Indian,Own,0.0,3,2,10200.0,16500.0,5800.0,10600.0,6500.0,No,0.0,761.0,266900.0,80500.0,Home Appliances EMI,59000.0,9,Not_Eligible,500.0
48.0,Female,Married,Graduate,49400.0,Private,10.8,Large Indian,Rented,7800.0,2,1,0.0,17100.0,5500.0,7600.0,5900.0,No,0.0,716.0,176500.0,98900.0,Education EMI,293000.0,39,Not_Eligible,2750.0
32.0,Female,Single,Graduate,38000.0,Private,0.5,Large Indian,Family,0.0,2,1,11700.0,23500.0,2600.0,7800.0,6900.0,No,0.0,675.0,171900.0,87400.0,Vehicle EMI,1.172e+06,41,Not_Eligible,500.0
32.0,Male,Married,Professional,40800.0,Private,3.9,MNC,Rented,9200.0,4,3,9700.0,20700.0,5600.0,6600.0,6200.0,Yes,6800.0,654.0,235300.0,,Education EMI,282000.0,9,Not_Eligible,500.0
48.0,Female,Single,Graduate,91400.0,Private,2.5,Small,Rented,29600.0,1,0,0.0,0.0,11300.0,24500.0,15600.0,No,0.0,745.0,557000.0,286000.0,Home Appliances EMI,196000.0,26,Not_Eligible,5720.0
58.0,Female,Married,Professional,166100.0,Private,18.9,Large Indian,Own,0.0,3,2,0.0,24600.0,12800.0,33900.0,30400.0,No,0.0,662.0,1.3197e+06,402200.0,E-commerce Shopping EMI,78000.0,17,Eligible,35420.0
27.0,Male,Single,Professional,53100.0,Private,1.1,Large Indian,Rented,17900.0,3,2,13600.0,24200.0,7800.0,12600.0,8500.0,No,0.0,644.0,186200.0,63000.0,Personal Loan EMI,101000.0,41,Not_Eligible,500.0
48.0,Female,Single,Graduate,15000.0,Self-employed,9.5,MNC,Own,0.0,3,2,0.0,17600.0,2200.0,2400.0,1100.0,No,0.0,761.0,34500.0,11800.0,Vehicle EMI,614000.0,33,Not_Eligible,500.0
32.0,Male,Married,High School,30100.0,Private,0.5,Small,Family,0.0,3,2,0.0,19400.0,3000.0,8300.0,2900.0,No,0.0,739.0,169600.0,42600.0,Education EMI,303000.0,10,Not_Eligible,500.0
38.0,Male,Married,Graduate,54100.0,Private,16.0,Large Indian,Rented,8500.0,5,4,11000.0,8200.0,4600.0,8400.0,7000.0,Yes,11700.0,769.0,133800.0,35100.0,Vehicle EMI,1.439e+06,34,Not_Eligible,500.0
48.0,Male,Married,Post Graduate,57700.0,Government,5.4,Startup,Family,0.0,5,4,12600.0,0.0,6000.0,14300.0,6900.0,No,0.0,850.0,291700.0,146200.0,E-commerce Shopping EMI,82000.0,8,High_Risk,11814.0
32.0,Male,Married,Graduate,25000.0,Private,2.7,Large Indian,Rented,6000.0,3,2,0.0,15000.0,2900.0,5900.0,2900.0,No,0.0,,66000.0,37300.0,Education EMI,281000.0,34,Not_Eligible,500.0
48.0,Female,Married,Post Graduate,26000.0,Private,0.5,Startup,Own,0.0,4,3,11900.0,0.0,1800.0,4000.0,3100.0,No,0.0,643.0,67100.0,17600.0,Education EMI,184000.0,42,Not_Eligible,1664.0
38.0,male,Married,High School,64100.0,Private,0.7,MNC,Family,0.0,2,1,0.0,0.0,6200.0,18800.0,10900.0,No,0.0,723.0,439300.0,243300.0,E-commerce Shopping EMI,23000.0,11,Eligible,12408.0
27.0,Male,Single,Post Graduate,49100.0,Private,5.0,Startup,Own,0.0,2,1,0.0,0.0,3000.0,12500.0,5700.0,Yes,6000.0,626.0,174200.0,87100.0,Personal Loan EMI,59000.0,24,Eligible,6132.0
38.0,Male,Single,Graduate,18000.0,Private,4.6,Large Indian,Family,0.0,3,2,7600.0,0.0,1400.0,5000.0,1300.0,No,0.0,834.0,76400.0,23300.0,E-commerce Shopping EMI,82000.0,11,Not_Eligible,1620.0
32.0,Male,Single,Graduate,26800.0,Private,0.5,Startup,Own,0.0,2,1,6400.0,0.0,1500.0,4500.0,3700.0,Yes,6300.0,709.0,176700.0,71000.0,Personal Loan EMI,788000.0,39,Not_Eligible,1355.2
38.0,Male,Married,Graduate,60200.0,Government,5.9,Large Indian,Family,0.0,4,3,8900.0,0.0,7400.0,16500.0,10300.0,No,0.0,715.0,210800.0,81200.0,E-commerce Shopping EMI,69000.0,7,Not_Eligible,9405.0
58.0,Male,Married,Post Graduate,32800.0,Private,18.0,Mid-size,Family,0.0,4,3,0.0,0.0,3600.0,8900.0,2500.0,No,0.0,776.0,30900.0,10100.0,Personal Loan EMI,991000.0,27,Not_Eligible,8544.0
38.0,Male,Married,Post Graduate,32600.0,Private,4.6,Mid-size,Rented,10300.0,2,1,0.0,0.0,4400.0,7600.0,2300.0,Yes,4800.0,726.0,27100.0,6000.0,Vehicle EMI,1.45e+06,20,Not_Eligible,896.0
38.0,Male,Married,Post Graduate,96500.0,Private,0.5,MNC,Own,0.0,3,2,0.0,16100.0,7300.0,27600.0,17500.0,No,0.0,754.0,133200.0,62400.0,E-commerce Shopping EMI,111000.0,8,Not_Eligible,10752.0
48.0,Male,Married,Professional,107800.0,Private,5.9,Mid-size,Rented,23700.0,2,1,4100.0,0.0,13200.0,25600.0,11300.0,No,0.0,733.0,783100.0,158400.0,Personal Loan EMI,128000.0,25,Eligible,16445.0
38.0,Female,Married,Graduate,18000.0,Private,10.0,MNC,Own,0.0,3,2,5600.0,0.0,1200.0,4800.0,3600.0,No,0.0,672.0,41400.0,16600.0,Vehicle EMI,1.185e+06,74,Not_Eligible,1400.0
38.0,Male,Married,Professional,50400.0,Private,0.5,Mid-size,Rented,12800.0,3,2,14300.0,0.0,6700.0,8400.0,5900.0,No,0.0,688.0,109500.0,62000.0,Personal Loan EMI,939000.0,32,Not_Eligible,920.0
32.0,Female,Married,Post Graduate,41700.0,Government,0.5,Large Indian,Rented,9400.0,4,3,0.0,15100.0,5800.0,11000.0,6200.0,No,0.0,773.0,162300.0,61500.0,Home Appliances EMI,278000.0,27,Not_Eligible,500.0
48.0,Female,Married,Professional,133700.0,Private,0.5,Startup,Family,0.0,4,3,12500.0,0.0,17300.0,23900.0,24200.0,No,0.0,672.0,75900.0,38400.0,Vehicle EMI,156000.0,45,Eligible,17856.0
27.0,Female,Single,Professional,80100.0,Private,0.5,Mid-size,Family,0.0,1,0,0.0,0.0,9200.0,15100.0,6200.0,No,0.0,795.0,430500.0,205900.0,Education EMI,90000.0,39,Eligible,23808.0
32.0,Male,Married,Post Graduate,43100.0,Private,5.6,Large Indian,Own,0.0,2,1,4500.0,0.0,4600.0,11400.0,3500.0,No,0.0,660.0,106000.0,31300.0,Personal Loan EMI,360000.0,54,Not_Eligible,9550.0
38.0,Female,Married,Professional,431236.0,Private,4.5,MNC,Rented,15400.0,4,3,8700.0,9300.0,5700.0,19700.0,9500.0,No,0.0,742.0,519300.0,120300.0,Vehicle EMI,430000.0,33,Not_Eligible,1540.0
48.0,Male,Married,High School,21400.0,Self-employed,10.6,Startup,Rented,4100.0,4,3,0.0,0.0,2500.0,4400.0,3100.0,No,0.0,684.0,94200.0,50700.0,Personal Loan EMI,328000.0,31,Not_Eligible,3285.0
48.0,Female,Married,Graduate,60900.0,Private,0.5,Mid-size,Own,0.0,4,3,10400.0,0.0,7600.0,11800.0,4900.0,No,0.0,757.0,51400.0,28900.0,Home Appliances EMI,50000.0,8,Eligible,10060.8
27.0,Male,Single,Post Graduate,41400.0,Private,1.0,Mid-size,Own,15219.0,1,0,0.0,0.0,2300.0,11600.0,2100.0,Yes,4600.0,668.0,49100.0,12000.0,E-commerce Shopping EMI,51000.0,23,Eligible,5824.0
27.0,Female,Single,High School,27500.0,Self-employed,2.2,Startup,Rented,7300.0,2,1,0.0,21500.0,3300.0,4900.0,4100.0,Yes,7400.0,648.0,34500.0,16200.0,Home Appliances EMI,215000.0,25,Not_Eligible,500.0
32.0,Female,Married,Graduate,32300.0,Private,5.5,MNC,Rented,7900.0,3,2,11500.0,0.0,2600.0,7200.0,2400.0,Yes,7100.0,757.0,112700.0,33600.0,E-commerce Shopping EMI,66000.0,7,Not_Eligible,500.0
38.0,male,Married,Post Graduate,52100.0,Government,3.5,Startup,Own,0.0,5,4,4600.0,0.0,3000.0,10400.0,2900.0,Yes,7100.0,637.0,213500.0,115800.0,Education EMI,289000.0,40,Not_Eligible,7422.8
38.0,Male,Married,High School,61700.0,Private,2.3,Mid-size,Family,0.0,2,1,0.0,0.0,3400.0,14800.0,4400.0,Yes,10500.0,637.0,437300.0,178100.0,Education EMI,397000.0,31,Not_Eligible,8808.8
58.0,Male,Married,High School,51100.0,Private,36.0,Mid-size,Rented,7700.0,2,1,12400.0,0.0,3500.0,10000.0,3500.0,Yes,13300.0,765.0,70000.0,17200.0,Education EMI,188000.0,39,Not_Eligible,500.0
38.0,Male,Married,Professional,42500.0,Government,1.2,Large Indian,Family,0.0,4,3,6600.0,0.0,3900.0,6400.0,4500.0,No,0.0,735.0,77500.0,16900.0,Vehicle EMI,1.317e+06,65,Not_Eligible,8440.0
32.0,Female,Married,Professional,54400.0,Private,5.6,Large Indian,Family,0.0,2,1,12500.0,15500.0,4600.0,10400.0,9200.0,Yes,7000.0,724.0,394500.0,88000.0,Vehicle EMI,270000.0,60,Not_Eligible,500.0
32.0,Male,Married,High School,56000.0,Self-employed,3.7,Mid-size,Own,0.0,4,3,9000.0,0.0,6100.0,14100.0,8600.0,No,0.0,701.0,,59500.0,Home Appliances EMI,87000.0,17,Eligible,8190.0
48.0,Female,Married,Graduate,48400.0,Private,8.8,Mid-size,Own,0.0,4,3,5100.0,0.0,5100.0,8100.0,3900.0,No,0.0,778.0,271300.0,156700.0,Vehicle EMI,299000.0,34,Eligible,15720.0
38.0,Male,Married,Graduate,93600.0,Government,0.6,Large Indian,Rented,26200.0,3,2,2700.0,0.0,9000.0,26900.0,13100.0,No,0.0,787.0,526800.0,213300.0,Personal Loan EMI,868000.0,39,Not_Eligible,9420.0
48.0,Female,Married,Graduate,64000.0,Government,4.5,Mid-size,Own,0.0,3,2,0.0,0.0,4200.0,11500.0,4200.0,No,0.0,669.0,324700.0,143200.0,Vehicle EMI,1.296e+06,68,Not_Eligible,24255.0
32.0,Male,Married,Graduate,90500.0,Private,2.3,Large Indian,Own,0.0,2,1,11700.0,0.0,7900.0,18900.0,10100.0,No,0.0,751.0,180200.0,68400.0,Education EMI,472000.0,14,Not_Eligible,20112.0
27.0,Male,Married,Graduate,21300.0,Private,3.0,Mid-size,Own,0.0,3,2,0.0,0.0,1600.0,5800.0,3900.0,Yes,5400.0,627.0,163700.0,84800.0,E-commerce Shopping EMI,166000.0,17,Not_Eligible,1416.8
32.0,Female,Single,Professional,25700.0,Private,0.5,Startup,Own,0.0,3,2,11000.0,0.0,2700.0,5200.0,4400.0,No,0.0,534.0,183500.0,84000.0,Vehicle EMI,894000.0,35,Not_Eligible,528.0
38.0,Female,Married,Professional,57600.0,Government,5.0,MNC,Family,0.0,4,3,6500.0,23000.0,7600.0,9300.0,7000.0,No,0.0,694.0,53700.0,10800.0,Home Appliances EMI,137000.0,23,Not_Eligible,1848.0
58.0,Male,Married,High School,48500.0,Private,4.5,MNC,Rented,8400.0,4,3,0.0,0.0,5300.0,8400.0,6500.0,No,0.0,691.0,64200.0,16800.0,Education EMI,428000.0,18,Not_Eligible,7960.0
32.0,Male,Married,Graduate,37900.0,Private,1.5,MNC,Own,0.0,3,2,0.0,0.0,4500.0,9000.0,2600.0,No,0.0,671.0,124100.0,44000.0,Home Appliances EMI,297000.0,18,Not_Eligible,10900.0
38.0,Female,Single,High School,16000.0,Self-employed,0.5,Mid-size,Own,0.0,1,0,0.0,0.0,900.0,3900.0,900.0,Yes,1800.0,610.0,24000.0,11400.0,Home Appliances EMI,238000.0,22,Not_Eligible,1713.6
58.0,Male,Married,Post Graduate,55800.0,Private,36.0,MNC,Rented,9000.0,4,3,12300.0,0.0,4000.0,14300.0,3700.0,No,0.0,777.0,237000.0,124300.0,Home Appliances EMI,153000.0,28,High_Risk,7500.0
32.0,Male,Married,Graduate,37100.0,Private,3.7,MNC,Rented,7500.0,2,1,10800.0,0.0,2100.0,10300.0,2200.0,Yes,4400.0,742.0,91000.0,30600.0,Vehicle EMI,979000.0,21,Not_Eligible,500.0
38.0,Male,Married,Post Graduate,490563.0,Self-employed,13.1,Large Indian,Own,0.0,3,2,0.0,0.0,7400.0,16900.0,12800.0,Yes,14800.0,725.0,382600.0,156500.0,E-commerce Shopping EMI,24000.0,21,Eligible,4725.0
58.0,Female,Married,Graduate,43200.0,Government,0.5,MNC,Family,0.0,3,2,0.0,0.0,3500.0,9100.0,3700.0,No,0.0,765.0,182900.0,90800.0,Education EMI,451000.0,32,Not_Eligible,16140.0
32.0,Male,Married,Graduate,48500.0,Private,2.3,Startup,Rented,15400.0,3,2,6000.0,13900.0,5900.0,12500.0,5700.0,No,0.0,740.0,147600.0,81000.0,Personal Loan EMI,332000.0,15,Not_Eligible,500.0
32.0,Female,Single,Post Graduate,75800.0,Government,1.7,Small,Family,0.0,3,2,0.0,0.0,8100.0,14600.0,7100.0,Yes,17900.0,659.0,519800.0,185200.0,Home Appliances EMI,288000.0,18,Not_Eligible,10818.5
48.0,Female,Married,Professional,69100.0,Private,8.3,MNC,Own,0.0,3,2,0.0,5100.0,5500.0,15400.0,9800.0,No,0.0,655.0,304400.0,77800.0,Personal Loan EMI,908000.0,51,Not_Eligible,16650.0
32.0,Female,Married,Professional,73900.0,Private,4.4,Large Indian,Rented,19000.0,4,3,0.0,0.0,5000.0,14300.0,4400.0,No,0.0,677.0,309500.0,156900.0,Home Appliances EMI,33000.0,7,Eligible,15600.0
38.0,Male,Married,Professional,61500.0,Private,0.5,Small,Family,0.0,3,2,0.0,0.0,3600.0,12800.0,4100.0,No,0.0,599.0,425600.0,139000.0,E-commerce Shopping EMI,131000.0,17,Eligible,14432.0
32.0,Male,Single,Professional,27500.0,Private,4.8,Mid-size,Own,,1,0,0.0,0.0,2300.0,8200.0,3900.0,No,0.0,669.0,210900.0,84200.0,Education EMI,460000.0,35,Not_Eligible,7205.0
32.0,Male,Married,High School,22300.0,Private,1.3,Startup,Family,0.0,3,2,14700.0,0.0,3100.0,3400.0,2300.0,No,0.0,588.0,121800.0,64500.0,Education EMI,349000.0,37,Not_Eligible,500.0
27.0,Female,Single,Graduate,41800.0,Private,1.5,Startup,Own,0.0,1,0,0.0,0.0,3000.0,6300.0,7900.0,No,0.0,616.0,158000.0,35700.0,Education EMI,421000.0,26,Not_Eligible,9840.0
27.0,Female,Single,Post Graduate,11401.0,Private,3.7,Startup,Own,0.0,1,0,0.0,0.0,7700.0,27800.0,12700.0,Yes,18300.0,688.0,755400.0,374400.0,Education EMI,189000.0,30,Eligible,19288.5
32.0,Female,Married,Post Graduate,37400.0,Private,7.5,MNC,Family,0.0,4,3,11700.0,0.0,4900.0,10200.0,3500.0,No,0.0,672.0,173700.0,67400.0,Education EMI,101000.0,36,High_Risk,3550.0
27.0,Female,Single,Graduate,7652.0,Self-employed,0.5,Large Indian,Own,0.0,1,0,0.0,0.0,3000.0,9500.0,8100.0,No,0.0,695.0,244300.0,76800.0,Home Appliances EMI,229000.0,34,Eligible,16335.0
38.0,Male,Married,Professional,42400.0,Government,6.8,Mid-size,Rented,11700.0,4,3,0.0,14200.0,4900.0,11300.0,5700.0,Yes,7000.0,774.0,85900.0,44100.0,E-commerce Shopping EMI,51000.0,5,Not_Eligible,500.0
38.0,Female,Married,Graduate,23643.0,Government,16.0,MNC,Family,0.0,5,4,9700.0,0.0,1400.0,3800.0,2900.0,No,0.0,811.0,66000.0,21900.0,Education EMI,180000.0,37,Not_Eligible,2640.0
32.0,Male,Married,High School,16000.0,Private,2.0,MNC,Own,0.0,4,3,0.0,0.0,1200.0,4200.0,1500.0,Yes,2200.0,635.0,56800.0,31300.0,Vehicle EMI,743000.0,50,Not_Eligible,1932.0
32.0,Male,Married,Graduate,74900.0,Private,4.5,MNC,Rented,24500.0,3,2,2200.0,0.0,8600.0,18700.0,4100.0,Yes,14500.0,607.0,362500.0,117900.0,Vehicle EMI,784000.0,56,Not_Eligible,644.0
27.0,Female,Married,Professional,50800.0,Private,2.2,Small,Family,0.0,4,3,11200.0,0.0,6900.0,12500.0,9300.0,No,0.0,724.0,255800.0,151400.0,Personal Loan EMI,97000.0,54,Eligible,5450.0
48.0,Male,Married,Post Graduate,67100.0,Private,8.4,MNC,Rented,12700.0,4,3,8500.0,0.0,6200.0,13500.0,12200.0,Yes,14100.0,706.0,248100.0,83600.0,Education EMI,311000.0,33,Not_Eligible,500.0
32.0,Male,Married,Graduate,31100.0,Government,2.8,Startup,Rented,7900.0,5,4,0.0,13300.0,4600.0,5900.0,6100.0,Yes,7200.0,712.0,83100.0,18600.0,E-commerce Shopping EMI,199000.0,18,Not_Eligible,500.0
32.0,Female,Married,High School,41300.0,Private,1.6,Large Indian,Family,0.0,5,4,0.0,0.0,3000.0,7900.0,5300.0,No,0.0,745.0,289100.0,96600.0,Home Appliances EMI,164000.0,28,Eligible,13805.0
27.0,Female,Single,Post Graduate,52700.0,Private,1.0,Mid-size,Rented,17300.0,3,2,3600.0,0.0,3200.0,14900.0,7200.0,Yes,12200.0,545.0,209800.0,60700.0,Vehicle EMI,742000.0,67,Not_Eligible,500.0
32.0,Male,Single,Post Graduate,32200.0,Private,2.6,Large Indian,Rented,7200.0,3,2,0.0,0.0,4200.0,6100.0,3500.0,Yes,9500.0,609.0,144000.0,51400.0,Vehicle EMI,1.219e+06,31,Not_Eligible,500.0
32.0,Female,Single,Graduate,32500.0,Private,10.0,Mid-size,Rented,5800.0,1,0,0.0,0.0,3100.0,9600.0,1800.0,Yes,7800.0,687.0,95300.0,24100.0,Education EMI,352000.0,24,Not_Eligible,1540.0
38.0,Male,Married,Graduate,61800.0,Private,2.3,Large Indian,Family,0.0,3,2,0.0,0.0,3900.0,12600.0,6700.0,Yes,13700.0,699.0,375100.0,76200.0,Vehicle EMI,317000.0,54,Eligible,9586.5
38.0,Male,Married,Graduate,79100.0,Private,11.1,Large Indian,Rented,12600.0,3,2,0.0,8600.0,4800.0,21200.0,7100.0,No,0.0,693.0,243400.0,133200.0,Personal Loan EMI,366000.0,13,Not_Eligible,12400.0
27.0,Male,Married,Post Graduate,72700.0,Private,0.6,MNC,Rented,24500.0,3,2,0.0,5500.0,4800.0,14900.0,4500.0,No,0.0,778.0,216500.0,67900.0,Education EMI,237000.0,38,High_Risk,8880.0
48.0,Male,Married,Post Graduate,68500.0,Private,11.5,Large Indian,Rented,13900.0,5,4,0.0,0.0,9300.0,15100.0,9600.0,Yes,9100.0,567.0,264600.0,84200.0,E-commerce Shopping EMI,28000.0,14,Eligible,3220.0
32.0,Male,Married,High School,58200.0,Government,2.0,MNC,Own,0.0,2,1,9600.0,0.0,7300.0,12300.0,4100.0,Yes,16100.0,760.0,296600.0,164500.0,Personal Loan EMI,528000.0,31,Not_Eligible,3696.0
27.0,Male,Single,Post Graduate,27700.0,Private,4.6,Large Indian,Rented,9000.0,1,0,0.0,0.0,4000.0,6800.0,5200.0,Yes,6600.0,618.0,16700.0,8600.0,Home Appliances EMI,83000.0,18,Not_Eligible,500.0
27.0,Male,Single,Graduate,35200.0,Private,0.6,Large Indian,Rented,5600.0,1,0,0.0,0.0,3000.0,9500.0,3200.0,No,0.0,651.0,33900.0,15800.0,E-commerce Shopping EMI,199000.0,5,Not_Eligible,4448.0
38.0,Female,Married,Post Graduate,28300.0,Private,16.0,MNC,Own,0.0,3,2,0.0,0.0,1900.0,6300.0,2600.0,No,0.0,717.0,215800.0,75800.0,Personal Loan EMI,408000.0,54,Not_Eligible,9625.0
38.0,Female,Married,Post Graduate,88000.0,Private,8.2,MNC,Rented,30700.0,4,3,0.0,0.0,11600.0,23200.0,7100.0,Yes,17900.0,775.0,702900.0,407400.0,Personal Loan EMI,544000.0,53,Not_Eligible,500.0
27.0,Male,Single,Graduate,30400.0,Private,3.0,MNC,Family,0.0,1,0,0.0,0.0,2500.0,7700.0,4200.0,No,0.0,724.0,242700.0,127600.0,Education EMI,349000.0,24,Not_Eligible,8800.0
32.0,Male,Married,Post Graduate,81400.0,Private,1.3,Startup,Rented,26800.0,3,2,4900.0,0.0,7200.0,16500.0,10600.0,No,0.0,850.0,650300.0,267800.0,Vehicle EMI,750000.0,77,Not_Eligible,10164.0
27.0,Male,Single,Post Graduate,83900.0,Private,0.5,Small,Own,0.0,1,0,0.0,0.0,8600.0,13500.0,10500.0,No,0.0,823.0,136800.0,34000.0,E-commerce Shopping EMI,68000.0,18,Eligible,19699.2
32.0,Male,Single,Graduate,30300.0,Private,2.9,MNC,Rented,7900.0,2,1,0.0,20000.0,1700.0,6100.0,4900.0,No,0.0,655.0,219900.0,95500.0,Vehicle EMI,1.337e+06,56,Not_Eligible,500.0
38.0,Male,Married,Graduate,33500.0,Private,7.1,Mid-size,Rented,6000.0,4,3,9600.0,8000.0,5000.0,8800.0,6000.0,No,0.0,769.0,240400.0,76200.0,Vehicle EMI,559000.0,53,Not_Eligible,500.0
58.0,Male,Married,Graduate,64300.0,Private,6.0,Small,Own,0.0,3,2,10900.0,0.0,8100.0,18500.0,11400.0,Yes,9500.0,590.0,455800.0,249900.0,Vehicle EMI,701000.0,17,Not_Eligible,1817.2
27.0,Male,Single,Post Graduate,37200.0,Self-employed,1.0,Large Indian,Family,0.0,1,0,0.0,0.0,3000.0,8400.0,5800.0,No,0.0,668.0,251100.0,52800.0,Home Appliances EMI,68000.0,13,Eligible,9900.0
38.0,Female,Single,Post Graduate,115400.0,Private,2.6,MNC,Family,0.0,2,1,6200.0,0.0,14500.0,22900.0,10500.0,Yes,20300.0,665.0,84400.0,42100.0,E-commerce Shopping EMI,191000.0,21,High_Risk,11480.0
58.0,Female,Married,High School,55400.0,Private,0.5,Mid-size,Rented,13900.0,4,3,0.0,0.0,3000.0,16300.0,6000.0,Yes,13400.0,640.0,247600.0,107600.0,E-commerce Shopping EMI,129000.0,19,Not_Eligible,627.2
32.0,Male,Married,Graduate,321604.0,Private,1.1,Mid-size,Own,0.0,3,2,0.0,0.0,5100.0,17900.0,10500.0,No,0.0,727.0,444300.0,144800.0,Personal Loan EMI,576000.0,30,Not_Eligible,20850.0
27.0,Male,Single,Graduate,86500.0,Private,1.8,Startup,Family,0.0,3,2,3700.0,0.0,9500.0,13500.0,15500.0,No,0.0,692.0,521800.0,283300.0,Vehicle EMI,1.346e+06,67,Not_Eligible,24365.0
58.0,Male,Married,High School,71200.0,Private,21.4,MNC,Family,0.0,3,2,13100.0,0.0,3800.0,17800.0,9200.0,No,0.0,736.0,466700.0,253100.0,Education EMI,294000.0,37,Eligible,15015.0
58.0,Male,Married,Graduate,43200.0,Private,5.2,Mid-size,Own,0.0,3,2,0.0,0.0,6300.0,8500.0,8200.0,No,0.0,671.0,125300.0,32300.0,Vehicle EMI,1.323e+06,84,Not_Eligible,10100.0
48.0,Male,Married,Graduate,87600.0,Private,8.6,Mid-size,Rented,22300.0,4,3,0.0,0.0,6200.0,16600.0,7700.0,No,0.0,591.0,457700.0,206700.0,Education EMI,280000.0,32,Eligible,13920.0
48.0,Male,Married,Graduate,20000.0,Self-employed,1.6,Large Indian,Own,0.0,2,1,0.0,0.0,2000.0,5700.0,1100.0,No,0.0,622.0,26500.0,9000.0,Education EMI,216000.0,25,Not_Eligible,3225.6
38.0,Male,Married,High School,88400.0,Government,3.2,Mid-size,Rented,17900.0,4,3,8600.0,0.0,6500.0,17500.0,15700.0,No,0.0,610.0,504400.0,283200.0,Vehicle EMI,829000.0,67,Not_Eligible,9768.0
38.0,Male,Married,High School,66400.0,Self-employed,0.6,Mid-size,Own,0.0,4,3,8600.0,0.0,6200.0,11100.0,11000.0,Yes,14800.0,562.0,69500.0,29600.0,Vehicle EMI,804000.0,65,Not_Eligible,2963.52
32.0,Male,Single,Graduate,57100.0,Private,10.0,Large Indian,Own,0.0,1,0,0.0,0.0,3900.0,16900.0,6300.0,Yes,9700.0,706.0,153500.0,65900.0,Home Appliances EMI,170000.0,22,Not_Eligible,7105.0
38.0,Male,Married,Post Graduate,73900.0,Private,0.5,MNC,Rented,17300.0,3,2,5600.0,9100.0,6300.0,11900.0,8000.0,Yes,20800.0,702.0,471600.0,146100.0,E-commerce Shopping EMI,81000.0,9,Not_Eligible,500.0
38.0,Female,Married,Professional,72000.0,Private,1.9,MNC,Rented,18300.0,2,1,14800.0,0.0,4800.0,11900.0,7600.0,No,0.0,683.0,285100.0,135900.0,Vehicle EMI,554000.0,40,Not_Eligible,7300.0
32.0,Female,Married,Graduate,61000.0,Private,0.5,Startup,Rented,9900.0,3,2,9700.0,0.0,4900.0,16500.0,11800.0,No,0.0,680.0,67300.0,38600.0,Vehicle EMI,1.144e+06,36,Not_Eligible,2624.0
48.0,Male,Married,,18000.0,Private,6.4,Large Indian,Rented,5700.0,3,2,9400.0,6100.0,1400.0,4700.0,1200.0,No,0.0,825.0,116900.0,67400.0,Vehicle EMI,154000.0,46,Not_Eligible,500.0
27.0,Male,Single,Graduate,34400.0,Private,4.7,Mid-size,Family,0.0,3,2,13700.0,6900.0,4300.0,9000.0,2700.0,Yes,6900.0,657.0,200600.0,106200.0,Home Appliances EMI,287000.0,16,Not_Eligible,500.0
27.0,Male,Single,Graduate,32700.0,Private,0.7,Large Indian,Rented,5600.0,1,0,0.0,0.0,3600.0,8100.0,2500.0,Yes,6700.0,555.0,89800.0,29200.0,Personal Loan EMI,747000.0,48,Not_Eligible,1388.8
48.0,Female,Married,Post Graduate,56470.0,Private,1.6,Small,Rented,15500.0,3,2,3400.0,16800.0,4300.0,11200.0,7200.0,No,0.0,706.0,186700.0,63000.0,Personal Loan EMI,560000.0,34,Not_Eligible,500.0
32.0,Female,Single,Post Graduate,94100.0,Private,1.2,Large Indian,Family,0.0,1,0,0.0,0.0,10000.0,21100.0,8300.0,No,0.0,678.0,158600.0,59500.0,Education EMI,220000.0,29,Eligible,21880.0
48.0,Female,Married,Post Graduate,71100.0,Private,10.6,Large Indian,Own,0.0,2,1,0.0,15000.0,5200.0,15800.0,6000.0,Yes,19700.0,707.0,191000.0,40000.0,Education EMI,435000.0,48,Not_Eligible,3290.0
32.0,Male,Single,Graduate,45900.0,Private,1.4,Mid-size,Own,0.0,2,1,0.0,0.0,4300.0,8400.0,8300.0,Yes,9500.0,633.0,303900.0,173000.0,Personal Loan EMI,443000.0,55,Not_Eligible,4743.2
48.0,Female,Single,Graduate,81100.0,Private,6.4,MNC,Own,0.0,3,2,7900.0,19800.0,5800.0,21300.0,16200.0,Yes,17200.0,744.0,80600.0,40300.0,Education EMI,408000.0,46,Not_Eligible,500.0
38.0,Male,Married,Graduate,104800.0,Private,16.0,MNC,Own,0.0,3,2,0.0,18100.0,15400.0,30200.0,14200.0,No,0.0,783.0,409600.0,189300.0,Vehicle EMI,766000.0,19,Not_Eligible,16140.0
48.0,Male,Married,Professional,48700.0,Private,0.8,MNC,Own,0.0,3,2,2200.0,0.0,4200.0,10900.0,3100.0,Yes,12700.0,802.0,269200.0,84900.0,Vehicle EMI,618000.0,58,Not_Eligible,5241.6
27.0,Male,Single,Post Graduate,27900.0,Government,2.6,Startup,Rented,6100.0,1,0,0.0,0.0,1600.0,6900.0,1800.0,No,0.0,824.0,87700.0,47900.0,Home Appliances EMI,228000.0,14,Not_Eligible,6900.0
38.0,Male,Married,Graduate,32200.0,Private,7.7,Mid-size,Family,0.0,3,2,0.0,0.0,4500.0,7000.0,1900.0,No,0.0,791.0,190100.0,101300.0,Personal Loan EMI,849000.0,59,Not_Eligible,11280.0
38.0,Female,Married,Graduate,48400.0,Private,7.2,Large Indian,Rented,14300.0,4,3,0.0,7400.0,3700.0,13600.0,3800.0,No,0.0,655.0,96100.0,33800.0,Personal Loan EMI,389000.0,38,Not_Eligible,2240.0
38.0,Female,Married,Post Graduate,49700.0,Private,6.2,Mid-size,Rented,15800.0,2,1,6600.0,0.0,6500.0,11200.0,9000.0,Yes,10500.0,679.0,145200.0,71100.0,Personal Loan EMI,109000.0,56,Not_Eligible,500.0
38.0,Male,Married,Graduate,59800.0,Government,16.0,Startup,Rented,10000.0,3,2,5200.0,9700.0,4900.0,11000.0,5500.0,No,0.0,704.0,177300.0,73200.0,E-commerce Shopping EMI,37000.0,9,Eligible,7425.0
37.0,Male,Married,Post Graduate,94654.0,Private,0.5,Mid-size,Rented,15500.0,2,1,9400.0,0.0,9200.0,18200.0,12000.0,Yes,15200.0,635.0,568400.0,209600.0,E-commerce Shopping EMI,133000.0,14,Not_Eligible,3301.76
38.0,Female,Single,Post Graduate,79000.0,Government,0.5,Startup,Rented,18300.0,3,2,0.0,15100.0,4300.0,16000.0,12200.0,No,0.0,731.0,622500.0,,Education EMI,132000.0,40,Eligible,7205.0
38.0,Male,Married,Graduate,26100.0,Private,0.5,Startup,Rented,5400.0,2,1,2200.0,18000.0,2100.0,5000.0,4400.0,No,0.0,679.0,160600.0,37000.0,E-commerce Shopping EMI,62000.0,20,Not_Eligible,500.0
32.0,Female,Single,Graduate,25900.0,Private,1.8,Mid-size,Own,0.0,1,0,0.0,0.0,2200.0,5100.0,2300.0,Yes,2700.0,658.0,192300.0,102800.0,Vehicle EMI,452000.0,17,Not_Eligible,5236.0
48.0,Male,Married,Graduate,48400.0,Private,11.6,Large Indian,Rented,16500.0,2,1,5600.0,0.0,7100.0,8800.0,5500.0,Yes,8000.0,708.0,252300.0,116500.0,Education EMI,438000.0,43,Not_Eligible,500.0
32.0,Male,Single,Graduate,72400.0,Private,2.7,Mid-size,Own,0.0,1,0,0.0,0.0,6000.0,19000.0,13100.0,No,0.0,507.0,237500.0,83500.0,Home Appliances EMI,204000.0,36,Eligible,8575.0
32.0,Male,Married,Professional,38700.0,Private,1.3,Large Indian,Own,21568.0,3,2,12000.0,13000.0,4800.0,10200.0,4400.0,No,0.0,679.0,230300.0,122500.0,Vehicle EMI,1.178e+06,57,Not_Eligible,500.0
32.0,Female,Married,Graduate,60400.0,Private,7.0,Mid-size,Rented,15000.0,3,2,0.0,0.0,6900.0,9500.0,9900.0,Yes,7000.0,686.0,203300.0,93800.0,E-commerce Shopping EMI,195000.0,15,Not_Eligible,4235.0
48.0,Female,Married,Professional,27000.0,Private,3.0,Mid-size,Rented,7500.0,2,1,15000.0,0.0,2500.0,6000.0,2000.0,No,0.0,661.0,43400.0,16100.0,Personal Loan EMI,142000.0,55,Not_Eligible,500.0
48.0,Male,Married,Professional,76000.0,Private,5.6,Large Indian,Rented,18800.0,4,3,0.0,0.0,7900.0,21000.0,5800.0,No,0.0,828.0,64500.0,24600.0,Personal Loan EMI,806000.0,58,Not_Eligible,10800.0
48.0,Male,Married,Graduate,51900.0,Private,2.5,MNC,Own,0.0,4,3,2100.0,0.0,6300.0,10300.0,5100.0,No,0.0,716.0,179800.0,84800.0,Education EMI,102000.0,18,Eligible,14050.0
38.0,Male,Married,Post Graduate,97012.0,Private,0.9,Mid-size,Family,0.0,3,2,0.0,0.0,14500.0,17500.0,10600.0,Yes,10300.0,655.0,704600.0,276200.0,Education EMI,486000.0,29,Not_Eligible,14198.8
27.0,Male,Single,Professional,53300.0,Private,1.3,Large Indian,Rented,10700.0,1,0,0.0,0.0,5200.0,12400.0,6900.0,No,0.0,635.0,313900.0,178300.0,Vehicle EMI,1.205e+06,13,Not_Eligible,7240.0
32.0,Male,Married,Graduate,82000.0,Government,9.2,Mid-size,Own,0.0,2,1,5200.0,0.0,10300.0,20500.0,12700.0,No,0.0,802.0,575700.0,278800.0,Personal Loan EMI,75000.0,21,Eligible,24175.8
32.0,Female,Married,Post Graduate,137900.0,Private,0.6,Large Indian,Family,0.0,3,2,0.0,0.0,7400.0,26600.0,15800.0,No,0.0,692.0,972600.0,370200.0,E-commerce Shopping EMI,115000.0,8,Eligible,38764.0
38.0,Male,Married,Graduate,52400.0,Private,1.2,Mid-size,Own,0.0,3,2,0.0,0.0,5700.0,13000.0,4700.0,No,0.0,630.0,239800.0,139400.0,Personal Loan EMI,235000.0,24,Not_Eligible,11600.0
32.0,Male,Married,High School,34600.0,Government,2.7,MNC,Rented,9200.0,3,2,12000.0,0.0,2500.0,9200.0,3700.0,No,0.0,730.0,135400.0,27700.0,E-commerce Shopping EMI,200000.0,17,Not_Eligible,500.0
27.0,Male,Single,Post Graduate,55000.0,Private,1.3,Large Indian,Own,0.0,3,2,6900.0,24400.0,5400.0,8300.0,10100.0,No,0.0,804.0,211100.0,69900.0,Education EMI,412000.0,20,Not_Eligible,500.0
38.0,Male,Single,Graduate,62900.0,Private,0.5,Mid-size,Rented,14400.0,1,0,0.0,0.0,6700.0,16200.0,4100.0,Yes,7800.0,659.0,106500.0,34400.0,E-commerce Shopping EMI,102000.0,20,Not_Eligible,3068.8
32.0,Male,Married,Post Graduate,43300.0,Private,1.7,Large Indian,Family,0.0,5,4,7100.0,0.0,3300.0,10200.0,4200.0,No,0.0,624.0,159300.0,63700.0,Vehicle EMI,909000.0,30,Not_Eligible,7400.0
38.0,Male,Married,Post Graduate,41300.0,Self-employed,10.7,Large Indian,Rented,11500.0,2,1,10400.0,0.0,3400.0,11400.0,7600.0,No,0.0,772.0,155300.0,90000.0,Personal Loan EMI,199000.0,45,Not_Eligible,500.0
48.0,Male,Married,Graduate,15000.0,Private,2.3,Small,Rented,3200.0,3,2,0.0,20600.0,1700.0,3000.0,2300.0,No,0.0,601.0,97300.0,30000.0,Vehicle EMI,648000.0,80,Not_Eligible,500.0
32.0,Female,Married,High School,19900.0,Self-employed,2.1,MNC,Rented,5900.0,4,3,0.0,0.0,1300.0,3800.0,3200.0,No,0.0,669.0,118800.0,54000.0,Home Appliances EMI,215000.0,29,Not_Eligible,2565.0
48.0,Male,Married,Graduate,34100.0,Private,3.2,Large Indian,Rented,11600.0,5,4,0.0,18300.0,1900.0,6100.0,4100.0,No,0.0,678.0,235800.0,131300.0,E-commerce Shopping EMI,26000.0,12,Not_Eligible,500.0
27.0,Female,Married,High School,53600.0,Private,4.4,Large Indian,Own,0.0,2,1,4300.0,0.0,7100.0,14100.0,5100.0,Yes,10900.0,652.0,427700.0,219500.0,Personal Loan EMI,752000.0,29,Not_Eligible,4658.5
27.0,Male,Single,Graduate,29800.0,Private,1.5,Large Indian,Rented,8000.0,2,1,0.0,0.0,3900.0,8900.0,5300.0,No,0.0,768.0,92900.0,21900.0,Personal Loan EMI,838000.0,46,Not_Eligible,2220.0
58.0,Female,Married,Graduate,29400.0,Self-employed,4.9,Mid-size,Own,0.0,3,2,4800.0,0.0,1900.0,6400.0,5400.0,Yes,7800.0,599.0,195700.0,105500.0,Home Appliances EMI,95000.0,35,Not_Eligible,859.32
32.0,Male,Single,Professional,54900.0,Private,2.0,MNC,Own,0.0,2,1,0.0,0.0,4300.0,13900.0,6400.0,No,0.0,641.0,80400.0,24800.0,Education EMI,324000.0,15,Not_Eligible,9696.0
38.0,Female,Married,Post Graduate,33300.0,Private,0.7,Small,Own,0.0,2,1,10800.0,0.0,4100.0,8200.0,2600.0,No,0.0,691.0,136200.0,36600.0,Vehicle EMI,389000.0,80,Not_Eligible,3040.0
48.0,Male,Married,Professional,57800.0,Private,0.7,MNC,Own,0.0,4,3,9200.0,0.0,3900.0,16500.0,9700.0,Yes,11700.0,713.0,398300.0,118800.0,Education EMI,302000.0,47,Not_Eligible,2094.4
38.0,Male,Married,High School,15800.0,Private,2.9,Large Indian,Rented,3800.0,3,2,12200.0,15900.0,2300.0,4300.0,2700.0,No,0.0,754.0,99500.0,35800.0,E-commerce Shopping EMI,19000.0,16,Not_Eligible,500.0
32.0,Male,Single,High School,47200.0,Government,1.4,Large Indian,Own,0.0,1,0,0.0,0.0,3300.0,12200.0,6400.0,No,0.0,762.0,189100.0,59500.0,Vehicle EMI,995000.0,31,Not_Eligible,15180.0
38.0,Male,Married,High School,28900.0,Government,0.5,Startup,Own,0.0,4,3,0.0,0.0,3000.0,7800.0,4000.0,No,0.0,645.0,128400.0,61900.0,Education EMI,349000.0,24,Not_Eligible,5640.0
38.0,Female,Married,Post Graduate,41700.0,Private,0.5,Small,Rented,9300.0,2,1,0.0,0.0,5000.0,12300.0,7700.0,No,0.0,,51700.0,13000.0,Vehicle EMI,607000.0,30,Not_Eligible,2841.6
58.0,Male,Married,Post Graduate,36800.0,Self-employed,15.0,Mid-size,Rented,7000.0,3,2,0.0,0.0,2300.0,10700.0,3400.0,Yes,6200.0,578.0,116300.0,45900.0,Education EMI,465000.0,44,Not_Eligible,1814.4
38.0,Male,Married,Graduate,57800.0,Private,11.7,Mid-size,Family,0.0,2,1,0.0,17600.0,7100.0,9100.0,6800.0,Yes,10200.0,642.0,406000.0,84900.0,Education EMI,401000.0,31,Not_Eligible,2156.0
27.0,Female,Single,Post Graduate,41100.0,Government,2.5,MNC,Rented,6500.0,2,1,12400.0,0.0,3300.0,7900.0,2700.0,No,0.0,777.0,289900.0,103800.0,E-commerce Shopping EMI,90000.0,23,High_Risk,5478.0
48.0,Female,Married,Post Graduate,63700.0,Private,10.2,Large Indian,Rented,19100.0,4,3,0.0,15000.0,8000.0,11900.0,7100.0,Yes,19000.0,734.0,82400.0,19100.0,Vehicle EMI,971000.0,38,Not_Eligible,500.0
32.0,Male,Single,Professional,56700.0,Government,6.4,Mid-size,Own,0.0,2,1,3000.0,5500.0,3200.0,10300.0,7300.0,No,0.0,721.0,175700.0,95000.0,Home Appliances EMI,148000.0,19,Eligible,15070.0
38.0,Female,Married,Post Graduate,65200.0,Private,0.5,Mid-size,Own,0.0,4,3,7800.0,9500.0,7000.0,12000.0,4800.0,Yes,10500.0,758.0,281900.0,114900.0,E-commerce Shopping EMI,46000.0,10,Not_Eligible,4569.6
58.0,Male,Married,Post Graduate,62100.0,Private,11.8,MNC,Family,0.0,5,4,14800.0,0.0,8800.0,14000.0,7500.0,No,0.0,694.0,154600.0,33400.0,Education EMI,62000.0,41,Eligible,8500.0
32.0,Male,Single,Graduate,36800.0,Private,1.4,MNC,Rented,6500.0,3,2,0.0,0.0,2800.0,6500.0,6500.0,Yes,8800.0,0.0,99800.0,39500.0,E-commerce Shopping EMI,148000.0,5,Not_Eligible,1995.0
32.0,Female,Married,Graduate,88600.0,Private,0.8,Large Indian,Rented,16100.0,3,2,9200.0,0.0,9700.0,15100.0,13000.0,No,0.0,1200.0,652800.0,333800.0,Home Appliances EMI,179000.0,6,Not_Eligible,11220.0
32.0,Female,Married,High School,38000.0,Government,10.0,Mid-size,Rented,11900.0,2,1,10200.0,0.0,5400.0,10600.0,2100.0,No,0.0,790.0,93700.0,26400.0,Home Appliances EMI,36000.0,33,Not_Eligible,500.0
48.0,Female,Married,High School,54900.0,Private,5.8,Mid-size,Family,0.0,3,2,0.0,0.0,6100.0,11100.0,3000.0,No,0.0,782.0,303900.0,62500.0,Education EMI,82000.0,42,Eligible,20820.0
58.0,Female,Married,Post Graduate,71600.0,Private,15.2,Startup,Rented,20300.0,2,1,0.0,0.0,4600.0,18800.0,4900.0,No,0.0,715.0,531700.0,302800.0,Education EMI,318000.0,15,Not_Eligible,12650.0
58.0,Female,Married,Graduate,92000.0,Government,1.0,Startup,Family,0.0,3,2,0.0,7800.0,13800.0,24300.0,17000.0,Yes,11600.0,719.0,646900.0,260800.0,Education EMI,125000.0,21,Not_Eligible,6737.5
32.0,Male,Single,High School,56600.0,Government,5.3,Large Indian,Family,0.0,3,2,9200.0,12500.0,6400.0,13600.0,6600.0,Yes,7100.0,726.0,313600.0,104800.0,Education EMI,227000.0,22,Not_Eligible,500.0
38.0,Female,Married,Graduate,34100.0,Private,0.5,Large Indian,Rented,6900.0,4,3,12500.0,10400.0,3800.0,7200.0,3400.0,No,0.0,613.0,65000.0,33500.0,Personal Loan EMI,52000.0,12,Not_Eligible,500.0
38.0,Female,Married,Graduate,60800.0,Government,0.5,Large Indian,Family,0.0,4,3,7700.0,0.0,8000.0,12400.0,9800.0,Yes,12700.0,767.0,48500.0,11000.0,Education EMI,144000.0,33,Not_Eligible,3427.2
58.0,Male,Single,Post Graduate,70300.0,Private,21.1,Large Indian,Rented,15400.0,1,0,0.0,0.0,5500.0,12100.0,7500.0,Yes,20100.0,747.0,195100.0,113000.0,Personal Loan EMI,102000.0,49,High_Risk,3395.0
32.0,Male,Single,Graduate,56900.0,Private,6.5,MNC,Own,0.0,2,1,9600.0,5600.0,6700.0,15500.0,5800.0,No,0.0,741.0,42300.0,13500.0,Vehicle EMI,365000.0,69,Not_Eligible,5480.0
38.0,Female,Married,Graduate,27200.0,Private,6.2,Startup,Own,0.0,4,3,0.0,0.0,3200.0,6500.0,1800.0,No,0.0,735.0,168100.0,84500.0,Vehicle EMI,647000.0,35,Not_Eligible,8635.0
58.0,Female,Married,Graduate,38900.0,Private,1.9,Small,Own,0.0,3,2,0.0,0.0,2900.0,6700.0,5400.0,No,0.0,565.0,77900.0,31600.0,Personal Loan EMI,423000.0,42,Not_Eligible,9560.0
32.0,Male,Married,Professional,76000.0,Private,0.7,MNC,Rented,11600.0,5,4,13000.0,0.0,8000.0,18000.0,9000.0,Yes,16200.0,598.0,245300.0,49800.0,E-commerce Shopping EMI,59000.0,11,Not_Eligible,500.0
27.0,Female,Married,Professional,80100.0,Private,4.4,Mid-size,Family,0.0,5,4,0.0,0.0,4900.0,17200.0,5400.0,Yes,14800.0,715.0,346800.0,90300.0,E-commerce Shopping EMI,176000.0,9,Not_Eligible,13230.0
38.0,Male,Married,Graduate,37900.0,Private,3.4,Large Indian,Own,0.0,3,2,0.0,24300.0,5300.0,10300.0,5500.0,Yes,6700.0,568.0,165800.0,62800.0,Personal Loan EMI,867000.0,15,Not_Eligible,500.0
38.0,Female,Married,High School,69000.0,Private,0.5,Large Indian,Rented,21600.0,4,3,0.0,0.0,10100.0,12000.0,11200.0,No,0.0,641.0,547200.0,162800.0,Personal Loan EMI,527000.0,34,Not_Eligible,4963.2
32.0,Male,Married,Post Graduate,64500.0,Private,1.0,Startup,Own,0.0,2,1,13200.0,0.0,6500.0,13600.0,8100.0,Yes,12000.0,663.0,409100.0,105100.0,Vehicle EMI,583000.0,46,Not_Eligible,4273.5
38.0,Male,Married,Professional,30000.0,Private,0.5,Mid-size,Family,0.0,3,2,3800.0,0.0,3000.0,7100.0,4700.0,No,0.0,781.0,,26400.0,Personal Loan EMI,633000.0,36,Not_Eligible,5472.0
32.0,Male,Single,Post Graduate,107700.0,Private,2.3,Mid-size,Own,0.0,1,0,0.0,0.0,8600.0,17700.0,16500.0,No,0.0,736.0,751700.0,235700.0,E-commerce Shopping EMI,112000.0,23,Eligible,35695.0
38.0,Female,Married,High School,23100.0,Private,4.0,MNC,Family,0.0,4,3,2500.0,0.0,2300.0,4800.0,3100.0,No,0.0,716.0,54400.0,22000.0,Personal Loan EMI,321000.0,35,Not_Eligible,5200.0
48.0,Male,Single,Professional,61300.0,Government,15.0,Mid-size,Family,0.0,1,0,0.0,0.0,5500.0,15200.0,9600.0,No,0.0,697.0,436700.0,227600.0,Education EMI,458000.0,43,Eligible,18755.0
32.0,Male,Married,Graduate,86500.0,Private,1.3,Mid-size,Rented,19300.0,5,4,0.0,15100.0,7700.0,15200.0,15300.0,No,0.0,609.0,667900.0,200500.0,E-commerce Shopping EMI,181000.0,11,Not_Eligible,6116.0
32.0,Male,Single,Graduate,26000.0,Private,0.5,Large Indian,Own,0.0,2,1,0.0,0.0,2800.0,6700.0,4400.0,Yes,4400.0,718.0,105400.0,34500.0,Personal Loan EMI,596000.0,43,Not_Eligible,2156.0
38.0,Female,Married,Professional,122800.0,Private,0.5,Large Indian,Rented,22700.0,5,4,2900.0,21300.0,16200.0,34100.0,9900.0,No,0.0,689.0,489000.0,249300.0,Home Appliances EMI,216000.0,25,Not_Eligible,6280.0
38.0,Male,Married,Graduate,8607.0,Government,4.5,Large Indian,Rented,8400.0,3,2,0.0,0.0,4800.0,11100.0,5700.0,No,0.0,728.0,43200.0,13100.0,Personal Loan EMI,958000.0,31,Not_Eligible,3300.0
27.0,Female,Single,,75800.0,Self-employed,1.7,MNC,Rented,26400.0,1,0,0.0,0.0,6800.0,22100.0,6200.0,No,0.0,583.0,603500.0,148800.0,Education EMI,300000.0,48,Not_Eligible,5662.8
38.0,Male,Married,Graduate,96800.0,Private,4.5,Large Indian,Rented,20700.0,5,4,3000.0,0.0,6200.0,22600.0,15700.0,No,0.0,775.0,620600.0,318900.0,Education EMI,114000.0,20,Eligible,18876.0
38.0,Male,Married,Post Graduate,71800.0,Private,1.7,MNC,Rented,11000.0,4,3,2400.0,0.0,4400.0,14000.0,8000.0,Yes,17500.0,664.0,316700.0,112000.0,Personal Loan EMI,892000.0,60,Not_Eligible,5075.0
38.0,Male,Married,Graduate,68200.0,Private,0.5,Mid-size,Rented,20000.0,2,1,14200.0,0.0,6200.0,16500.0,3500.0,Yes,16400.0,712.0,117200.0,53700.0,E-commerce Shopping EMI,51000.0,8,Not_Eligible,500.0
48.0,Male,Single,Graduate,52400.0,Private,21.5,Small,Rented,12100.0,1,0,0.0,0.0,3500.0,12300.0,3600.0,Yes,9900.0,740.0,412800.0,168200.0,E-commerce Shopping EMI,39000.0,13,Eligible,4235.0
32.0,Female,Single,Graduate,36500.0,Government,1.3,Startup,Family,0.0,1,0,0.0,0.0,4700.0,7000.0,3500.0,Yes,8500.0,639.0,78100.0,36000.0,Home Appliances EMI,194000.0,31,Not_Eligible,3584.0
58.0,Male,Married,Professional,22500.0,Private,9.2,MNC,Own,0.0,4,3,10900.0,22900.0,1400.0,4600.0,2300.0,Yes,2600.0,673.0,88300.0,32500.0,E-commerce Shopping EMI,15000.0,14,Not_Eligible,500.0
48.0,Female,Single,Post Graduate,77000.0,Government,6.0,Large Indian,Rented,21800.0,1,0,0.0,0.0,6900.0,12300.0,12700.0,No,0.0,758.0,218200.0,52500.0,Home Appliances EMI,272000.0,10,Not_Eligible,15378.0
48.0,Male,Married,Graduate,57300.0,Private,3.8,MNC,Rented,9300.0,3,2,8800.0,12800.0,5800.0,16000.0,5300.0,Yes,8900.0,590.0,107200.0,28900.0,Education EMI,56000.0,27,Not_Eligible,500.0
38.0,Male,Married,Post Graduate,83100.0,Private,0.8,MNC,Own,0.0,4,3,0.0,0.0,7700.0,13500.0,8500.0,No,0.0,556.0,368800.0,130400.0,Personal Loan EMI,935000.0,49,Not_Eligible,17088.0
32.0,Male,Married,High School,28300.0,Private,2.2,Startup,Own,0.0,2,1,0.0,0.0,4000.0,6000.0,2800.0,No,0.0,697.0,56500.0,27600.0,Vehicle EMI,856000.0,43,Not_Eligible,6200.0
48.0,Male,Married,Graduate,52700.0,Self-employed,18.7,Large Indian,Rented,10400.0,2,1,13900.0,0.0,3400.0,15300.0,9800.0,No,0.0,743.0,76800.0,45300.0,Education EMI,300000.0,47,Not_Eligible,500.0
38.0,Male,Married,Professional,136900.0,Private,3.1,MNC,Rented,33100.0,3,2,11400.0,5800.0,14400.0,27900.0,26500.0,Yes,19400.0,999.0,301700.0,170800.0,Education EMI,478000.0,13,Not_Eligible,500.0
38.0,Female,Single,Graduate,51900.0,Self-employed,16.0,Startup,Rented,8600.0,3,2,0.0,0.0,6700.0,13100.0,6100.0,Yes,6300.0,830.0,79500.0,24800.0,E-commerce Shopping EMI,133000.0,16,Not_Eligible,3356.64
38.0,Male,Married,High School,46800.0,Self-employed,3.4,Startup,Rented,10800.0,4,3,0.0,0.0,5800.0,10400.0,2500.0,No,0.0,670.0,347400.0,151800.0,Home Appliances EMI,145000.0,8,Not_Eligible,8563.5
32.0,Male,Married,Graduate,37000.0,Private,2.1,Large Indian,Rented,7300.0,4,3,2500.0,0.0,4200.0,7800.0,3900.0,No,0.0,710.0,25800.0,13100.0,Personal Loan EMI,895000.0,19,Not_Eligible,4520.0
48.0,Female,Married,Graduate,15000.0,Self-employed,11.2,Mid-size,Own,0.0,3,2,0.0,0.0,1000.0,4000.0,2400.0,Yes,2500.0,679.0,15500.0,5100.0,Personal Loan EMI,535000.0,25,Not_Eligible,1285.2
32.0,Male,Married,Graduate,45800.0,Government,0.5,MNC,Rented,12800.0,3,2,12000.0,0.0,6000.0,7500.0,8100.0,No,0.0,727.0,301800.0,119100.0,Vehicle EMI,613000.0,12,Not_Eligible,500.0
58.0,Female,Married,Post Graduate,38100.0,Government,0.6,Mid-size,Rented,9100.0,3,2,4700.0,0.0,3000.0,8000.0,2600.0,Yes,7400.0,674.0,113500.0,49200.0,Education EMI,434000.0,22,Not_Eligible,1155.0
31.0,Male,Single,Post Graduate,80059.0,Private,0.8,Mid-size,Rented,24700.0,2,1,14400.0,20600.0,7000.0,16000.0,5600.0,No,0.0,705.0,135500.0,50500.0,Home Appliances EMI,90000.0,22,Not_Eligible,500.0
32.0,Male,Married,Post Graduate,33300.0,Self-employed,5.7,Mid-size,Rented,8900.0,3,2,15000.0,23800.0,2300.0,9900.0,2000.0,Yes,9100.0,708.0,50900.0,12200.0,E-commerce Shopping EMI,119000.0,14,Not_Eligible,500.0
32.0,Female,Married,Professional,33300.0,Private,2.4,Large Indian,Own,0.0,2,1,12600.0,13100.0,2700.0,8800.0,5200.0,No,0.0,575.0,206100.0,85100.0,Home Appliances EMI,103000.0,8,Not_Eligible,500.0
48.0,Male,Married,Professional,134000.0,Private,16.4,MNC,Own,0.0,5,4,8000.0,24100.0,15800.0,26700.0,18800.0,Yes,37800.0,688.0,512600.0,149800.0,Vehicle EMI,1.281e+06,28,Not_Eligible,980.0
58.0,Female,Married,Graduate,33100.0,Self-employed,0.7,Startup,Own,0.0,3,2,5700.0,17000.0,2800.0,5400.0,2500.0,No,0.0,563.0,145400.0,77400.0,Personal Loan EMI,534000.0,49,Not_Eligible,500.0
48.0,Male,Married,Post Graduate,53700.0,Self-employed,3.0,MNC,Rented,8800.0,3,2,0.0,0.0,3100.0,10600.0,10000.0,Yes,6200.0,699.0,46400.0,11600.0,Vehicle EMI,805000.0,20,Not_Eligible,3780.0
32.0,Female,Married,High School,45200.0,Self-employed,4.7,Startup,Own,0.0,3,2,0.0,0.0,2500.0,8600.0,8400.0,No,0.0,692.0,213500.0,83200.0,Vehicle EMI,148000.0,41,Eligible,11565.0
32.0,MALE,Married,Professional,30000.0,Private,0.5,MNC,Family,0.0,3,2,5200.0,0.0,1800.0,8900.0,4600.0,No,0.0,652.0,107900.0,38900.0,Home Appliances EMI,174000.0,17,Not_Eligible,3800.0
38.0,Female,Married,Post Graduate,94200.0,Government,1.9,Mid-size,Own,20926.0,3,2,2200.0,0.0,13600.0,27800.0,8200.0,Yes,13700.0,765.0,61800.0,36000.0,Home Appliances EMI,147000.0,12,Not_Eligible,9643.2
38.0,Male,Married,Post Graduate,60500.0,Government,0.5,MNC,Family,0.0,4,3,14500.0,21900.0,7600.0,9500.0,11800.0,Yes,10700.0,689.0,117300.0,68400.0,Home Appliances EMI,162000.0,17,Not_Eligible,500.0
32.0,Male,Married,Post Graduate,107100.0,Private,2.1,MNC,Rented,32100.0,3,2,0.0,0.0,13200.0,25300.0,10600.0,No,0.0,725.0,97200.0,48500.0,Vehicle EMI,1.07e+06,55,Not_Eligible,10360.0
32.0,Female,Married,Graduate,62300.0,Private,1.3,Small,Own,0.0,3,2,5100.0,0.0,6600.0,14800.0,11800.0,Yes,13500.0,658.0,195900.0,72500.0,Education EMI,466000.0,31,Not_Eligible,3675.0
32.0,Female,Single,Professional,70400.0,Government,3.8,Large Indian,Own,0.0,1,0,0.0,0.0,6700.0,20700.0,7400.0,No,0.0,710.0,183300.0,60700.0,E-commerce Shopping EMI,38000.0,13,Eligible,19580.0
38.0,Female,Married,High School,14400.0,Private,16.0,Startup,Family,0.0,3,2,12500.0,0.0,1300.0,2900.0,2100.0,No,0.0,649.0,92500.0,21300.0,Education EMI,263000.0,13,Not_Eligible,500.0
38.0,Male,Married,Graduate,48600.0,Self-employed,2.2,Large Indian,Own,0.0,2,1,0.0,0.0,6300.0,8000.0,6800.0,Yes,9900.0,680.0,272600.0,99000.0,Education EMI,304000.0,23,Not_Eligible,5544.0
48.0,Female,Married,Post Graduate,110800.0,Government,2.5,MNC,Own,0.0,3,2,6700.0,24800.0,15600.0,26200.0,5900.0,Yes,15200.0,629.0,557500.0,248900.0,Personal Loan EMI,921000.0,46,Not_Eligible,4592.0
48.0,Male,Married,Post Graduate,122200.0,Private,7.4,Small,Own,0.0,3,2,0.0,0.0,16800.0,32600.0,23600.0,No,0.0,723.0,908100.0,478500.0,Vehicle EMI,937000.0,51,High_Risk,27060.0
38.0,Female,Married,Graduate,24400.0,Private,16.0,Startup,Own,0.0,5,4,9800.0,0.0,2500.0,7100.0,1300.0,No,0.0,795.0,154200.0,80100.0,Vehicle EMI,589000.0,70,Not_Eligible,2442.0
32.0,Female,Married,Post Graduate,19500.0,Government,2.4,MNC,Rented,4700.0,4,3,12800.0,12800.0,2200.0,5500.0,1600.0,No,0.0,677.0,100200.0,41100.0,Vehicle EMI,537000.0,44,Not_Eligible,500.0
48.0,Male,Married,Graduate,45600.0,Private,2.9,MNC,Family,0.0,3,2,14100.0,0.0,3300.0,12500.0,5800.0,No,0.0,688.0,144700.0,57900.0,Personal Loan EMI,269000.0,35,Not_Eligible,4950.0
48.0,Female,Married,Post Graduate,69800.0,Private,19.7,Mid-size,Family,0.0,3,2,10800.0,17400.0,7700.0,18200.0,5800.0,No,0.0,618.0,314400.0,128700.0,Education EMI,447000.0,36,Not_Eligible,3960.0
38.0,Male,Married,Graduate,38300.0,Private,5.7,Mid-size,Rented,13200.0,3,2,7000.0,0.0,5600.0,6700.0,6000.0,No,0.0,708.0,247200.0,53800.0,Home Appliances EMI,172000.0,26,Not_Eligible,500.0
38.0,Male,Single,Graduate,44300.0,Private,4.0,Large Indian,Family,0.0,2,1,12400.0,0.0,3500.0,7200.0,5900.0,No,0.0,691.0,122900.0,29700.0,E-commerce Shopping EMI,169000.0,23,Not_Eligible,7650.0
32.0,Male,Single,Post Graduate,80000.0,Government,1.4,Small,Rented,25400.0,2,1,0.0,0.0,5400.0,15700.0,10400.0,No,0.0,842.0,444500.0,244000.0,Education EMI,123000.0,40,Eligible,13860.0
48.0,Male,Married,Professional,94600.0,Self-employed,2.0,Large Indian,Rented,30100.0,4,3,14300.0,21300.0,12300.0,25600.0,8700.0,Yes,26900.0,737.0,355800.0,115300.0,Personal Loan EMI,606000.0,26,Not_Eligible,500.0
32.0,Female,Married,Post Graduate,82600.0,Private,5.0,Mid-size,Own,0.0,4,3,9700.0,0.0,10900.0,12700.0,4500.0,Yes,15900.0,729.0,338800.0,98200.0,Education EMI,484000.0,32,Not_Eligible,10115.0
48.0,Female,Married,High School,16700.0,Government,13.8,MNC,Own,0.0,3,2,3100.0,10800.0,2100.0,3500.0,1600.0,Yes,3100.0,829.0,24400.0,6500.0,Vehicle EMI,300000.0,64,Not_Eligible,500.0
48.0,Female,Married,Graduate,26500.0,Private,6.8,MNC,Own,0.0,4,3,0.0,0.0,2500.0,5300.0,3300.0,No,0.0,735.0,22900.0,8600.0,Personal Loan EMI,469000.0,25,Not_Eligible,6160.0
48.0,Male,Married,Graduate,49100.0,Private,3.4,Large Indian,Own,0.0,2,1,14900.0,0.0,6100.0,9700.0,7900.0,Yes,9400.0,708.0,372400.0,136500.0,Home Appliances EMI,84000.0,21,Not_Eligible,500.0
48.0,Male,Married,Graduate,22000.0,Private,3.3,MNC,Own,0.0,4,3,3000.0,0.0,2100.0,5500.0,2100.0,No,0.0,656.0,154800.0,45700.0,E-commerce Shopping EMI,196000.0,24,Not_Eligible,5115.0
32.0,Female,Single,Professional,6195.0,Government,3.7,Startup,Own,0.0,2,1,0.0,0.0,2000.0,5600.0,1800.0,No,0.0,694.0,93100.0,31900.0,Home Appliances EMI,56000.0,17,Eligible,9680.0
48.0,Female,Married,Professional,58700.0,Private,3.3,Startup,Own,0.0,2,1,0.0,13400.0,7200.0,16400.0,7600.0,Yes,10900.0,626.0,150300.0,73300.0,Personal Loan EMI,153000.0,58,Not_Eligible,896.0
38.0,Female,Married,Graduate,62400.0,Self-employed,13.9,Small,Rented,10900.0,4,3,0.0,23300.0,5800.0,18000.0,7600.0,Yes,16800.0,642.0,135200.0,47300.0,E-commerce Shopping EMI,66000.0,15,Not_Eligible,500.0
49.0,Male,Married,Professional,107081.0,Private,5.0,Mid-size,Own,0.0,2,1,13300.0,0.0,10200.0,30100.0,5500.0,Yes,14600.0,654.0,689800.0,242500.0,E-commerce Shopping EMI,168000.0,9,Not_Eligible,12166.0
58.0,Male,Married,Post Graduate,99900.0,Private,9.9,Mid-size,Rented,24200.0,2,1,0.0,0.0,10600.0,25700.0,16500.0,Yes,23900.0,786.0,285400.0,86900.0,Education EMI,352000.0,36,Not_Eligible,500.0
48.0,Female,Married,Post Graduate,55500.0,Government,8.1,MNC,Rented,19300.0,4,3,14800.0,5100.0,6900.0,12400.0,10400.0,No,0.0,664.0,323800.0,85900.0,Education EMI,236000.0,8,Not_Eligible,500.0
32.0,Male,Married,Graduate,46800.0,Private,4.2,MNC,Rented,12600.0,3,2,2100.0,0.0,5500.0,10400.0,8400.0,Yes,13600.0,696.0,292500.0,133700.0,Vehicle EMI,870000.0,18,Not_Eligible,500.0
38.0,Male,Married,High School,27700.0,Private,2.2,Large Indian,Own,0.0,3,2,0.0,0.0,1800.0,7800.0,4000.0,Yes,3300.0,698.0,120300.0,36000.0,Education EMI,466000.0,19,Not_Eligible,3780.0
48.0,Male,Married,Professional,50400.0,Private,14.8,MNC,Rented,12200.0,4,3,0.0,0.0,2900.0,11500.0,3700.0,No,0.0,850.0,222900.0,54200.0,E-commerce Shopping EMI,149000.0,21,Eligible,12060.0
58.0,Female,Married,Graduate,42200.0,Private,36.0,Small,Family,0.0,3,2,12500.0,0.0,5300.0,12100.0,3200.0,Yes,9800.0,741.0,252400.0,120200.0,Vehicle EMI,573000.0,83,Not_Eligible,500.0
32.0,Male,Married,Graduate,49800.0,Government,2.2,MNC,Family,0.0,3,2,4800.0,13000.0,3600.0,13200.0,8400.0,No,0.0,764.0,322500.0,114700.0,Vehicle EMI,162000.0,30,Not_Eligible,4488.0
38.0,Male,Married,Graduate,98400.0,Private,0.5,MNC,Own,0.0,4,3,11000.0,0.0,8000.0,27000.0,13400.0,Yes,21000.0,647.0,772900.0,207100.0,Education EMI,183000.0,24,Not_Eligible,4435.2
58.0,Male,Married,Graduate,94800.0,Government,11.5,Startup,Family,0.0,3,2,0.0,0.0,9500.0,22200.0,12800.0,No,0.0,832.0,330900.0,94000.0,Vehicle EMI,1.032e+06,37,High_Risk,33198.0
38.0,Male,Married,Graduate,26900.0,Self-employed,1.2,Mid-size,Own,0.0,4,3,5900.0,0.0,3500.0,5400.0,5200.0,Yes,4800.0,656.0,139400.0,83200.0,Vehicle EMI,1.088e+06,79,Not_Eligible,661.5
48.0,Male,Married,Graduate,32600.0,Private,3.7,Mid-size,Rented,8500.0,3,2,7300.0,11500.0,2800.0,9300.0,3300.0,No,0.0,724.0,224500.0,80500.0,Home Appliances EMI,216000.0,20,Not_Eligible,500.0
48.0,Female,Married,Graduate,79300.0,Private,0.5,Startup,Rented,23100.0,3,2,0.0,0.0,10300.0,13000.0,5800.0,Yes,9500.0,670.0,573300.0,208900.0,Vehicle EMI,462000.0,29,Not_Eligible,5420.8
32.0,Male,Single,Graduate,75800.0,Private,6.2,Large Indian,Rented,21700.0,2,1,0.0,0.0,6700.0,19000.0,7200.0,No,0.0,812.0,249500.0,112400.0,Education EMI,216000.0,37,Eligible,12720.0
48.0,Female,Married,Professional,7760.0,Private,6.7,Large Indian,Rented,39500.0,3,2,13500.0,0.0,20800.0,34800.0,31000.0,No,0.0,783.0,337400.0,150800.0,Home Appliances EMI,34000.0,29,Eligible,10980.0
32.0,Male,Married,Graduate,73200.0,Government,1.1,Mid-size,Own,0.0,4,3,4400.0,0.0,10300.0,17300.0,8700.0,No,0.0,717.0,331900.0,148000.0,E-commerce Shopping EMI,67000.0,16,Eligible,16250.0
27.0,Female,Married,Professional,69300.0,Self-employed,3.9,Startup,Own,0.0,3,2,2300.0,0.0,9900.0,14400.0,7200.0,Yes,19200.0,733.0,396900.0,122700.0,Vehicle EMI,1.413e+06,39,Not_Eligible,5134.5
32.0,Male,Married,Post Graduate,71500.0,Government,6.1,Startup,Own,0.0,2,1,0.0,0.0,3700.0,20100.0,4800.0,No,0.0,753.0,131000.0,56600.0,Personal Loan EMI,540000.0,33,High_Risk,22651.2
48.0,Female,Married,Graduate,22100.0,Private,9.4,Small,Own,0.0,4,3,12900.0,10900.0,1800.0,5200.0,4400.0,No,0.0,712.0,50300.0,18400.0,E-commerce Shopping EMI,161000.0,23,Not_Eligible,500.0
58.0,Male,Married,High School,52400.0,Self-employed,16.5,Mid-size,Rented,12200.0,4,3,7600.0,22300.0,4900.0,8700.0,8500.0,No,0.0,790.0,211700.0,65800.0,Personal Loan EMI,502000.0,25,Not_Eligible,500.0
48.0,Male,Married,High School,16000.0,Government,14.4,Startup,Rented,2700.0,2,1,10100.0,20100.0,1900.0,4200.0,2100.0,No,0.0,699.0,114000.0,23000.0,E-commerce Shopping EMI,18000.0,4,Not_Eligible,500.0
38.0,Male,Married,Graduate,19500.0,Private,7.5,MNC,Own,0.0,4,3,0.0,6200.0,2100.0,5700.0,2900.0,No,0.0,704.0,21200.0,4600.0,Vehicle EMI,642000.0,78,Not_Eligible,1040.0
27.0,F,Single,Graduate,43300.0,Private,0.5,Startup,Family,0.0,2,1,10700.0,0.0,3100.0,11200.0,5200.0,No,0.0,629.0,273600.0,70000.0,Personal Loan EMI,382000.0,31,Not_Eligible,4611.2
32.0,Female,Single,Graduate,63100.0,Private,0.7,MNC,Own,0.0,2,1,8700.0,0.0,3800.0,9600.0,6800.0,No,0.0,772.0,108400.0,32200.0,Home Appliances EMI,41000.0,20,Eligible,13132.8
27.0,Male,Married,Graduate,57700.0,Self-employed,0.6,Small,Rented,18400.0,4,3,14000.0,0.0,5700.0,9900.0,10000.0,No,0.0,627.0,104800.0,42600.0,Home Appliances EMI,76000.0,13,Not_Eligible,500.0
58.0,Male,Married,Graduate,21600.0,Private,18.7,Large Indian,Family,0.0,5,4,0.0,0.0,3100.0,5900.0,3500.0,No,0.0,715.0,112600.0,52800.0,Personal Loan EMI,397000.0,57,Not_Eligible,4550.0
48.0,Female,Married,Professional,73000.0,Private,5.1,MNC,Family,0.0,3,2,0.0,0.0,6100.0,16600.0,6600.0,No,0.0,709.0,288900.0,129600.0,Education EMI,379000.0,11,Not_Eligible,21850.0
58.0,Female,Married,,410166.0,Private,35.2,Mid-size,Rented,13700.0,2,1,4500.0,0.0,3700.0,16000.0,11700.0,Yes,17400.0,634.0,124600.0,51800.0,Vehicle EMI,311000.0,61,Not_Eligible,500.0
48.0,Female,Single,Graduate,34500.0,Private,5.5,Large Indian,Own,0.0,2,1,10900.0,20000.0,4400.0,6900.0,6500.0,No,0.0,729.0,143300.0,58400.0,Home Appliances EMI,127000.0,25,Not_Eligible,500.0
48.0,Male,Married,Post Graduate,87300.0,Government,17.6,MNC,Family,0.0,3,2,0.0,0.0,5200.0,18800.0,8900.0,No,0.0,755.0,141200.0,47600.0,Education EMI,450000.0,30,Eligible,28723.2
48.0,Female,Married,Post Graduate,75700.0,Private,4.5,Mid-size,Rented,25600.0,4,3,0.0,0.0,8900.0,15800.0,14100.0,No,0.0,689.0,95700.0,54200.0,Home Appliances EMI,210000.0,26,Not_Eligible,4520.0
32.0,Female,Married,High School,20600.0,Government,0.5,Mid-size,Rented,3600.0,4,3,4900.0,16700.0,2400.0,3100.0,1800.0,No,0.0,713.0,61600.0,34100.0,E-commerce Shopping EMI,160000.0,8,Not_Eligible,500.0
32.0,Male,Married,Professional,105600.0,Private,0.5,MNC,Own,0.0,3,2,0.0,21100.0,13000.0,29400.0,13000.0,Yes,12700.0,690.0,456300.0,228900.0,E-commerce Shopping EMI,136000.0,10,Not_Eligible,4592.0
32.0,Female,Married,Graduate,51800.0,Private,9.3,MNC,Own,0.0,4,3,14000.0,7200.0,5700.0,11900.0,9500.0,Yes,9000.0,721.0,409000.0,105900.0,Vehicle EMI,991000.0,36,Not_Eligible,500.0
38.0,Male,Married,Post Graduate,45000.0,Private,5.1,Mid-size,Own,0.0,3,2,11500.0,0.0,6300.0,6900.0,6200.0,Yes,11200.0,755.0,149000.0,40700.0,Personal Loan EMI,766000.0,41,Not_Eligible,1218.0
48.0,Male,Married,Post Graduate,62500.0,Government,1.1,Small,Rented,20700.0,4,3,0.0,0.0,3900.0,12100.0,11600.0,Yes,6500.0,526.0,425600.0,195900.0,E-commerce Shopping EMI,164000.0,19,Not_Eligible,1482.25
27.0,Female,Married,Graduate,20000.0,Government,0.5,Mid-size,Own,0.0,2,1,9600.0,18100.0,1100.0,4300.0,3400.0,No,0.0,602.0,142400.0,39700.0,Home Appliances EMI,79000.0,8,Not_Eligible,500.0
48.0,Female,Single,Post Graduate,49600.0,Private,14.3,Small,Own,0.0,1,0,0.0,0.0,3400.0,14300.0,3700.0,No,0.0,691.0,275700.0,98300.0,Home Appliances EMI,229000.0,26,Eligible,14100.0
48.0,Male,Married,High School,43500.0,Private,17.8,Large Indian,Family,0.0,4,3,0.0,0.0,5300.0,13000.0,2400.0,Yes,11500.0,700.0,109500.0,63100.0,Vehicle EMI,817000.0,17,Not_Eligible,3955.0
32.0,Male,Married,Graduate,71700.0,Private,10.0,Large Indian,Family,0.0,3,2,11400.0,0.0,3800.0,17000.0,13400.0,No,0.0,675.0,514600.0,288200.0,Personal Loan EMI,668000.0,35,Not_Eligible,14355.0
32.0,Female,Married,Graduate,64300.0,Private,2.1,Startup,Own,0.0,3,2,3600.0,0.0,5000.0,10100.0,5800.0,Yes,11200.0,643.0,496800.0,132500.0,Personal Loan EMI,976000.0,51,Not_Eligible,8808.8
48.0,Male,Single,Professional,174500.0,Private,16.5,Mid-size,Rented,51400.0,2,1,2200.0,23400.0,17300.0,34200.0,20200.0,No,0.0,765.0,820900.0,358700.0,Education EMI,481000.0,23,Not_Eligible,15480.0
38.0,Female,Married,High School,26000.0,Private,0.5,Large Indian,Family,0.0,3,2,2700.0,0.0,3900.0,5100.0,1600.0,Yes,3900.0,620.0,170500.0,46300.0,Personal Loan EMI,273000.0,28,Not_Eligible,2168.32
48.0,Male,Married,Graduate,20000.0,Private,0.5,Large Indian,Own,0.0,2,1,0.0,0.0,2400.0,6000.0,4000.0,No,0.0,627.0,128500.0,62000.0,E-commerce Shopping EMI,54000.0,21,Not_Eligible,2675.2
27.0,Male,Single,Graduate,54800.0,Private,1.1,Mid-size,Own,0.0,2,1,0.0,19200.0,8000.0,12400.0,10300.0,Yes,6200.0,760.0,374500.0,164400.0,Personal Loan EMI,744000.0,59,Not_Eligible,500.0
27.0,Male,Single,Post Graduate,134900.0,Private,2.6,MNC,Rented,29200.0,2,1,0.0,0.0,17300.0,28500.0,18900.0,No,0.0,751.0,330900.0,155200.0,Vehicle EMI,540000.0,73,Eligible,24600.0
58.0,Female,Married,Graduate,62400.0,Private,4.6,Large Indian,Family,0.0,3,2,12800.0,0.0,8800.0,11000.0,12100.0,No,0.0,681.0,264100.0,134200.0,Home Appliances EMI,240000.0,35,High_Risk,8850.0
32.0,Female,Married,Graduate,57400.0,Private,2.4,MNC,Rented,14700.0,3,2,12000.0,0.0,8500.0,16500.0,4000.0,No,0.0,606.0,256100.0,74800.0,Home Appliances EMI,183000.0,25,Not_Eligible,680.0
48.0,Male,Married,Graduate,38100.0,Private,4.3,Startup,Own,0.0,4,3,0.0,16800.0,3700.0,9000.0,7100.0,Yes,11100.0,630.0,88300.0,38300.0,Vehicle EMI,1.041e+06,23,Not_Eligible,500.0
48.0,Female,Married,Graduate,45400.0,Self-employed,6.0,MNC,Own,0.0,3,2,14600.0,23500.0,6200.0,11300.0,3300.0,Yes,9200.0,629.0,126900.0,31200.0,Personal Loan EMI,710000.0,54,Not_Eligible,500.0
32.0,Male,Married,Graduate,28900.0,Private,2.3,Startup,Own,0.0,4,3,0.0,22800.0,4100.0,7300.0,5300.0,No,0.0,716.0,184900.0,92900.0,Personal Loan EMI,654000.0,12,Not_Eligible,500.0
38.0,Male,Married,Professional,47700.0,Private,5.2,MNC,Family,0.0,3,2,0.0,0.0,5700.0,7500.0,6300.0,No,0.0,720.0,222700.0,46500.0,Education EMI,107000.0,27,Eligible,14100.0
32.0,Male,Married,Post Graduate,56300.0,Private,1.6,Mid-size,Family,0.0,2,1,14500.0,0.0,7500.0,15000.0,5500.0,No,0.0,756.0,206500.0,87000.0,E-commerce Shopping EMI,104000.0,19,Eligible,8280.0
38.0,Male,Married,Graduate,33900.0,Private,0.9,Startup,Family,0.0,3,2,8700.0,0.0,1900.0,6600.0,4800.0,No,0.0,713.0,180800.0,83800.0,Home Appliances EMI,45000.0,36,Eligible,4760.0
38.0,Male,Married,Graduate,71900.0,Private,8.7,Small,Rented,14400.0,4,3,0.0,0.0,9800.0,10800.0,4100.0,No,0.0,698.0,141900.0,50400.0,Personal Loan EMI,108000.0,47,Eligible,13120.0
38.0,Female,Married,Post Graduate,63136.0,Private,0.5,Large Indian,Own,0.0,3,2,0.0,0.0,7200.0,16100.0,12200.0,Yes,13300.0,619.0,368400.0,220300.0,Education EMI,228000.0,29,Not_Eligible,3337.6
32.0,Female,Single,Graduate,75500.0,Private,3.8,MNC,Own,0.0,3,2,0.0,0.0,6500.0,21400.0,8400.0,Yes,17500.0,626.0,139800.0,31600.0,Education EMI,209000.0,38,Not_Eligible,4860.8
38.0,Female,Married,High School,20000.0,Self-employed,16.0,Startup,Rented,6500.0,3,2,0.0,0.0,1700.0,4300.0,3200.0,No,0.0,738.0,25500.0,11000.0,Home Appliances EMI,122000.0,15,Not_Eligible,1548.0
27.0,Male,Single,Graduate,78200.0,Private,0.5,Mid-size,Rented,15100.0,1,0,0.0,0.0,5800.0,13500.0,7500.0,No,0.0,748.0,233700.0,134300.0,E-commerce Shopping EMI,92000.0,14,Eligible,14520.0
32.0,Male,Married,Graduate,26300.0,Private,10.0,Mid-size,Own,0.0,4,3,9300.0,0.0,3600.0,4300.0,4000.0,No,0.0,689.0,34000.0,11800.0,Education EMI,398000.0,23,Not_Eligible,2040.0
32.0,Female,Married,Graduate,36300.0,Government,0.8,MNC,Rented,6300.0,4,3,12200.0,0.0,3100.0,9200.0,6100.0,No,0.0,679.0,196200.0,58600.0,Education EMI,467000.0,44,Not_Eligible,500.0
27.0,Male,Single,Graduate,60300.0,Government,3.2,Startup,Rented,13400.0,1,0,0.0,0.0,5100.0,11500.0,12100.0,No,0.0,663.0,445100.0,107200.0,Personal Loan EMI,522000.0,54,Not_Eligible,11011.0
38.0,Male,Married,Graduate,47900.0,Private,1.6,MNC,Own,0.0,5,4,12000.0,11200.0,5800.0,9700.0,9000.0,Yes,8500.0,698.0,272000.0,77000.0,Home Appliances EMI,194000.0,36,Not_Eligible,500.0
27.0,Female,Married,Post Graduate,38800.0,Private,2.3,Small,Own,0.0,3,2,7700.0,0.0,5400.0,7000.0,3500.0,No,0.0,651.0,204700.0,71300.0,Vehicle EMI,1.01e+06,78,Not_Eligible,7600.0
38.0,Female,Married,Graduate,55600.0,Private,8.2,Large Indian,Rented,11100.0,3,2,0.0,24000.0,5200.0,9800.0,3100.0,No,0.0,822.0,293100.0,71500.0,Education EMI,333000.0,30,Not_Eligible,1440.0
48.0,Male,Married,Post Graduate,26000.0,Private,7.2,MNC,Own,0.0,4,3,0.0,0.0,1800.0,5200.0,4300.0,No,0.0,700.0,21800.0,10600.0,E-commerce Shopping EMI,189000.0,12,Not_Eligible,5880.0
38.0,Male,Married,Graduate,15000.0,Private,5.1,Small,Own,0.0,3,2,12500.0,21200.0,900.0,3000.0,1300.0,No,0.0,707.0,61600.0,33000.0,Vehicle EMI,834000.0,78,Not_Eligible,500.0
38.0,Male,Married,High School,12000.0,Private,0.5,Large Indian,Own,0.0,3,2,0.0,0.0,1400.0,3000.0,2300.0,No,0.0,744.0,29400.0,12300.0,Education EMI,374000.0,42,Not_Eligible,2120.0
32.0,Female,Married,Post Graduate,85000.0,Private,3.1,MNC,Family,0.0,4,3,0.0,10900.0,10200.0,21600.0,4900.0,No,0.0,729.0,552800.0,295100.0,E-commerce Shopping EMI,49000.0,20,Eligible,20570.0
58.0,Female,Married,Professional,153200.0,Self-employed,0.5,Large Indian,Rented,35000.0,4,3,8700.0,0.0,22100.0,23100.0,20400.0,No,0.0,690.0,888100.0,344000.0,Home Appliances EMI,242000.0,9,Not_Eligible,19755.0
32.0,Male,Single,Post Graduate,32600.0,Private,1.1,Mid-size,Family,0.0,2,1,7100.0,0.0,2600.0,5800.0,4200.0,Yes,7900.0,783.0,132900.0,72300.0,Vehicle EMI,129000.0,75,Not_Eligible,2100.0
38.0,Male,Married,Post Graduate,86000.0,Government,5.4,Large Indian,Rented,17500.0,5,4,0.0,5400.0,5700.0,19600.0,16700.0,Yes,13400.0,743.0,65500.0,26300.0,Personal Loan EMI,335000.0,39,Not_Eligible,2371.6
27.0,male,Single,Post Graduate,47000.0,Self-employed,1.8,MNC,Rented,11200.0,2,1,0.0,0.0,2700.0,11100.0,3100.0,Yes,10000.0,618.0,286700.0,77600.0,E-commerce Shopping EMI,19000.0,24,Eligible,2467.08
58.0,Male,Married,High School,93000.0,Private,5.8,Large Indian,Rented,24800.0,3,2,2700.0,0.0,5100.0,17100.0,16000.0,No,0.0,720.0,704400.0,207100.0,E-commerce Shopping EMI,112000.0,6,Not_Eligible,15015.0
27.0,Male,Married,Graduate,25200.0,Private,2.4,Large Indian,Own,0.0,3,2,6300.0,0.0,2300.0,5300.0,4500.0,No,0.0,705.0,113500.0,62000.0,Education EMI,150000.0,11,Not_Eligible,3400.0
38.0,Male,Married,Post Graduate,33400.0,Government,12.0,MNC,Rented,6800.0,3,2,9200.0,7200.0,3600.0,8500.0,4800.0,No,0.0,734.0,247100.0,82900.0,Home Appliances EMI,105000.0,8,Not_Eligible,500.0
38.0,Female,Married,Graduate,60500.0,Private,8.4,Startup,Family,0.0,2,1,9000.0,23100.0,4100.0,17100.0,10300.0,No,0.0,764.0,470800.0,264400.0,Education EMI,387000.0,9,Not_Eligible,500.0
32.0,Male,Married,Graduate,56900.0,Government,0.7,Large Indian,Family,0.0,3,2,3800.0,0.0,6700.0,9200.0,7300.0,No,0.0,580.0,124000.0,31600.0,E-commerce Shopping EMI,115000.0,4,Not_Eligible,11960.0
48.0,Male,Married,Professional,59300.0,Private,6.3,Large Indian,Family,0.0,3,2,0.0,0.0,8000.0,14600.0,9900.0,No,0.0,781.0,197900.0,94000.0,Education EMI,341000.0,32,Eligible,16080.0
32.0,Female,Married,Post Graduate,94600.0,Private,0.9,Large Indian,Own,0.0,2,1,0.0,0.0,6300.0,21600.0,18600.0,Yes,14800.0,783.0,132400.0,68800.0,Personal Loan EMI,395000.0,23,Not_Eligible,8951.04
27.0,Male,Single,Graduate,25400.0,Government,0.5,Startup,Rented,7300.0,2,1,0.0,0.0,3200.0,4100.0,3400.0,No,0.0,818.0,133100.0,72400.0,Home Appliances EMI,225000.0,16,Not_Eligible,4440.0
32.0,Male,Married,Graduate,68400.0,Private,3.9,MNC,Own,0.0,3,2,0.0,8700.0,8500.0,12600.0,9300.0,No,0.0,694.0,223500.0,107700.0,Education EMI,389000.0,37,High_Risk,14650.0
48.0,Female,Married,Graduate,75600.0,Government,6.1,MNC,Own,0.0,2,1,0.0,23400.0,5500.0,22200.0,6000.0,No,0.0,736.0,375600.0,166300.0,E-commerce Shopping EMI,121000.0,14,High_Risk,10175.0
32.0,Male,Married,High School,44400.0,Private,2.9,Large Indian,Own,0.0,5,4,3200.0,5900.0,5300.0,12900.0,2400.0,No,0.0,695.0,348900.0,84700.0,Home Appliances EMI,128000.0,33,Eligible,8085.0
27.0,Male,Single,Graduate,23300.0,Private,1.6,Large Indian,Family,0.0,3,2,0.0,0.0,3500.0,4300.0,2900.0,No,0.0,686.0,,63700.0,E-commerce Shopping EMI,114000.0,17,Not_Eligible,6300.0
27.0,Female,Single,Post Graduate,67200.0,Government,1.3,Mid-size,Rented,22000.0,2,1,14300.0,17600.0,7400.0,16300.0,3800.0,No,0.0,752.0,280600.0,138100.0,Personal Loan EMI,984000.0,51,Not_Eligible,500.0
27.0,Male,Single,High School,37400.0,Government,2.7,Mid-size,Own,0.0,2,1,0.0,0.0,4200.0,7500.0,6400.0,No,0.0,613.0,76500.0,43900.0,Home Appliances EMI,105000.0,31,Eligible,7720.0
32.0,Male,Married,Post Graduate,38900.0,Private,6.7,Startup,Family,0.0,2,1,14900.0,0.0,2300.0,7600.0,5300.0,No,0.0,811.0,257500.0,120000.0,Vehicle EMI,1.302e+06,77,Not_Eligible,5808.0
27.0,Male,Single,Graduate,47400.0,Private,0.5,Small,Rented,11100.0,1,0,0.0,0.0,3900.0,14000.0,3700.0,No,0.0,613.0,250600.0,72600.0,E-commerce Shopping EMI,146000.0,6,Not_Eligible,4704.0
38.0,Female,Married,Graduate,38200.0,Private,0.5,Large Indian,Own,0.0,2,1,0.0,0.0,3000.0,10300.0,2600.0,Yes,5700.0,601.0,281400.0,67300.0,Vehicle EMI,283000.0,83,Not_Eligible,4090.24
32.0,Female,Married,Graduate,98300.0,Private,10.0,MNC,Family,,3,2,9600.0,0.0,13300.0,18300.0,11800.0,No,0.0,614.0,134700.0,66200.0,Vehicle EMI,658000.0,80,Eligible,14496.0
32.0,FEMALE,Married,High School,49200.0,Government,1.8,Startup,Rented,14600.0,4,3,7500.0,13800.0,2500.0,9000.0,9700.0,Yes,9300.0,671.0,178700.0,97600.0,Home Appliances EMI,204000.0,33,Not_Eligible,500.0
27.0,Male,Married,Graduate,22500.0,Private,0.9,Startup,Rented,5200.0,4,3,14700.0,9600.0,2400.0,4900.0,3700.0,Yes,4400.0,739.0,105500.0,42900.0,Personal Loan EMI,909000.0,42,Not_Eligible,500.0
32.0,Female,Married,Professional,10188.0,Government,0.6,Large Indian,Rented,8800.0,5,4,0.0,0.0,3100.0,4900.0,1800.0,No,0.0,659.0,68900.0,17300.0,Home Appliances EMI,239000.0,27,Not_Eligible,4200.0
38.0,Female,Married,Graduate,56700.0,Private,2.2,Startup,Rented,13600.0,4,3,2900.0,0.0,7600.0,10100.0,10600.0,No,0.0,789.0,48100.0,22800.0,Vehicle EMI,643000.0,17,Not_Eligible,5712.0
32.0,Female,Married,Graduate,43000.0,Private,0.8,MNC,Own,0.0,4,3,13500.0,15700.0,5100.0,12400.0,8500.0,No,0.0,701.0,237400.0,116200.0,Home Appliances EMI,28000.0,9,Not_Eligible,500.0
48.0,Male,Single,Post Graduate,69800.0,Private,16.2,MNC,Family,0.0,1,0,0.0,0.0,5900.0,11500.0,6600.0,No,0.0,740.0,431800.0,146900.0,Home Appliances EMI,280000.0,6,Not_Eligible,25190.0
32.0,Male,Married,High School,62700.0,Private,5.2,Large Indian,Own,0.0,2,1,5300.0,10200.0,9300.0,17700.0,6000.0,No,0.0,752.0,311100.0,88400.0,Vehicle EMI,602000.0,26,Not_Eligible,8520.0
38.0,Female,Married,Graduate,78200.0,Self-employed,0.6,Mid-size,Rented,16000.0,4,3,0.0,0.0,9300.0,20600.0,13700.0,No,0.0,700.0,518200.0,173800.0,Vehicle EMI,170000.0,77,Eligible,9207.0
48.0,Female,Married,High School,61200.0,Self-employed,4.2,Mid-size,Rented,20700.0,5,4,0.0,0.0,4800.0,15400.0,6200.0,No,0.0,626.0,80400.0,37400.0,Vehicle EMI,820000.0,22,Not_Eligible,4060.8
32.0,Female,Married,Professional,71800.0,Private,3.1,Mid-size,Rented,14600.0,4,3,3300.0,15100.0,10400.0,12800.0,11100.0,Yes,8900.0,543.0,202000.0,62300.0,Personal Loan EMI,295000.0,54,Not_Eligible,500.0
27.0,Male,Single,Professional,83800.0,Private,1.1,Large Indian,Rented,15200.0,1,0,0.0,0.0,6400.0,18800.0,9400.0,No,0.0,734.0,554200.0,153600.0,Personal Loan EMI,880000.0,25,Not_Eligible,18700.0
38.0,Male,Married,Graduate,308086.0,Private,11.4,Mid-size,Family,0.0,4,3,12100.0,0.0,9000.0,11600.0,11000.0,No,0.0,611.0,89700.0,51300.0,Personal Loan EMI,929000.0,59,Not_Eligible,6368.0
48.0,Male,Married,Graduate,60200.0,Self-employed,2.6,Large Indian,Rented,12300.0,4,3,0.0,0.0,5000.0,16100.0,4900.0,Yes,6200.0,626.0,168400.0,78100.0,Home Appliances EMI,289000.0,35,Not_Eligible,3956.4
32.0,Male,Married,Graduate,42300.0,Private,1.4,Startup,Own,0.0,2,1,13400.0,0.0,3500.0,7700.0,4300.0,No,0.0,652.0,91100.0,47700.0,Education EMI,276000.0,15,Not_Eligible,6700.0
32.0,Female,Married,Post Graduate,70700.0,Private,1.6,Large Indian,Rented,22600.0,4,3,0.0,0.0,5200.0,15700.0,14100.0,No,0.0,751.0,363100.0,129600.0,Personal Loan EMI,837000.0,13,Not_Eligible,7860.0
48.0,Female,Married,Graduate,24500.0,Government,12.3,MNC,Rented,7900.0,3,2,0.0,0.0,3500.0,5700.0,3700.0,No,0.0,736.0,29400.0,16600.0,Education EMI,498000.0,35,Not_Eligible,1628.0
38.0,Male,Married,Graduate,18000.0,Private,0.5,Mid-size,Family,0.0,3,2,0.0,0.0,1300.0,3900.0,2200.0,No,0.0,648.0,25700.0,9700.0,Vehicle EMI,440000.0,53,Not_Eligible,2713.6
38.0,Female,Married,Post Graduate,94600.0,Government,5.1,Mid-size,Rented,26100.0,4,3,10800.0,23100.0,9600.0,15300.0,18000.0,No,0.0,733.0,641700.0,310400.0,Personal Loan EMI,526000.0,27,Not_Eligible,500.0
32.0,Female,Married,Professional,75100.0,Private,9.0,Startup,Rented,18500.0,4,3,0.0,13200.0,6700.0,13400.0,6700.0,Yes,20900.0,670.0,221400.0,118500.0,Home Appliances EMI,23000.0,26,Not_Eligible,500.0
32.0,Male,Married,Graduate,47700.0,Private,9.7,MNC,Own,0.0,3,2,0.0,0.0,4400.0,10300.0,5400.0,Yes,12400.0,785.0,271800.0,101500.0,E-commerce Shopping EMI,22000.0,22,Eligible,6384.0
38.0,Male,Married,Professional,71400.0,Government,4.8,Startup,Family,0.0,2,1,3200.0,18000.0,9000.0,10800.0,10100.0,No,0.0,713.0,72100.0,34600.0,Personal Loan EMI,137000.0,22,High_Risk,8932.0
38.0,Female,Married,Post Graduate,85500.0,Private,6.6,Startup,Family,0.0,4,3,6500.0,24600.0,7500.0,13200.0,14900.0,Yes,18200.0,756.0,527800.0,259400.0,Vehicle EMI,860000.0,56,Not_Eligible,500.0
38.0,Female,Married,Graduate,23800.0,Private,7.7,MNC,Rented,4000.0,2,1,6700.0,0.0,3200.0,6900.0,3900.0,Yes,4500.0,607.0,44700.0,24300.0,Education EMI,374000.0,18,Not_Eligible,500.0
32.0,Female,Married,Graduate,50400.0,Private,4.9,MNC,Own,0.0,4,3,3400.0,0.0,3100.0,14700.0,5200.0,No,0.0,669.0,196600.0,69800.0,E-commerce Shopping EMI,72000.0,20,Eligible,12000.0
48.0,Female,Married,Post Graduate,65000.0,Private,0.5,MNC,Family,0.0,3,2,0.0,0.0,9700.0,10800.0,3700.0,No,0.0,726.0,308700.0,,Home Appliances EMI,104000.0,19,Eligible,16320.0
32.0,Female,Married,Graduate,37600.0,Private,3.1,Mid-size,Own,0.0,2,1,2800.0,0.0,4900.0,7600.0,5200.0,Yes,6800.0,661.0,208100.0,99900.0,Education EMI,218000.0,9,Not_Eligible,3605.0
32.0,Female,Single,Post Graduate,48400.0,Private,4.2,MNC,Own,0.0,3,2,11700.0,0.0,7200.0,11600.0,2700.0,Yes,12200.0,688.0,160900.0,46700.0,Vehicle EMI,1.038e+06,48,Not_Eligible,1050.0
58.0,Male,Married,Professional,65000.0,Private,6.2,Startup,Family,0.0,4,3,12300.0,11900.0,8700.0,15200.0,8700.0,Yes,11700.0,624.0,312200.0,100200.0,Vehicle EMI,341000.0,50,Not_Eligible,500.0
32.0,Male,Single,Professional,30000.0,Government,0.9,Mid-size,Own,0.0,2,1,12200.0,0.0,1700.0,6700.0,2200.0,Yes,4100.0,765.0,201900.0,57900.0,Vehicle EMI,929000.0,23,Not_Eligible,1432.2
27.0,Male,Single,Graduate,55900.0,Private,0.5,Startup,Rented,12800.0,2,1,0.0,0.0,6000.0,11000.0,4400.0,No,0.0,729.0,352100.0,129300.0,Personal Loan EMI,637000.0,39,Not_Eligible,9548.0
38.0,Female,Married,Graduate,76900.0,Private,4.6,Mid-size,Rented,13700.0,4,3,4800.0,0.0,4200.0,14700.0,7500.0,No,0.0,744.0,60000.0,29500.0,Home Appliances EMI,285000.0,32,High_Risk,12800.0
27.0,Female,Single,Professional,78200.0,Private,0.9,Small,Own,0.0,3,2,0.0,0.0,6700.0,20000.0,6200.0,No,0.0,850.0,453900.0,168700.0,Home Appliances EMI,99000.0,18,Eligible,21744.0
38.0,Male,Married,Professional,55800.0,Government,5.8,Large Indian,Own,0.0,4,3,6700.0,0.0,4800.0,10000.0,10000.0,No,0.0,763.0,427000.0,255600.0,E-commerce Shopping EMI,148000.0,9,High_Risk,17641.8
32.0,Male,Single,Graduate,108900.0,Private,2.0,Large Indian,Own,0.0,2,1,0.0,0.0,15100.0,32400.0,8900.0,Yes,31500.0,631.0,497000.0,157700.0,Personal Loan EMI,888000.0,53,Not_Eligible,5880.0
58.0,Female,Married,Post Graduate,34900.0,Private,6.7,Mid-size,Rented,6900.0,4,3,0.0,5800.0,2400.0,6000.0,6700.0,No,0.0,695.0,48900.0,15600.0,Home Appliances EMI,271000.0,17,Not_Eligible,2840.0
27.0,Male,Single,Graduate,51600.0,Private,2.0,Large Indian,Rented,15400.0,1,0,0.0,0.0,3100.0,14900.0,7300.0,No,0.0,637.0,110000.0,59000.0,Vehicle EMI,1.062e+06,19,Not_Eligible,4360.0
38.0,Male,Married,Graduate,51200.0,Private,9.1,Startup,Own,0.0,2,1,0.0,22000.0,4000.0,12000.0,5700.0,No,0.0,744.0,374500.0,167300.0,Home Appliances EMI,200000.0,15,Not_Eligible,4125.0
58.0,Male,Married,Graduate,73600.0,Private,0.7,Large Indian,Own,0.0,2,1,8800.0,0.0,3900.0,13600.0,13500.0,No,0.0,662.0,431900.0,232900.0,Education EMI,208000.0,46,Eligible,13520.0
58.0,Male,Married,Professional,27000.0,Private,8.5,Large Indian,Own,0.0,3,2,0.0,23500.0,3600.0,6900.0,3900.0,Yes,4300.0,680.0,115200.0,47900.0,Home Appliances EMI,159000.0,25,Not_Eligible,500.0
48.0,Male,Married,High School,68200.0,Private,6.4,Mid-size,Family,0.0,4,3,5500.0,0.0,4100.0,15900.0,12700.0,Yes,20300.0,774.0,161600.0,62800.0,E-commerce Shopping EMI,75000.0,5,Not_Eligible,4074.0
48.0,Female,Married,High School,18600.0,Private,4.5,Mid-size,Family,0.0,3,2,9400.0,0.0,2400.0,3800.0,3100.0,No,0.0,694.0,32900.0,14700.0,Education EMI,259000.0,41,Not_Eligible,500.0
48.0,Male,Married,Graduate,87700.0,Private,4.0,Large Indian,Own,0.0,3,2,6900.0,5200.0,11300.0,20400.0,14900.0,No,0.0,665.0,416600.0,115200.0,Education EMI,302000.0,9,Not_Eligible,14500.0
32.0,Male,Married,Graduate,74600.0,Private,6.3,MNC,Rented,22900.0,2,1,10800.0,0.0,5200.0,19700.0,11400.0,No,0.0,655.0,234600.0,84600.0,Education EMI,174000.0,48,Not_Eligible,2300.0
58.0,Female,Married,Professional,101000.0,Private,13.7,Mid-size,Family,0.0,3,2,0.0,24800.0,11800.0,15700.0,14700.0,No,0.0,829.0,573500.0,300400.0,Education EMI,400000.0,35,Eligible,20400.0
32.0,Male,Married,High School,49700.0,Government,6.5,Large Indian,Own,0.0,5,4,2500.0,0.0,3900.0,14500.0,8500.0,Yes,5200.0,773.0,249800.0,122100.0,Home Appliances EMI,25000.0,14,Eligible,6976.2
38.0,Male,Married,Professional,71100.0,Private,4.3,Large Indian,Family,0.0,2,1,0.0,7900.0,6400.0,18300.0,13900.0,Yes,13100.0,536.0,491100.0,190600.0,E-commerce Shopping EMI,191000.0,4,Not_Eligible,2213.75
38.0,Female,Married,Post Graduate,118700.0,Private,7.3,Large Indian,Family,0.0,2,1,4100.0,0.0,12700.0,19300.0,10100.0,No,0.0,775.0,107700.0,39100.0,Personal Loan EMI,189000.0,34,Eligible,34800.0
48.0,Female,Single,Professional,97000.0,Private,14.7,MNC,Family,0.0,1,0,0.0,0.0,10100.0,27400.0,6100.0,No,0.0,841.0,386200.0,88800.0,Home Appliances EMI,30000.0,19,Eligible,32040.0
48.0,Male,Married,Graduate,80600.0,Government,6.0,MNC,Own,0.0,3,2,0.0,7400.0,11700.0,12200.0,5100.0,No,0.0,850.0,458300.0,202600.0,E-commerce Shopping EMI,72000.0,15,Eligible,29172.0
38.0,Male,Single,Graduate,20000.0,Government,6.7,Mid-size,Rented,4900.0,2,1,0.0,12300.0,3000.0,5700.0,1000.0,No,0.0,827.0,70500.0,36700.0,Home Appliances EMI,180000.0,31,Not_Eligible,500.0
58.0,Male,Married,Graduate,90000.0,Private,33.2,Large Indian,Own,0.0,3,2,14800.0,0.0,6600.0,20700.0,16200.0,Yes,15800.0,724.0,509100.0,249700.0,Personal Loan EMI,686000.0,34,Not_Eligible,5565.0
38.0,Female,Married,Graduate,39300.0,Private,0.5,Large Indian,Rented,6700.0,4,3,12300.0,16700.0,3200.0,11600.0,2400.0,Yes,4600.0,715.0,87500.0,48800.0,Vehicle EMI,870000.0,66,Not_Eligible,500.0
27.0,Male,Single,Post Graduate,64800.0,Private,1.9,Mid-size,Family,0.0,1,0,0.0,0.0,3500.0,15700.0,10200.0,No,0.0,804.0,239600.0,123700.0,Personal Loan EMI,738000.0,54,High_Risk,21240.0
27.0,Male,Single,Graduate,73700.0,Private,4.4,Large Indian,Own,0.0,2,1,0.0,0.0,7800.0,21700.0,8700.0,Yes,16100.0,670.0,558900.0,213400.0,Vehicle EMI,1.088e+06,61,Not_Eligible,7469.0
27.0,Male,Single,Graduate,44000.0,Private,0.5,Mid-size,Own,0.0,2,1,13900.0,0.0,4900.0,12600.0,6700.0,Yes,10900.0,638.0,74800.0,30300.0,Vehicle EMI,948000.0,59,Not_Eligible,500.0
48.0,Female,Married,Graduate,42900.0,Private,5.6,Mid-size,Rented,10900.0,4,3,0.0,0.0,4100.0,8700.0,4400.0,Yes,10500.0,615.0,262600.0,133600.0,E-commerce Shopping EMI,57000.0,4,Not_Eligible,1324.4
48.0,Male,Married,Graduate,54500.0,Private,5.0,Large Indian,Rented,9500.0,3,2,10200.0,0.0,7600.0,12700.0,4100.0,No,0.0,679.0,215300.0,70600.0,Personal Loan EMI,469000.0,28,Not_Eligible,5200.0
48.0,Female,Single,Professional,109200.0,Private,23.0,Small,Family,0.0,1,0,0.0,0.0,8200.0,27700.0,16100.0,Yes,12600.0,707.0,406700.0,195700.0,E-commerce Shopping EMI,101000.0,24,Eligible,15610.0
38.0,Female,Married,Professional,38700.0,Private,9.2,Large Indian,Own,0.0,3,2,0.0,10100.0,5100.0,5900.0,5100.0,No,0.0,607.0,64900.0,14600.0,Home Appliances EMI,245000.0,23,Not_Eligible,4000.0
38.0,Female,Married,Graduate,61600.0,Private,10.8,Startup,Own,0.0,3,2,14800.0,0.0,3800.0,10500.0,6100.0,No,0.0,731.0,324100.0,193300.0,E-commerce Shopping EMI,155000.0,6,Not_Eligible,13200.0
38.0,Male,Married,High School,23700.0,Self-employed,5.7,MNC,Own,0.0,4,3,3900.0,0.0,2700.0,4900.0,1900.0,No,0.0,783.0,179100.0,78300.0,Education EMI,243000.0,12,Not_Eligible,6118.2
27.0,Male,Married,Post Graduate,124100.0,Private,1.6,Large Indian,Family,0.0,3,2,0.0,0.0,16600.0,33600.0,18600.0,No,0.0,688.0,525000.0,129600.0,Home Appliances EMI,46000.0,27,Eligible,27650.0
32.0,Male,Married,Graduate,18000.0,Government,0.6,Startup,Rented,5700.0,3,2,14400.0,0.0,2200.0,5400.0,2000.0,No,0.0,719.0,58600.0,21200.0,Home Appliances EMI,81000.0,32,Not_Eligible,500.0
32.0,Female,Married,Professional,122800.0,Private,0.7,MNC,Family,0.0,4,3,0.0,0.0,14600.0,27800.0,23400.0,Yes,23100.0,688.0,750800.0,431900.0,E-commerce Shopping EMI,134000.0,19,Eligible,10441.2
32.0,Male,Married,Graduate,66900.0,Private,5.0,Small,Family,0.0,3,2,11600.0,5100.0,4700.0,13000.0,7900.0,No,0.0,708.0,502400.0,289100.0,E-commerce Shopping EMI,19000.0,14,Eligible,13530.0
32.0,Female,Single,Professional,77300.0,Self-employed,1.7,Startup,Rented,12500.0,3,2,0.0,0.0,9400.0,13200.0,13300.0,Yes,19500.0,765.0,205100.0,68200.0,Personal Loan EMI,787000.0,19,Not_Eligible,3553.2
38.0,Male,Married,Graduate,39700.0,Private,15.7,MNC,Family,0.0,2,1,0.0,0.0,2700.0,6000.0,5600.0,No,0.0,696.0,168300.0,37200.0,Personal Loan EMI,921000.0,18,Not_Eligible,12700.0
58.0,Female,Married,Graduate,39900.0,Private,3.4,MNC,Rented,9600.0,2,1,8400.0,0.0,4700.0,7600.0,2300.0,Yes,5300.0,687.0,107100.0,40000.0,E-commerce Shopping EMI,97000.0,7,Not_Eligible,700.0
38.0,Female,Married,Professional,45100.0,Private,0.9,Large Indian,Rented,10800.0,3,2,0.0,0.0,3700.0,12100.0,8300.0,No,0.0,737.0,26400.0,10400.0,Personal Loan EMI,690000.0,28,Not_Eligible,3264.0
38.0,Female,Single,Graduate,22600.0,Government,7.2,Mid-size,Own,0.0,1,0,0.0,0.0,2900.0,3600.0,3700.0,Yes,2800.0,707.0,44500.0,13800.0,Home Appliances EMI,33000.0,25,Eligible,2956.8
58.0,Female,Single,High School,50900.0,Private,2.7,Small,Rented,15400.0,2,1,7300.0,0.0,3700.0,7900.0,4600.0,Yes,14900.0,665.0,38800.0,18500.0,Home Appliances EMI,29000.0,20,Not_Eligible,500.0
32.0,Male,Married,Post Graduate,35300.0,Private,8.4,Large Indian,Rented,12300.0,5,4,0.0,21500.0,5200.0,5800.0,7000.0,No,0.0,648.0,47900.0,13300.0,Education EMI,349000.0,45,Not_Eligible,500.0
48.0,Female,Married,Graduate,33500.0,Self-employed,7.6,Startup,Rented,7500.0,4,3,2300.0,0.0,4700.0,5500.0,6100.0,Yes,5200.0,648.0,165400.0,46400.0,Personal Loan EMI,257000.0,41,Not_Eligible,554.4
38.0,Male,Married,Graduate,18000.0,Private,1.8,MNC,Family,0.0,2,1,10400.0,16300.0,2500.0,5100.0,2800.0,No,0.0,716.0,121500.0,29100.0,Vehicle EMI,526000.0,34,Not_Eligible,500.0
58.0,Male,Married,Graduate,64900.0,Private,5.1,Large Indian,Own,0.0,3,2,14900.0,0.0,8100.0,19100.0,4000.0,Yes,8300.0,640.0,136600.0,,Personal Loan EMI,318000.0,53,Not_Eligible,2940.0
38.0,Male,Married,High School,39500.0,Government,6.4,Mid-size,Own,0.0,2,1,0.0,0.0,2100.0,6500.0,7700.0,No,0.0,739.0,190300.0,48300.0,Education EMI,221000.0,36,Eligible,12760.0
48.0,Male,Married,Post Graduate,72400.0,Private,6.9,Mid-size,Rented,14900.0,3,2,8200.0,0.0,9900.0,15100.0,7700.0,Yes,7800.0,632.0,137200.0,36900.0,Education EMI,405000.0,47,Not_Eligible,1971.2
48.0,Female,Married,Graduate,57200.0,Private,18.8,Large Indian,Rented,8800.0,4,3,8900.0,13300.0,3300.0,13300.0,3100.0,Yes,12000.0,692.0,439200.0,218600.0,Education EMI,297000.0,39,Not_Eligible,500.0
48.0,Female,Married,Professional,30100.0,Private,1.2,Startup,Own,0.0,4,3,0.0,0.0,3200.0,5000.0,5500.0,No,0.0,686.0,203000.0,106700.0,Education EMI,114000.0,35,Eligible,9020.0
38.0,Female,Married,Post Graduate,78800.0,Private,8.3,Large Indian,Family,0.0,3,2,4300.0,21000.0,8600.0,23200.0,13800.0,No,0.0,841.0,188300.0,103300.0,Vehicle EMI,1.263e+06,52,Not_Eligible,4740.0
38.0,Female,Married,Graduate,38800.0,Private,2.1,Mid-size,Own,0.0,4,3,14200.0,0.0,5400.0,9200.0,3700.0,No,0.0,667.0,110700.0,47100.0,E-commerce Shopping EMI,163000.0,18,Not_Eligible,3150.0
38.0,Male,Married,Graduate,39300.0,Self-employed,14.0,Large Indian,Own,0.0,4,3,6400.0,0.0,2400.0,7700.0,5500.0,No,0.0,756.0,235900.0,131200.0,Education EMI,380000.0,22,Not_Eligible,10276.2
48.0,Female,Single,High School,31400.0,Self-employed,4.5,Mid-size,Own,0.0,1,0,0.0,0.0,4000.0,9200.0,3900.0,Yes,5800.0,766.0,93300.0,39700.0,Home Appliances EMI,218000.0,28,Not_Eligible,3213.0
58.0,Female,Married,Professional,120000.0,Government,8.4,Mid-size,Own,0.0,4,3,9400.0,20600.0,10300.0,35500.0,7700.0,No,0.0,784.0,659600.0,275600.0,Personal Loan EMI,832000.0,29,Not_Eligible,24090.0
48.0,Male,Married,Graduate,47200.0,Government,3.2,Large Indian,Own,0.0,5,4,0.0,0.0,2400.0,9500.0,6900.0,No,0.0,754.0,278400.0,97300.0,Home Appliances EMI,101000.0,24,Eligible,18744.0
32.0,Male,Married,Graduate,63300.0,Private,0.7,MNC,Rented,15600.0,3,2,11300.0,18700.0,8400.0,15900.0,10600.0,Yes,15700.0,614.0,199100.0,70500.0,Education EMI,467000.0,40,Not_Eligible,500.0
48.0,Male,Married,Post Graduate,43200.0,Self-employed,3.3,MNC,Family,0.0,2,1,0.0,0.0,6400.0,12800.0,7500.0,Yes,7100.0,597.0,254700.0,121100.0,Personal Loan EMI,557000.0,26,Not_Eligible,2368.8
32.0,Male,Married,Graduate,42100.0,Private,4.6,Startup,Own,0.0,4,3,11500.0,0.0,5300.0,10200.0,4000.0,Yes,7300.0,684.0,323500.0,117200.0,Education EMI,374000.0,20,Not_Eligible,1463.0
38.0,Male,Married,Post Graduate,120300.0,Self-employed,7.0,Mid-size,Own,0.0,2,1,13200.0,0.0,7300.0,18600.0,6300.0,Yes,33000.0,733.0,939300.0,433300.0,Education EMI,386000.0,30,Not_Eligible,14518.35
27.0,Male,Single,Professional,66200.0,Private,2.4,MNC,Family,0.0,1,0,0.0,0.0,4600.0,12600.0,12200.0,No,0.0,,59100.0,32900.0,Education EMI,401000.0,37,High_Risk,14720.0
32.0,Female,Married,Graduate,24900.0,Government,0.5,Startup,Rented,8000.0,3,2,13200.0,15300.0,3700.0,6300.0,2400.0,No,0.0,801.0,180800.0,108200.0,E-commerce Shopping EMI,87000.0,14,Not_Eligible,500.0
58.0,Male,Married,Post Graduate,109300.0,Private,1.0,Large Indian,Family,0.0,3,2,0.0,0.0,13700.0,21000.0,17900.0,Yes,25000.0,735.0,247400.0,133900.0,E-commerce Shopping EMI,57000.0,4,Not_Eligible,11095.0
48.0,Male,Single,Professional,83000.0,Private,18.7,Startup,Family,0.0,1,0,0.0,0.0,7300.0,22700.0,13000.0,No,0.0,741.0,456900.0,238900.0,Education EMI,383000.0,24,High_Risk,20000.0
27.0,Male,Single,Professional,45800.0,Private,1.2,Large Indian,Rented,7200.0,1,0,0.0,0.0,5900.0,10700.0,3200.0,Yes,9700.0,620.0,223100.0,107300.0,Personal Loan EMI,597000.0,60,Not_Eligible,2128.0
32.0,Male,Married,Professional,59500.0,Private,0.5,MNC,Own,0.0,4,3,0.0,0.0,6500.0,13300.0,7200.0,No,0.0,714.0,197800.0,86600.0,Vehicle EMI,1.237e+06,66,Not_Eligible,13000.0
38.0,Male,Single,Professional,100200.0,Private,1.8,Small,Rented,18600.0,1,0,0.0,0.0,8900.0,18800.0,5100.0,No,0.0,601.0,590700.0,337000.0,E-commerce Shopping EMI,50000.0,24,Eligible,19520.0
58.0,Male,Married,High School,26700.0,Private,8.5,Small,Family,0.0,4,3,10300.0,0.0,1500.0,7900.0,3100.0,No,0.0,728.0,195700.0,67500.0,Education EMI,425000.0,42,Not_Eligible,2145.0
48.0,Male,Married,Professional,66700.0,Private,5.6,Mid-size,Rented,15900.0,3,2,0.0,0.0,4200.0,14200.0,12000.0,No,0.0,628.0,256200.0,131600.0,Education EMI,141000.0,40,Eligible,8160.0
32.0,Male,Married,Graduate,25800.0,Private,1.1,Startup,Own,0.0,3,2,8600.0,8400.0,2100.0,6500.0,1900.0,Yes,5300.0,676.0,27300.0,13100.0,Personal Loan EMI,468000.0,27,Not_Eligible,500.0
38.0,Male,Married,High School,65900.0,Private,12.0,Mid-size,Family,0.0,2,1,0.0,0.0,5900.0,17900.0,9200.0,Yes,16600.0,605.0,137600.0,45700.0,Personal Loan EMI,826000.0,30,Not_Eligible,4564.0
32.0,Female,Married,Post Graduate,61000.0,Private,1.2,Mid-size,Family,0.0,3,2,10000.0,0.0,7000.0,11200.0,9900.0,Yes,15500.0,753.0,95700.0,31700.0,Vehicle EMI,1e+06,78,Not_Eligible,2486.4
27.0,Male,Single,Graduate,39400.0,Private,0.9,Startup,Rented,6800.0,1,0,0.0,0.0,3800.0,7300.0,6400.0,No,0.0,686.0,86600.0,39000.0,Education EMI,223000.0,12,Not_Eligible,6040.0
38.0,Male,Single,Graduate,41597.0,Self-employed,7.6,Small,Rented,11100.0,2,1,0.0,0.0,5100.0,8200.0,4500.0,Yes,7100.0,641.0,214700.0,101700.0,E-commerce Shopping EMI,116000.0,14,Not_Eligible,1537.2
38.0,Male,Married,Professional,127500.0,Private,0.5,MNC,Own,20392.0,3,2,0.0,0.0,14600.0,22700.0,21900.0,No,0.0,761.0,904900.0,234900.0,E-commerce Shopping EMI,98000.0,22,Eligible,36062.4
32.0,Female,Single,High School,18400.0,Private,1.9,Large Indian,Family,0.0,1,0,0.0,0.0,2100.0,5300.0,1300.0,No,0.0,812.0,133700.0,72500.0,Education EMI,161000.0,23,Not_Eligible,6402.0
27.0,Male,Single,Graduate,40500.0,Government,0.5,Mid-size,Rented,9300.0,1,0,0.0,0.0,3200.0,9500.0,4600.0,Yes,9900.0,824.0,236500.0,85800.0,E-commerce Shopping EMI,17000.0,24,Eligible,1680.0
48.0,Male,Married,Professional,68000.0,Private,2.4,Large Indian,Family,0.0,4,3,4700.0,13900.0,9800.0,11700.0,7200.0,No,0.0,655.0,77600.0,19900.0,Personal Loan EMI,470000.0,42,Not_Eligible,8280.0
48.0,Male,Married,Post Graduate,21700.0,Government,2.8,Large Indian,Rented,5300.0,3,2,6000.0,10300.0,2700.0,5100.0,1400.0,Yes,6000.0,731.0,28400.0,14800.0,Home Appliances EMI,108000.0,18,Not_Eligible,500.0
58.0,Male,Married,Graduate,77700.0,Private,22.0,Large Indian,Rented,14500.0,2,1,12200.0,0.0,8800.0,16800.0,9700.0,No,0.0,701.0,466300.0,279800.0,Personal Loan EMI,686000.0,47,Not_Eligible,8635.0
58.0,Male,Married,Graduate,37400.0,Private,2.4,Small,Own,0.0,3,2,9400.0,0.0,2600.0,6100.0,3700.0,No,0.0,612.0,137300.0,70400.0,Education EMI,390000.0,27,Not_Eligible,6240.0
32.0,Female,Married,Professional,67200.0,Private,1.7,Large Indian,Family,0.0,4,3,0.0,0.0,8100.0,15100.0,3800.0,No,0.0,804.0,297400.0,82400.0,Education EMI,475000.0,11,Not_Eligible,24120.0
27.0,Male,Married,Graduate,50000.0,Private,0.7,MNC,Rented,8000.0,4,3,13900.0,0.0,3800.0,8100.0,7800.0,Yes,8600.0,610.0,307400.0,92400.0,Education EMI,235000.0,29,Not_Eligible,500.0
32.0,Female,Married,Graduate,56700.0,Private,3.1,Mid-size,Own,0.0,2,1,11200.0,0.0,2800.0,16200.0,4500.0,No,0.0,650.0,123200.0,34100.0,E-commerce Shopping EMI,143000.0,19,Eligible,11000.0
32.0,Female,Single,Professional,134300.0,Private,6.1,Large Indian,Family,0.0,1,0,0.0,0.0,17100.0,35500.0,6800.0,Yes,35300.0,758.0,752300.0,354400.0,Vehicle EMI,1.353e+06,32,Not_Eligible,16632.0
48.0,Male,Married,High School,38900.0,Self-employed,18.6,MNC,Family,0.0,4,3,0.0,0.0,2400.0,9400.0,3300.0,No,0.0,821.0,122600.0,33100.0,Vehicle EMI,744000.0,39,Not_Eligible,12852.0
38.0,Male,Married,Graduate,67700.0,Government,0.8,Large Indian,Rented,12000.0,3,2,0.0,0.0,5500.0,17500.0,11800.0,Yes,18300.0,760.0,487100.0,161900.0,Education EMI,231000.0,15,Not_Eligible,1201.2
58.0,Female,Married,Post Graduate,54900.0,Private,17.3,Large Indian,Rented,17200.0,4,3,5100.0,0.0,5100.0,9100.0,7700.0,No,0.0,850.0,113000.0,64000.0,Personal Loan EMI,491000.0,56,Not_Eligible,6420.0
38.0,Male,Married,High School,35500.0,Government,12.0,Large Indian,Rented,6800.0,4,3,5700.0,0.0,4200.0,8800.0,2000.0,No,0.0,850.0,267100.0,111100.0,Education EMI,217000.0,26,Not_Eligible,5808.0
48.0,Female,Married,Graduate,75500.0,Private,26.0,MNC,Own,0.0,5,4,0.0,0.0,4000.0,16700.0,14800.0,No,0.0,821.0,529400.0,120200.0,Vehicle EMI,295000.0,77,Eligible,26400.0
27.0,Female,Single,Graduate,27400.0,Private,0.5,Large Indian,Own,0.0,2,1,2700.0,0.0,4100.0,6900.0,2500.0,No,0.0,634.0,14400.0,4700.0,Vehicle EMI,1.192e+06,60,Not_Eligible,2867.2
38.0,Male,Single,Professional,61700.0,Private,13.2,Small,Own,0.0,2,1,11400.0,0.0,8500.0,15900.0,11800.0,Yes,9100.0,681.0,350000.0,169600.0,Vehicle EMI,266000.0,41,Not_Eligible,1750.0
32.0,Male,Married,Graduate,47100.0,Government,4.1,Large Indian,Own,0.0,5,4,8000.0,0.0,4500.0,12700.0,4700.0,Yes,8200.0,638.0,275800.0,136400.0,E-commerce Shopping EMI,172000.0,21,Not_Eligible,2772.0
38.0,Male,Married,Post Graduate,79000.0,Private,2.9,Mid-size,Own,0.0,2,1,14400.0,20700.0,8700.0,21900.0,5000.0,Yes,8200.0,721.0,57400.0,13100.0,Personal Loan EMI,420000.0,42,Not_Eligible,500.0
38.0,Female,Married,Graduate,27700.0,Private,2.4,Mid-size,Own,0.0,2,1,0.0,0.0,2600.0,4400.0,2200.0,No,0.0,715.0,45400.0,12300.0,Personal Loan EMI,633000.0,19,Not_Eligible,7400.0
38.0,Female,Married,Graduate,37000.0,Private,2.0,MNC,Family,0.0,3,2,0.0,0.0,4300.0,9900.0,2300.0,No,0.0,599.0,200300.0,87000.0,Home Appliances EMI,294000.0,8,Not_Eligible,8200.0
27.0,Female,Married,Graduate,55300.0,Private,1.2,Mid-size,Rented,14600.0,3,2,0.0,0.0,4600.0,10100.0,6000.0,Yes,7700.0,758.0,247000.0,146600.0,Home Appliances EMI,249000.0,20,Not_Eligible,5166.0
38.0,Male,Married,High School,39400.0,Private,0.9,MNC,Rented,6100.0,3,2,0.0,0.0,4600.0,6300.0,7400.0,No,0.0,786.0,49100.0,18300.0,Education EMI,248000.0,40,Not_Eligible,5760.0
27.0,Female,Single,High School,47800.0,Private,5.0,Startup,Family,0.0,2,1,0.0,0.0,5500.0,10800.0,8600.0,Yes,5800.0,648.0,62500.0,12600.0,Home Appliances EMI,223000.0,21,Not_Eligible,3830.4
32.0,Male,Married,Graduate,47100.0,Private,4.3,Mid-size,Rented,12700.0,3,2,0.0,23200.0,2500.0,9600.0,5200.0,No,0.0,681.0,135200.0,55700.0,E-commerce Shopping EMI,124000.0,12,Not_Eligible,500.0
32.0,Male,Married,Post Graduate,40600.0,Self-employed,2.9,Large Indian,Own,0.0,3,2,12200.0,0.0,4000.0,7800.0,5500.0,No,0.0,668.0,155100.0,44000.0,Education EMI,307000.0,13,Not_Eligible,4995.0
48.0,male,Married,High School,51600.0,Private,8.1,MNC,Own,0.0,2,1,14500.0,6200.0,2700.0,10000.0,3900.0,Yes,14300.0,556.0,50200.0,18800.0,Education EMI,469000.0,36,Not_Eligible,500.0
32.0,Male,Single,High School,30700.0,Private,4.9,Mid-size,Family,0.0,3,2,0.0,10000.0,3900.0,8900.0,3000.0,No,0.0,633.0,68700.0,41100.0,Personal Loan EMI,368000.0,28,Not_Eligible,1960.0
38.0,Female,Married,Graduate,27500.0,Private,3.5,MNC,Own,0.0,4,3,11800.0,0.0,3800.0,4700.0,4900.0,Yes,3700.0,660.0,136600.0,78700.0,Personal Loan EMI,905000.0,27,Not_Eligible,500.0
32.0,Male,Single,Professional,41500.0,Private,7.3,MNC,Rented,9600.0,3,2,2500.0,0.0,4900.0,6900.0,3600.0,Yes,8800.0,728.0,28200.0,14500.0,Home Appliances EMI,132000.0,10,Not_Eligible,1456.0
32.0,Male,Single,Post Graduate,78700.0,Government,0.7,Large Indian,Family,0.0,3,2,0.0,0.0,11600.0,17300.0,15500.0,No,0.0,823.0,426700.0,87400.0,Vehicle EMI,425000.0,67,Eligible,20580.0
32.0,Male,Married,Graduate,53300.0,Self-employed,2.0,Large Indian,Rented,14300.0,3,2,0.0,0.0,8000.0,8100.0,8300.0,Yes,8500.0,580.0,327800.0,106000.0,Home Appliances EMI,253000.0,19,Not_Eligible,1690.92
48.0,Female,Single,Post Graduate,46700.0,Private,10.5,Large Indian,Own,0.0,1,0,0.0,0.0,2800.0,7300.0,2900.0,No,0.0,664.0,103000.0,57500.0,Personal Loan EMI,897000.0,50,Not_Eligible,16850.0
48.0,Male,Married,Graduate,22200.0,Private,5.5,Large Indian,Rented,3400.0,3,2,10800.0,0.0,1900.0,5700.0,2000.0,Yes,4500.0,611.0,167800.0,82600.0,Personal Loan EMI,329000.0,17,Not_Eligible,500.0
27.0,Female,Single,Post Graduate,135400.0,Private,1.4,Large Indian,Family,0.0,2,1,8100.0,0.0,11700.0,30700.0,15500.0,No,0.0,797.0,921800.0,485800.0,Education EMI,215000.0,44,Eligible,45804.0
48.0,Male,Married,Professional,48100.0,Private,7.5,Large Indian,Family,0.0,3,2,10000.0,0.0,4500.0,12000.0,8700.0,Yes,5300.0,598.0,232600.0,113500.0,Personal Loan EMI,809000.0,33,Not_Eligible,2128.0
58.0,Female,Married,Graduate,36900.0,Private,7.3,Large Indian,Rented,5600.0,2,1,4100.0,0.0,5500.0,6300.0,2900.0,No,0.0,850.0,226600.0,70800.0,Home Appliances EMI,229000.0,21,Not_Eligible,8250.0
27.0,Female,Single,High School,20100.0,Private,0.8,MNC,Own,0.0,3,2,0.0,10700.0,2300.0,4800.0,3400.0,No,0.0,616.0,111100.0,53700.0,Vehicle EMI,206000.0,46,Not_Eligible,500.0
32.0,Male,Single,Post Graduate,48100.0,Private,7.2,Large Indian,Own,0.0,1,0,0.0,0.0,5500.0,13800.0,4000.0,Yes,8800.0,753.0,62000.0,34000.0,Education EMI,425000.0,29,Not_Eligible,5376.0
38.0,Female,Married,Post Graduate,71300.0,Government,3.2,MNC,Own,0.0,3,2,0.0,0.0,4900.0,20200.0,4700.0,No,0.0,737.0,327500.0,158100.0,Home Appliances EMI,224000.0,23,Eligible,22825.0
32.0,Male,Married,Post Graduate,112500.0,Government,0.5,Mid-size,Own,0.0,3,2,2400.0,0.0,12100.0,28900.0,13100.0,Yes,31400.0,671.0,834200.0,482100.0,Personal Loan EMI,106000.0,17,Eligible,9471.0
32.0,Female,Married,High School,14400.0,Private,5.3,Large Indian,Own,0.0,4,3,0.0,5800.0,800.0,2600.0,2000.0,No,0.0,660.0,98800.0,58700.0,E-commerce Shopping EMI,178000.0,13,Not_Eligible,1760.0
32.0,Male,Married,Graduate,372982.0,Government,0.5,Mid-size,Own,0.0,3,2,12400.0,0.0,1700.0,4700.0,4400.0,No,0.0,763.0,51700.0,19800.0,Home Appliances EMI,168000.0,18,Not_Eligible,2256.0
27.0,Female,Single,Graduate,41700.0,Private,2.7,MNC,Family,0.0,2,1,12400.0,0.0,5600.0,6700.0,7500.0,Yes,7300.0,669.0,134200.0,45100.0,Home Appliances EMI,41000.0,9,Not_Eligible,770.0
48.0,Male,Single,Graduate,65400.0,Government,1.4,MNC,Rented,20900.0,2,1,11200.0,0.0,7100.0,15600.0,10500.0,Yes,7500.0,735.0,129100.0,74200.0,Education EMI,306000.0,36,Not_Eligible,500.0
27.0,MALE,Single,Graduate,23300.0,Private,2.5,Large Indian,Family,0.0,2,1,3200.0,0.0,1800.0,4600.0,2200.0,Yes,7000.0,672.0,128500.0,70900.0,Education EMI,103000.0,14,Not_Eligible,1575.0
32.0,Female,Single,Graduate,72300.0,Government,2.1,Small,Own,0.0,1,0,0.0,0.0,10500.0,21300.0,14200.0,No,0.0,765.0,349400.0,193800.0,Personal Loan EMI,439000.0,40,High_Risk,15780.0
38.0,Male,Married,Graduate,73500.0,Private,5.4,Startup,Own,0.0,2,1,0.0,0.0,8600.0,18100.0,10200.0,Yes,19900.0,715.0,185800.0,58000.0,E-commerce Shopping EMI,106000.0,4,Not_Eligible,5845.0
38.0,Male,Married,Graduate,28900.0,Private,3.6,Large Indian,Family,0.0,3,2,11300.0,22800.0,2900.0,8200.0,2400.0,No,0.0,659.0,99400.0,42800.0,Education EMI,284000.0,19,Not_Eligible,500.0
58.0,Female,Married,Graduate,53400.0,Government,9.5,Mid-size,Own,0.0,2,1,6700.0,0.0,6000.0,10400.0,10200.0,No,0.0,764.0,49900.0,28000.0,Personal Loan EMI,909000.0,27,Not_Eligible,10612.8
48.0,Male,Married,Graduate,36500.0,Self-employed,7.2,MNC,Family,0.0,2,1,14600.0,24400.0,3500.0,8700.0,5200.0,No,0.0,801.0,243700.0,139100.0,Personal Loan EMI,779000.0,19,Not_Eligible,500.0
48.0,Female,Married,Graduate,41000.0,Private,7.5,Large Indian,Family,0.0,3,2,0.0,0.0,2100.0,8900.0,6000.0,No,0.0,714.0,239200.0,61500.0,Personal Loan EMI,481000.0,43,Not_Eligible,12000.0
38.0,Female,Married,Graduate,54600.0,Private,2.6,MNC,Own,0.0,3,2,12500.0,13400.0,7900.0,15700.0,9200.0,Yes,9100.0,669.0,60200.0,24000.0,Vehicle EMI,964000.0,12,Not_Eligible,500.0
27.0,Female,Single,Graduate,78700.0,Private,2.5,Mid-size,Own,0.0,1,0,0.0,0.0,11400.0,19800.0,9400.0,Yes,10200.0,723.0,611000.0,222900.0,Personal Loan EMI,603000.0,28,Not_Eligible,10741.5
27.0,Female,Single,Post Graduate,84800.0,Private,3.5,Large Indian,Rented,17600.0,2,1,10300.0,0.0,5700.0,24600.0,6700.0,No,0.0,705.0,333500.0,124400.0,Personal Loan EMI,672000.0,60,Not_Eligible,9950.0
48.0,Female,Married,Post Graduate,82000.0,Government,23.4,Mid-size,Rented,17200.0,2,1,6300.0,0.0,8700.0,12400.0,4500.0,Yes,12600.0,850.0,213600.0,89200.0,Vehicle EMI,1.095e+06,67,Not_Eligible,9378.6
48.0,Female,Married,Graduate,42800.0,Private,18.1,Large Indian,Rented,12700.0,3,2,0.0,0.0,4500.0,8600.0,4700.0,No,0.0,705.0,335300.0,169200.0,Personal Loan EMI,444000.0,22,Not_Eligible,6765.0
27.0,Male,Married,Post Graduate,114200.0,Private,0.5,Mid-size,Family,8107.0,2,1,0.0,0.0,16200.0,22400.0,15500.0,Yes,18800.0,763.0,229800.0,59300.0,E-commerce Shopping EMI,178000.0,14,Not_Eligible,13876.8
32.0,Female,Single,Graduate,35400.0,Government,8.1,Large Indian,Own,0.0,1,0,0.0,0.0,2300.0,10100.0,4600.0,No,0.0,812.0,51100.0,25900.0,Education EMI,399000.0,41,Not_Eligible,9715.2
48.0,Female,Married,Graduate,25600.0,Government,24.1,Mid-size,Rented,4700.0,4,3,0.0,0.0,3800.0,7100.0,3200.0,Yes,4400.0,776.0,37800.0,17200.0,Home Appliances EMI,68000.0,14,Not_Eligible,887.04
48.0,Male,Married,Post Graduate,33600.0,Government,10.7,Large Indian,Rented,7600.0,2,1,0.0,8600.0,1700.0,8700.0,5200.0,Yes,7300.0,667.0,93500.0,30900.0,Vehicle EMI,1.129e+06,40,Not_Eligible,500.0
48.0,Male,Married,Professional,22500.0,Government,9.7,Large Indian,Rented,4600.0,3,2,7700.0,6200.0,1900.0,4400.0,3300.0,No,0.0,850.0,83100.0,33500.0,E-commerce Shopping EMI,188000.0,12,Not_Eligible,500.0
48.0,Male,Married,Graduate,26591.0,Self-employed,0.8,MNC,Family,0.0,3,2,5600.0,0.0,3700.0,6900.0,2600.0,No,0.0,708.0,91800.0,54400.0,Vehicle EMI,1.013e+06,77,Not_Eligible,3960.0
58.0,Male,Married,Graduate,47900.0,Government,2.2,Startup,Own,0.0,4,3,0.0,0.0,5700.0,8600.0,3200.0,No,0.0,649.0,364600.0,108100.0,Education EMI,74000.0,39,Eligible,13376.0
48.0,Male,Married,Graduate,46700.0,Private,19.2,Startup,Rented,12600.0,3,2,14300.0,10300.0,4800.0,12900.0,7800.0,No,0.0,742.0,25500.0,10600.0,Education EMI,386000.0,38,Not_Eligible,500.0
58.0,Male,Married,Professional,101900.0,Private,0.5,Large Indian,Rented,32900.0,3,2,0.0,0.0,7400.0,18300.0,11100.0,Yes,20300.0,710.0,259300.0,56600.0,E-commerce Shopping EMI,100000.0,21,Not_Eligible,3332.0
31.0,Male,Married,Professional,36149.0,Private,1.2,Mid-size,Own,0.0,4,3,7700.0,0.0,4300.0,7900.0,5300.0,Yes,9200.0,599.0,103900.0,46900.0,Education EMI,306000.0,45,Not_Eligible,500.0
48.0,Female,Married,Post Graduate,11238.0,Private,11.5,Large Indian,Family,0.0,2,1,0.0,21300.0,5300.0,8900.0,5700.0,No,0.0,725.0,192700.0,51000.0,Personal Loan EMI,544000.0,38,Not_Eligible,1550.0
48.0,Male,Married,Graduate,34800.0,Private,9.8,Large Indian,Own,0.0,3,2,4400.0,11700.0,4900.0,6000.0,2400.0,No,0.0,685.0,217000.0,74600.0,E-commerce Shopping EMI,35000.0,5,Not_Eligible,2970.0
27.0,Female,Married,Graduate,47900.0,Private,0.5,Startup,Rented,11600.0,4,3,14400.0,0.0,3900.0,9200.0,6400.0,Yes,12900.0,642.0,202400.0,49800.0,E-commerce Shopping EMI,115000.0,13,Not_Eligible,500.0
38.0,Male,Married,Professional,35900.0,Private,2.5,Large Indian,Rented,12100.0,3,2,2300.0,0.0,2900.0,9700.0,4400.0,Yes,9500.0,669.0,76200.0,26800.0,Home Appliances EMI,224000.0,16,Not_Eligible,500.0
27.0,Male,Married,Graduate,63700.0,Private,4.5,Mid-size,Own,22208.0,4,3,10100.0,0.0,7600.0,16400.0,4500.0,No,0.0,712.0,105600.0,24500.0,Personal Loan EMI,851000.0,12,Not_Eligible,10040.0
39.0,Female,Married,Professional,66644.0,Private,0.5,MNC,Rented,23100.0,3,2,0.0,13200.0,8900.0,15600.0,11200.0,Yes,7700.0,686.0,164500.0,84500.0,Personal Loan EMI,69000.0,36,Not_Eligible,500.0
27.0,Male,Married,Post Graduate,67300.0,Private,3.7,Startup,Rented,16000.0,3,2,3600.0,0.0,6100.0,19600.0,9300.0,Yes,10600.0,818.0,79600.0,20100.0,Personal Loan EMI,688000.0,40,Not_Eligible,705.6
58.0,Male,Married,Graduate,37500.0,Private,4.9,Mid-size,Own,0.0,4,3,4100.0,0.0,4900.0,9700.0,2700.0,No,0.0,622.0,130800.0,44800.0,E-commerce Shopping EMI,38000.0,16,Eligible,6440.0
27.0,Male,Single,High School,37700.0,Private,3.2,Mid-size,Family,0.0,1,0,0.0,0.0,2200.0,9800.0,4400.0,Yes,5200.0,607.0,36300.0,19100.0,E-commerce Shopping EMI,112000.0,6,Not_Eligible,3606.4
32.0,Female,Married,Graduate,40000.0,Private,0.5,Mid-size,Family,0.0,3,2,2500.0,0.0,2500.0,8800.0,3900.0,Yes,11700.0,587.0,256300.0,63500.0,E-commerce Shopping EMI,70000.0,16,Not_Eligible,2611.84
38.0,Female,Married,Graduate,32100.0,Government,3.0,MNC,Family,0.0,2,1,0.0,0.0,4700.0,4900.0,4800.0,No,0.0,746.0,104900.0,29800.0,E-commerce Shopping EMI,194000.0,10,Not_Eligible,9735.0
38.0,Female,Married,High School,83700.0,Self-employed,3.3,Large Indian,Family,0.0,2,1,0.0,0.0,4900.0,13700.0,14000.0,Yes,14200.0,588.0,81900.0,41700.0,Home Appliances EMI,188000.0,20,Not_Eligible,7439.04
58.0,Male,Married,High School,30100.0,Self-employed,19.2,Large Indian,Own,0.0,3,2,0.0,0.0,3600.0,6700.0,4500.0,No,0.0,634.0,175500.0,85600.0,Vehicle EMI,991000.0,55,Not_Eligible,5508.0
58.0,Female,Married,Graduate,86000.0,Private,0.5,Large Indian,Rented,13000.0,3,2,14400.0,0.0,12000.0,25200.0,10500.0,No,0.0,769.0,124500.0,70200.0,Vehicle EMI,820000.0,80,Not_Eligible,4185.6
38.0,Male,Single,Graduate,39600.0,Private,5.1,MNC,Own,0.0,2,1,9600.0,19000.0,5600.0,7300.0,7500.0,Yes,9300.0,668.0,141600.0,57900.0,Education EMI,172000.0,47,Not_Eligible,500.0
58.0,Female,Married,Professional,76300.0,Private,3.6,Startup,Own,0.0,4,3,0.0,0.0,6200.0,22600.0,5600.0,Yes,20200.0,702.0,419600.0,244600.0,Vehicle EMI,682000.0,26,Not_Eligible,7595.0
48.0,Male,Married,Post Graduate,113300.0,Private,2.6,Startup,Own,0.0,4,3,2800.0,0.0,9900.0,30500.0,6900.0,Yes,28700.0,729.0,475700.0,181700.0,Home Appliances EMI,231000.0,22,High_Risk,12075.0
38.0,Male,Married,High School,45400.0,Private,4.1,Startup,Own,0.0,2,1,13900.0,0.0,4000.0,13400.0,8300.0,No,0.0,801.0,70500.0,38300.0,Home Appliances EMI,179000.0,19,Not_Eligible,2784.0
38.0,Male,Married,Post Graduate,32000.0,Government,5.6,MNC,Rented,7500.0,3,2,4600.0,0.0,2700.0,6300.0,5000.0,No,0.0,775.0,223300.0,108100.0,Vehicle EMI,1.263e+06,62,Not_Eligible,4283.4
58.0,Male,Married,Post Graduate,37100.0,Private,10.6,Startup,Family,0.0,3,2,11300.0,16300.0,2800.0,8900.0,3100.0,No,0.0,767.0,215700.0,126700.0,Personal Loan EMI,608000.0,17,Not_Eligible,500.0
38.0,Male,Married,Post Graduate,107200.0,Private,4.5,Mid-size,Rented,19800.0,3,2,0.0,17100.0,7200.0,25700.0,12200.0,No,0.0,753.0,574700.0,266700.0,Personal Loan EMI,450000.0,49,High_Risk,15120.0
48.0,Male,Married,Professional,68300.0,Private,17.3,MNC,Family,0.0,3,2,7100.0,11900.0,3900.0,19800.0,3600.0,Yes,9000.0,585.0,480400.0,116300.0,E-commerce Shopping EMI,38000.0,3,Not_Eligible,4004.0
32.0,Male,Single,Graduate,44900.0,Private,5.2,Startup,Rented,10900.0,3,2,2300.0,10600.0,3000.0,10800.0,5100.0,No,0.0,696.0,207900.0,64700.0,Education EMI,398000.0,46,Not_Eligible,1100.0
27.0,Male,Single,Graduate,66100.0,Private,0.5,MNC,Rented,14000.0,1,0,0.0,0.0,9400.0,11400.0,4400.0,No,0.0,636.0,472600.0,247900.0,E-commerce Shopping EMI,31000.0,16,Eligible,9468.8
32.0,Male,Married,Professional,110800.0,Private,1.1,Large Indian,Rented,30700.0,3,2,12200.0,0.0,7900.0,23100.0,21500.0,No,0.0,655.0,124500.0,47500.0,Education EMI,94000.0,46,Eligible,6160.0
38.0,Female,Single,High School,45100.0,Government,0.5,MNC,Rented,8200.0,2,1,12500.0,0.0,3000.0,6800.0,2300.0,No,0.0,691.0,,38000.0,Home Appliances EMI,110000.0,22,High_Risk,6150.0
32.0,Female,Married,Professional,63100.0,Private,2.2,Startup,Own,0.0,4,3,10100.0,0.0,7400.0,12800.0,10800.0,No,0.0,743.0,394800.0,205800.0,Personal Loan EMI,904000.0,42,Not_Eligible,12100.0
48.0,Male,Married,Graduate,53400.0,Government,0.9,Mid-size,Rented,9800.0,3,2,0.0,15200.0,7200.0,11600.0,7600.0,No,0.0,745.0,82900.0,23000.0,Education EMI,284000.0,8,Not_Eligible,800.0
38.0,Female,Married,Graduate,54700.0,Private,3.5,MNC,Family,0.0,3,2,7700.0,0.0,8100.0,12100.0,10700.0,Yes,11000.0,660.0,326300.0,175500.0,Vehicle EMI,666000.0,34,Not_Eligible,1785.0
32.0,Male,Married,Graduate,29900.0,Private,3.0,Large Indian,Own,0.0,4,3,13000.0,0.0,3400.0,7200.0,4100.0,No,0.0,653.0,69100.0,17400.0,Education EMI,248000.0,40,Not_Eligible,1100.0
27.0,Female,Single,Post Graduate,20500.0,Self-employed,0.5,Startup,Own,0.0,1,0,0.0,0.0,1900.0,5300.0,3600.0,No,0.0,744.0,118000.0,69900.0,Personal Loan EMI,481000.0,60,Not_Eligible,4365.0
32.0,Male,Married,Post Graduate,50000.0,Government,1.4,MNC,Rented,17000.0,3,2,0.0,0.0,2800.0,14800.0,4600.0,Yes,8000.0,726.0,350100.0,78700.0,E-commerce Shopping EMI,18000.0,3,Not_Eligible,1078.0
32.0,Male,Married,Graduate,35700.0,Government,9.6,Startup,Family,0.0,4,3,13700.0,0.0,3000.0,8200.0,4700.0,No,0.0,815.0,98300.0,45600.0,Personal Loan EMI,788000.0,60,Not_Eligible,4026.0
38.0,Male,Married,Graduate,32800.0,Private,5.3,Mid-size,Family,0.0,3,2,0.0,0.0,3900.0,7800.0,5100.0,Yes,7800.0,735.0,103600.0,53500.0,Vehicle EMI,1.221e+06,58,Not_Eligible,2870.0
32.0,Female,Married,Graduate,76000.0,Private,10.0,Startup,Rented,12800.0,3,2,9600.0,7600.0,10700.0,21900.0,9100.0,No,0.0,656.0,510500.0,232600.0,Personal Loan EMI,711000.0,47,Not_Eligible,2365.0
38.0,Female,Married,High School,33800.0,Private,11.6,Large Indian,Own,0.0,4,3,0.0,0.0,1900.0,5300.0,1900.0,No,0.0,688.0,154100.0,81600.0,Home Appliances EMI,23000.0,36,Eligible,12350.0
27.0,Female,Married,Post Graduate,68000.0,Private,0.8,Large Indian,Family,0.0,4,3,0.0,0.0,4200.0,11400.0,3700.0,No,0.0,732.0,202200.0,106100.0,Vehicle EMI,824000.0,16,Not_Eligible,19480.0
27.0,Male,Single,Post Graduate,20500.0,Private,0.5,MNC,Family,0.0,1,0,0.0,0.0,2900.0,3500.0,2100.0,No,0.0,748.0,70500.0,25400.0,Vehicle EMI,318000.0,23,Not_Eligible,4800.0
58.0,Male,Married,High School,45200.0,Private,1.0,Large Indian,Own,0.0,4,3,0.0,6400.0,4200.0,10100.0,6300.0,Yes,10400.0,799.0,110200.0,47100.0,E-commerce Shopping EMI,67000.0,17,Not_Eligible,3276.0
38.0,Female,Single,Graduate,61200.0,Private,2.6,Startup,Own,0.0,1,0,0.0,0.0,3700.0,17600.0,12200.0,No,0.0,665.0,155300.0,80200.0,Education EMI,289000.0,36,Eligible,13850.0
58.0,Male,Married,High School,70400.0,Private,16.0,Startup,Rented,23100.0,3,2,0.0,0.0,7800.0,15300.0,6800.0,No,0.0,739.0,241700.0,140500.0,Vehicle EMI,823000.0,36,Not_Eligible,8700.0
48.0,Male,Married,Graduate,55600.0,Private,11.5,MNC,Own,0.0,4,3,0.0,0.0,3500.0,15400.0,4900.0,No,0.0,690.0,386300.0,230600.0,Education EMI,94000.0,31,Eligible,17490.0
58.0,Male,Married,Graduate,59600.0,Government,22.2,Large Indian,Own,0.0,3,2,11900.0,18900.0,6700.0,15300.0,4700.0,Yes,14800.0,704.0,255600.0,58800.0,E-commerce Shopping EMI,43000.0,11,Not_Eligible,500.0
32.0,Female,Married,Graduate,79400.0,Private,3.6,Mid-size,Rented,14600.0,2,1,2800.0,15300.0,9800.0,19700.0,12200.0,Yes,21100.0,613.0,68400.0,18300.0,Home Appliances EMI,203000.0,27,Not_Eligible,500.0
48.0,Male,Married,Post Graduate,56300.0,Private,11.6,MNC,Family,0.0,2,1,0.0,0.0,6400.0,13000.0,5100.0,No,0.0,679.0,307300.0,69100.0,Home Appliances EMI,81000.0,29,Eligible,15900.0
48.0,Male,Married,Graduate,33800.0,Government,3.5,Large Indian,Rented,7700.0,4,3,8100.0,0.0,3800.0,10100.0,1700.0,No,0.0,813.0,77900.0,30400.0,Education EMI,161000.0,44,Not_Eligible,1584.0
32.0,Male,Married,Graduate,42900.0,Private,3.7,Large Indian,Own,0.0,4,3,8800.0,21700.0,3200.0,8200.0,3300.0,No,0.0,721.0,90700.0,54000.0,Home Appliances EMI,265000.0,6,Not_Eligible,500.0
27.0,Female,Married,Graduate,50900.0,Private,2.9,Large Indian,Own,0.0,5,4,2200.0,0.0,5300.0,12800.0,5400.0,Yes,13300.0,729.0,152400.0,90600.0,E-commerce Shopping EMI,184000.0,19,Not_Eligible,4165.0
27.0,Female,Single,Graduate,87800.0,Private,1.7,Large Indian,Rented,15100.0,2,1,6600.0,0.0,5900.0,23500.0,7300.0,No,0.0,609.0,517500.0,285000.0,Home Appliances EMI,130000.0,25,Eligible,11760.0
48.0,Female,Married,Graduate,63100.0,Private,4.5,MNC,Family,0.0,5,4,10100.0,9700.0,6100.0,10300.0,6300.0,Yes,9700.0,629.0,225100.0,89200.0,Home Appliances EMI,297000.0,14,Not_Eligible,3052.0
38.0,Male,Married,Post Graduate,53600.0,Government,3.8,Startup,Rented,10100.0,3,2,14600.0,0.0,3100.0,10100.0,6300.0,Yes,15000.0,826.0,202800.0,77700.0,E-commerce Shopping EMI,176000.0,17,Not_Eligible,500.0
32.0,Female,Married,Graduate,47000.0,Private,0.5,Large Indian,Own,0.0,3,2,11000.0,12100.0,3700.0,13200.0,8400.0,No,0.0,770.0,139500.0,46900.0,E-commerce Shopping EMI,138000.0,15,Not_Eligible,500.0
48.0,Male,Married,High School,39000.0,Private,19.8,Large Indian,Rented,11500.0,4,3,0.0,21400.0,5600.0,8900.0,5100.0,Yes,5400.0,693.0,,120600.0,Education EMI,112000.0,10,Not_Eligible,500.0
32.0,Male,Married,Graduate,33100.0,Self-employed,4.6,Large Indian,Rented,7500.0,5,4,0.0,0.0,2300.0,6000.0,6600.0,No,0.0,745.0,69500.0,36600.0,E-commerce Shopping EMI,164000.0,12,Not_Eligible,4815.0
38.0,Male,Single,Graduate,51800.0,Private,10.2,Mid-size,Rented,9400.0,2,1,3100.0,20700.0,7400.0,15200.0,10300.0,No,0.0,654.0,262300.0,54400.0,E-commerce Shopping EMI,115000.0,7,Not_Eligible,500.0
58.0,Male,Married,Post Graduate,37500.0,Government,21.6,Mid-size,Own,0.0,5,4,14700.0,0.0,2300.0,9300.0,4000.0,No,0.0,797.0,146300.0,42000.0,Vehicle EMI,1.44e+06,16,Not_Eligible,4752.0
38.0,Female,Married,Post Graduate,70100.0,Government,1.0,Mid-size,Own,0.0,4,3,12500.0,0.0,8900.0,15600.0,4300.0,No,0.0,755.0,47800.0,24600.0,Home Appliances EMI,66000.0,13,Eligible,13824.0
38.0,Male,Married,Professional,90700.0,Private,3.5,MNC,Family,0.0,3,2,8600.0,0.0,4900.0,21200.0,12300.0,No,0.0,695.0,297400.0,79400.0,E-commerce Shopping EMI,37000.0,24,Eligible,21850.0
38.0,Female,Single,High School,54300.0,Government,4.6,Startup,Family,0.0,1,0,0.0,0.0,2900.0,9600.0,7600.0,Yes,12100.0,841.0,146100.0,30200.0,Vehicle EMI,97000.0,62,Eligible,10210.2
32.0,Male,Married,Graduate,29400.0,Private,1.4,Large Indian,Family,0.0,2,1,8300.0,20700.0,3000.0,4800.0,4000.0,No,0.0,686.0,29200.0,16700.0,Personal Loan EMI,628000.0,54,Not_Eligible,500.0
32.0,Female,Single,Graduate,69600.0,Private,10.0,Large Indian,Family,0.0,2,1,12200.0,0.0,8900.0,13200.0,9100.0,Yes,8600.0,703.0,97300.0,51400.0,Home Appliances EMI,165000.0,20,Not_Eligible,4928.0
27.0,Male,Single,High School,33300.0,Private,5.0,MNC,Own,0.0,2,1,14600.0,19800.0,2600.0,8300.0,5100.0,No,0.0,746.0,184600.0,53100.0,Personal Loan EMI,774000.0,21,Not_Eligible,500.0
48.0,Male,Married,Post Graduate,58800.0,Private,2.6,Mid-size,Own,0.0,3,2,10800.0,0.0,7400.0,10600.0,5500.0,Yes,11900.0,600.0,412400.0,105400.0,Personal Loan EMI,982000.0,23,Not_Eligible,3880.8
58.0,Male,Married,Graduate,34200.0,Self-employed,5.6,MNC,Own,0.0,4,3,9500.0,0.0,3900.0,9800.0,1800.0,No,0.0,770.0,210100.0,52000.0,Home Appliances EMI,47000.0,33,Eligible,5464.8
32.0,Male,Married,High School,52300.0,Government,8.8,Mid-size,Rented,9100.0,4,3,0.0,0.0,7800.0,14200.0,2900.0,No,0.0,765.0,174400.0,51800.0,Personal Loan EMI,295000.0,14,Not_Eligible,12078.0
32.0,Female,Single,Post Graduate,41700.0,Private,1.9,Large Indian,Own,0.0,3,2,13900.0,0.0,5900.0,10800.0,5300.0,No,0.0,690.0,187800.0,69400.0,Home Appliances EMI,59000.0,35,Eligible,2900.0
38.0,Male,Married,Graduate,67600.0,Private,8.3,Startup,Family,0.0,4,3,0.0,0.0,6100.0,14600.0,12800.0,Yes,13200.0,614.0,172000.0,43700.0,Education EMI,188000.0,35,Not_Eligible,5852.0
38.0,Female,Married,Post Graduate,62800.0,Private,0.5,Mid-size,Own,0.0,3,2,0.0,0.0,6300.0,14300.0,9000.0,No,0.0,687.0,48600.0,15500.0,Education EMI,303000.0,20,Not_Eligible,10624.0
32.0,Female,Married,Professional,90800.0,Private,2.5,Small,Own,0.0,4,3,0.0,24200.0,4800.0,16700.0,7500.0,Yes,24000.0,728.0,305700.0,103400.0,E-commerce Shopping EMI,112000.0,15,Not_Eligible,4760.0
38.0,Female,Married,Post Graduate,53800.0,Private,12.5,MNC,Family,0.0,3,2,14900.0,0.0,7400.0,9800.0,4600.0,No,0.0,722.0,174000.0,97000.0,Education EMI,308000.0,32,Not_Eligible,8550.0
48.0,Male,Married,Professional,38300.0,Government,21.5,Startup,Family,0.0,2,1,13700.0,0.0,3000.0,7300.0,6500.0,Yes,11200.0,776.0,27900.0,7500.0,Home Appliances EMI,92000.0,9,Not_Eligible,500.0
38.0,Male,Married,Professional,86100.0,Government,2.2,Large Indian,Rented,23900.0,4,3,0.0,0.0,11100.0,17100.0,5100.0,No,0.0,749.0,69500.0,18400.0,Vehicle EMI,857000.0,36,Not_Eligible,11560.0
38.0,Female,Married,Graduate,60300.0,Private,4.8,Large Indian,Rented,16000.0,4,3,6300.0,0.0,7200.0,12100.0,5000.0,No,0.0,632.0,181200.0,82600.0,E-commerce Shopping EMI,15000.0,10,Eligible,5480.0
48.0,Male,Married,Professional,77600.0,Private,4.1,MNC,Own,0.0,3,2,12300.0,12200.0,10300.0,13000.0,15200.0,Yes,13400.0,657.0,459200.0,145400.0,E-commerce Shopping EMI,137000.0,3,Not_Eligible,500.0
32.0,Female,Married,High School,45200.0,Private,3.2,MNC,Own,0.0,4,3,3100.0,13200.0,5900.0,11500.0,3000.0,No,0.0,684.0,286600.0,136700.0,Home Appliances EMI,284000.0,10,Not_Eligible,4675.0
58.0,Male,Married,Post Graduate,81200.0,Private,2.5,Large Indian,Own,0.0,3,2,14100.0,7700.0,5600.0,16000.0,13600.0,Yes,16700.0,608.0,351600.0,120100.0,E-commerce Shopping EMI,193000.0,20,Not_Eligible,2100.0
32.0,Female,Married,Graduate,58500.0,Private,0.5,Startup,Rented,10100.0,3,2,0.0,0.0,3400.0,16600.0,9800.0,No,0.0,617.0,156400.0,66000.0,Vehicle EMI,387000.0,59,Not_Eligible,5952.0
27.0,Female,Single,Professional,56600.0,Private,0.5,Startup,Family,0.0,2,1,0.0,9800.0,5800.0,9600.0,10600.0,No,0.0,749.0,143600.0,33800.0,Education EMI,126000.0,38,Eligible,8320.0
32.0,Female,Married,Graduate,82200.0,Private,0.5,Startup,Rented,15800.0,4,3,0.0,14800.0,11000.0,15900.0,14800.0,Yes,18300.0,615.0,265300.0,144200.0,E-commerce Shopping EMI,11000.0,13,Not_Eligible,500.0
48.0,Male,Married,Graduate,63700.0,Private,0.5,MNC,Rented,13800.0,3,2,10200.0,18400.0,4400.0,19100.0,6000.0,Yes,15400.0,641.0,195700.0,94300.0,Home Appliances EMI,45000.0,6,Not_Eligible,500.0
27.0,Male,Single,Post Graduate,19500.0,Government,2.1,Large Indian,Own,0.0,2,1,5500.0,0.0,1300.0,3900.0,1900.0,No,0.0,742.0,28100.0,7600.0,Home Appliances EMI,184000.0,27,Not_Eligible,2760.0
38.0,Male,Married,Graduate,44000.0,Private,0.5,Startup,Family,0.0,4,3,4600.0,21300.0,5400.0,6600.0,7800.0,Yes,6200.0,704.0,267600.0,75200.0,E-commerce Shopping EMI,147000.0,4,Not_Eligible,500.0
38.0,Male,Married,Post Graduate,47500.0,Government,3.9,Startup,Family,0.0,4,3,6800.0,8900.0,6500.0,11500.0,8400.0,No,0.0,690.0,180700.0,58200.0,E-commerce Shopping EMI,10000.0,6,Eligible,2970.0
48.0,Male,Married,Graduate,78000.0,Government,9.2,Large Indian,Own,0.0,3,2,5500.0,20100.0,9600.0,13500.0,5500.0,No,0.0,750.0,119800.0,69900.0,Personal Loan EMI,398000.0,32,Not_Eligible,12566.4
32.0,M,Single,Graduate,64200.0,Government,6.6,Large Indian,Own,0.0,2,1,9000.0,19300.0,5400.0,9900.0,4100.0,Yes,7200.0,670.0,334900.0,146800.0,Personal Loan EMI,404000.0,42,Not_Eligible,3580.5
32.0,Female,Married,Graduate,55100.0,Private,1.6,Mid-size,Own,0.0,2,1,0.0,0.0,7000.0,15200.0,4600.0,Yes,15000.0,633.0,325800.0,138100.0,Vehicle EMI,843000.0,54,Not_Eligible,3724.0
38.0,Male,Married,,92700.0,Government,1.7,Large Indian,Rented,22800.0,3,2,14200.0,0.0,12000.0,26300.0,16600.0,Yes,25000.0,802.0,123300.0,42500.0,E-commerce Shopping EMI,132000.0,15,Not_Eligible,500.0
48.0,Male,Married,Graduate,62100.0,Government,3.0,MNC,Rented,11500.0,4,3,0.0,16200.0,7900.0,11300.0,3800.0,Yes,10200.0,595.0,379100.0,136900.0,E-commerce Shopping EMI,191000.0,15,Not_Eligible,500.0
48.0,Male,Married,Professional,41000.0,Private,5.0,Mid-size,Rented,7400.0,3,2,6700.0,0.0,5800.0,11000.0,3300.0,No,0.0,608.0,252100.0,102700.0,E-commerce Shopping EMI,187000.0,6,Not_Eligible,2992.0
32.0,Male,Married,Graduate,54300.0,Private,0.5,Small,Rented,10500.0,4,3,4200.0,13900.0,6400.0,13500.0,8900.0,Yes,7500.0,623.0,397200.0,118500.0,Personal Loan EMI,995000.0,12,Not_Eligible,500.0
48.0,Male,Married,Graduate,19100.0,Government,2.3,MNC,Rented,5600.0,5,4,0.0,9700.0,1000.0,5200.0,2400.0,Yes,5400.0,756.0,20000.0,10900.0,Personal Loan EMI,369000.0,16,Not_Eligible,500.0
32.0,Male,Single,High School,47500.0,Private,7.5,MNC,Rented,13200.0,3,2,12300.0,0.0,4700.0,8300.0,4900.0,Yes,12500.0,702.0,241000.0,120500.0,Vehicle EMI,435000.0,67,Not_Eligible,500.0
27.0,Female,Married,Graduate,60600.0,Government,2.7,MNC,Own,12433.0,3,2,0.0,14000.0,6500.0,16500.0,8100.0,Yes,9200.0,707.0,421800.0,197000.0,E-commerce Shopping EMI,25000.0,6,Not_Eligible,2425.5
38.0,Male,Married,Graduate,40200.0,Private,0.5,Startup,Family,0.0,3,2,2100.0,11100.0,4300.0,8800.0,4900.0,No,0.0,619.0,250400.0,140700.0,Vehicle EMI,915000.0,53,Not_Eligible,3168.0
38.0,Male,Married,Professional,54100.0,Private,16.0,Mid-size,Rented,14000.0,3,2,0.0,0.0,6200.0,10300.0,9800.0,No,0.0,850.0,348600.0,129900.0,Vehicle EMI,416000.0,37,Not_Eligible,9108.0
28.0,Female,Single,Post Graduate,47201.0,Private,1.1,MNC,Family,0.0,3,2,0.0,0.0,4800.0,7300.0,3700.0,No,0.0,729.0,250600.0,101700.0,Vehicle EMI,702000.0,32,Not_Eligible,15450.0
38.0,Female,Married,Professional,120400.0,Private,3.3,Large Indian,Own,0.0,4,3,14000.0,0.0,8300.0,25400.0,16300.0,Yes,18300.0,647.0,649500.0,341400.0,Education EMI,344000.0,16,Not_Eligible,10668.0
38.0,Male,Married,Professional,65400.0,Private,7.5,Startup,Own,0.0,4,3,0.0,0.0,5700.0,15300.0,5000.0,No,0.0,771.0,421100.0,149500.0,Education EMI,380000.0,24,Eligible,26004.0
32.0,Male,Single,Professional,77100.0,Private,3.9,MNC,Rented,25900.0,2,1,11300.0,0.0,6400.0,17600.0,6300.0,No,0.0,558.0,325900.0,154300.0,E-commerce Shopping EMI,132000.0,21,Not_Eligible,3840.0
32.0,Female,Married,High School,61700.0,Private,0.9,MNC,Rented,12400.0,2,1,9000.0,0.0,5700.0,12400.0,6200.0,No,0.0,774.0,143400.0,34400.0,Vehicle EMI,621000.0,69,Not_Eligible,7680.0
58.0,Male,Married,Graduate,50300.0,Self-employed,7.5,Large Indian,Own,0.0,3,2,0.0,20200.0,6700.0,10900.0,4300.0,No,0.0,734.0,105400.0,45200.0,Vehicle EMI,710000.0,61,Not_Eligible,3690.0
32.0,Male,Married,Graduate,62400.0,Self-employed,5.3,MNC,Family,0.0,2,1,0.0,0.0,4300.0,11700.0,4600.0,Yes,11300.0,748.0,476100.0,239200.0,Education EMI,389000.0,9,Not_Eligible,10568.25
38.0,Male,Single,Graduate,30700.0,Government,4.1,Mid-size,Family,0.0,2,1,0.0,0.0,2100.0,5200.0,5700.0,Yes,5100.0,617.0,179100.0,42500.0,E-commerce Shopping EMI,19000.0,22,Eligible,3880.8
38.0,Female,Married,Graduate,59400.0,Private,3.7,Large Indian,Family,0.0,4,3,14500.0,0.0,3000.0,16600.0,3500.0,Yes,15200.0,641.0,397500.0,84800.0,Home Appliances EMI,152000.0,32,Not_Eligible,2032.8
32.0,Female,Married,Post Graduate,46200.0,Private,0.5,Startup,Rented,9600.0,4,3,11800.0,21400.0,3600.0,12000.0,8400.0,Yes,12600.0,693.0,155200.0,41000.0,Vehicle EMI,992000.0,56,Not_Eligible,500.0
38.0,Female,Married,Professional,63400.0,Government,5.8,Large Indian,Rented,19400.0,2,1,0.0,7500.0,6100.0,12600.0,12600.0,No,0.0,728.0,297800.0,137800.0,Vehicle EMI,1.037e+06,15,Not_Eligible,2860.0
27.0,Female,Single,High School,21700.0,Private,0.5,Large Indian,Own,0.0,2,1,5100.0,7500.0,2200.0,4300.0,3400.0,Yes,6300.0,549.0,109100.0,57300.0,Education EMI,97000.0,44,Not_Eligible,500.0
38.0,Male,Married,Professional,70900.0,Private,3.4,Large Indian,Own,0.0,2,1,0.0,9300.0,6800.0,16600.0,10600.0,Yes,19700.0,644.0,252500.0,87500.0,Home Appliances EMI,289000.0,9,Not_Eligible,2212.0
32.0,Male,Single,Post Graduate,54800.0,Private,1.0,Startup,Own,0.0,1,0,0.0,0.0,4800.0,15800.0,4900.0,No,0.0,611.0,32800.0,18600.0,Education EMI,66000.0,26,Eligible,9376.0
27.0,Male,Married,Professional,38800.0,Private,0.7,MNC,Own,0.0,3,2,12000.0,0.0,3000.0,9900.0,4200.0,Yes,4900.0,669.0,308200.0,129900.0,E-commerce Shopping EMI,160000.0,18,Not_Eligible,1478.4
38.0,Female,Married,Graduate,82300.0,Private,4.4,MNC,Family,0.0,2,1,0.0,0.0,6500.0,17800.0,15000.0,No,0.0,713.0,204200.0,102300.0,Home Appliances EMI,266000.0,30,Eligible,21500.0
38.0,Female,Married,Professional,87500.0,Self-employed,0.8,Large Indian,Rented,30300.0,4,3,6700.0,0.0,12700.0,15400.0,16500.0,Yes,16600.0,712.0,411200.0,83400.0,Education EMI,494000.0,19,Not_Eligible,500.0
32.0,Male,Married,Post Graduate,93600.0,Private,2.2,MNC,Own,0.0,3,2,10200.0,0.0,11200.0,19500.0,6500.0,No,0.0,674.0,183500.0,60900.0,Education EMI,252000.0,47,Eligible,18480.0
32.0,Male,Married,Post Graduate,108900.0,Private,1.0,Startup,Own,0.0,4,3,0.0,7600.0,9400.0,26300.0,16800.0,No,0.0,697.0,183200.0,38000.0,Education EMI,220000.0,44,Eligible,19520.0
32.0,Female,Married,Post Graduate,60801.0,Private,2.0,Startup,Family,0.0,4,3,3600.0,14900.0,3300.0,14200.0,11600.0,No,0.0,704.0,433100.0,187700.0,Vehicle EMI,790000.0,41,Not_Eligible,7150.0
38.0,Male,Married,High School,77300.0,Private,9.3,Startup,Rented,15500.0,2,1,0.0,11500.0,10200.0,14500.0,11000.0,Yes,17900.0,669.0,42700.0,24300.0,Home Appliances EMI,220000.0,9,Not_Eligible,500.0
58.0,Female,Married,Professional,47600.0,Private,10.7,MNC,Family,0.0,3,2,14000.0,0.0,6100.0,8300.0,8200.0,Yes,9600.0,777.0,357300.0,159800.0,Personal Loan EMI,584000.0,44,Not_Eligible,646.8
58.0,Male,Married,Professional,83400.0,Government,7.3,MNC,Own,0.0,4,3,5700.0,15900.0,9400.0,23900.0,12400.0,Yes,18600.0,713.0,602700.0,227700.0,Home Appliances EMI,169000.0,35,Not_Eligible,500.0
38.0,Female,Married,Graduate,36900.0,Self-employed,0.5,MNC,Family,0.0,3,2,0.0,16000.0,4700.0,10100.0,4900.0,Yes,9600.0,0.0,116900.0,41300.0,Home Appliances EMI,224000.0,36,Not_Eligible,500.0
58.0,Male,Married,Post Graduate,61500.0,Private,7.9,MNC,Rented,18900.0,5,4,10600.0,17900.0,6200.0,17900.0,7000.0,No,0.0,697.0,226300.0,131000.0,Vehicle EMI,1.405e+06,82,Not_Eligible,500.0
32.0,Female,Married,Graduate,69300.0,Government,3.1,Large Indian,Family,0.0,4,3,6400.0,0.0,9600.0,16500.0,5400.0,No,0.0,641.0,105000.0,44200.0,Education EMI,118000.0,45,Eligible,11052.8
38.0,Male,Married,High School,30900.0,Private,0.5,Mid-size,Rented,10800.0,3,2,6400.0,0.0,3500.0,7000.0,4500.0,Yes,4900.0,590.0,125600.0,58500.0,Education EMI,109000.0,16,Not_Eligible,500.0
48.0,Male,Married,Post Graduate,23200.0,Private,1.5,Mid-size,Rented,4200.0,4,3,0.0,0.0,3500.0,5800.0,1200.0,No,0.0,770.0,59700.0,14900.0,Vehicle EMI,680000.0,35,Not_Eligible,5100.0
38.0,Male,Married,Graduate,26100.0,Private,1.6,Large Indian,Rented,8800.0,4,3,12800.0,5600.0,3800.0,4100.0,1600.0,No,0.0,633.0,187900.0,96600.0,E-commerce Shopping EMI,117000.0,9,Not_Eligible,500.0
48.0,Male,Single,High School,84400.0,Government,2.3,MNC,Own,0.0,1,0,0.0,0.0,10200.0,20400.0,11300.0,No,0.0,850.0,149700.0,58600.0,Education EMI,475000.0,33,High_Risk,20400.0
32.0,Female,Married,Post Graduate,113400.0,Private,0.8,MNC,Rented,32300.0,4,3,12500.0,0.0,8600.0,20800.0,11000.0,Yes,31200.0,720.0,500500.0,101300.0,Education EMI,112000.0,30,Not_Eligible,500.0
48.0,Female,Married,Post Graduate,47600.0,Private,5.4,Startup,Rented,13700.0,4,3,13300.0,5300.0,7100.0,10900.0,3800.0,No,0.0,737.0,24000.0,6800.0,Personal Loan EMI,843000.0,51,Not_Eligible,500.0
48.0,Male,Married,High School,71700.0,Government,1.5,Mid-size,Own,0.0,2,1,6900.0,0.0,9600.0,19300.0,8500.0,Yes,8300.0,659.0,287800.0,121100.0,E-commerce Shopping EMI,105000.0,7,Not_Eligible,6685.0
38.0,Male,Married,Post Graduate,82200.0,Private,0.5,Large Indian,Rented,18900.0,3,2,0.0,0.0,10800.0,19900.0,16200.0,No,0.0,665.0,163300.0,41900.0,E-commerce Shopping EMI,173000.0,24,Not_Eligible,5248.0
32.0,Female,Married,Post Graduate,34800.0,Private,4.9,MNC,Rented,5900.0,3,2,7800.0,14400.0,4100.0,9400.0,3300.0,No,0.0,709.0,135900.0,61800.0,E-commerce Shopping EMI,171000.0,14,Not_Eligible,500.0
27.0,Male,Single,Graduate,31000.0,Private,2.9,Large Indian,Own,0.0,3,2,8100.0,0.0,3000.0,4700.0,1600.0,No,0.0,721.0,90900.0,19700.0,Personal Loan EMI,487000.0,33,Not_Eligible,6800.0
32.0,Male,Single,High School,62500.0,Private,0.5,Startup,Rented,12200.0,1,0,0.0,0.0,5500.0,15500.0,4800.0,No,0.0,602.0,477300.0,192400.0,Vehicle EMI,936000.0,84,Not_Eligible,8624.0
38.0,Male,Married,Graduate,49800.0,Private,1.2,Startup,Own,0.0,4,3,0.0,0.0,3200.0,10600.0,6200.0,Yes,5000.0,583.0,138000.0,66500.0,Education EMI,336000.0,24,Not_Eligible,6944.0
38.0,Male,Married,Professional,37500.0,Private,1.8,Mid-size,Rented,11000.0,4,3,13400.0,0.0,4200.0,10300.0,2800.0,Yes,7500.0,573.0,223500.0,94300.0,Vehicle EMI,1.334e+06,22,Not_Eligible,500.0
48.0,Male,Married,Graduate,27600.0,Government,2.3,Mid-size,Family,0.0,2,1,0.0,0.0,1600.0,8200.0,4600.0,No,0.0,742.0,151000.0,67800.0,Home Appliances EMI,33000.0,7,Eligible,6600.0
32.0,Female,Married,Post Graduate,63300.0,Private,3.7,Large Indian,Rented,12800.0,4,3,6000.0,0.0,9400.0,12600.0,11500.0,No,0.0,698.0,136300.0,28500.0,Home Appliances EMI,111000.0,34,Eligible,5500.0
38.0,Male,Married,Graduate,19000.0,Private,1.1,MNC,Own,0.0,2,1,0.0,0.0,2500.0,5100.0,3700.0,No,0.0,736.0,151800.0,60500.0,Personal Loan EMI,350000.0,54,Not_Eligible,4235.0
27.0,Female,Single,High School,92100.0,Private,0.8,Small,Family,0.0,2,1,0.0,0.0,12600.0,26300.0,12400.0,Yes,24200.0,651.0,412000.0,98500.0,E-commerce Shopping EMI,21000.0,10,Eligible,4648.0
27.0,Female,Single,Graduate,15000.0,Private,1.0,Large Indian,Rented,3300.0,1,0,0.0,0.0,1300.0,4100.0,1600.0,Yes,3300.0,647.0,38100.0,18500.0,Personal Loan EMI,854000.0,60,Not_Eligible,500.0
38.0,Female,Single,Graduate,18400.0,Government,0.5,Large Indian,Own,0.0,1,0,0.0,0.0,1800.0,3500.0,3000.0,No,0.0,746.0,41900.0,8700.0,Vehicle EMI,1.484e+06,46,Not_Eligible,5050.0
58.0,Female,Married,Post Graduate,66200.0,Private,7.1,Startup,Rented,21000.0,4,3,0.0,0.0,5000.0,16700.0,6300.0,Yes,17300.0,724.0,488600.0,280700.0,Vehicle EMI,724000.0,54,Not_Eligible,500.0
27.0,Female,Single,Post Graduate,82300.0,Private,0.5,Large Indian,Own,0.0,1,0,0.0,0.0,11100.0,24500.0,6500.0,Yes,17700.0,641.0,165400.0,58400.0,Education EMI,209000.0,42,Not_Eligible,5040.0
32.0,Male,Married,Graduate,58700.0,Private,4.4,Large Indian,Rented,9700.0,3,2,9300.0,20300.0,5500.0,12500.0,4900.0,Yes,13200.0,611.0,247000.0,139200.0,Personal Loan EMI,247000.0,21,Not_Eligible,500.0
38.0,Male,Married,Post Graduate,95600.0,Private,1.8,Large Indian,Own,0.0,4,3,5600.0,13400.0,7300.0,21000.0,7100.0,Yes,22900.0,641.0,236100.0,112000.0,Personal Loan EMI,797000.0,24,Not_Eligible,5124.0
48.0,Male,Married,Graduate,72400.0,Private,3.5,Large Indian,Family,0.0,4,3,4800.0,0.0,5000.0,14700.0,13900.0,No,0.0,660.0,380000.0,149900.0,Home Appliances EMI,127000.0,12,Eligible,17000.0
48.0,Female,Single,Graduate,33700.0,Private,7.9,Large Indian,Own,0.0,1,0,0.0,0.0,3200.0,10100.0,2600.0,No,0.0,763.0,59500.0,26600.0,Home Appliances EMI,165000.0,12,Not_Eligible,8544.0
58.0,Male,Married,Graduate,53700.0,Private,5.4,Mid-size,Own,0.0,3,2,2800.0,0.0,7400.0,10700.0,7300.0,Yes,11600.0,756.0,228700.0,95600.0,Personal Loan EMI,229000.0,41,Not_Eligible,5838.0
32.0,Male,Married,Graduate,28000.0,Private,8.4,Mid-size,Rented,9400.0,3,2,0.0,6000.0,4000.0,8100.0,4800.0,No,0.0,850.0,204300.0,70300.0,Education EMI,416000.0,36,Not_Eligible,500.0
48.0,Female,Married,Post Graduate,56600.0,Government,11.2,MNC,Family,0.0,3,2,10100.0,0.0,5600.0,10200.0,5700.0,No,0.0,824.0,161500.0,66100.0,Vehicle EMI,947000.0,78,Not_Eligible,16500.0
27.0,Female,Single,Professional,30600.0,Private,2.4,MNC,Rented,6400.0,2,1,0.0,0.0,4100.0,5900.0,3700.0,No,0.0,721.0,30500.0,16300.0,Vehicle EMI,261000.0,67,Not_Eligible,4200.0
38.0,Female,Married,Graduate,66200.0,Private,2.8,Small,Rented,19900.0,3,2,8800.0,0.0,4300.0,17800.0,10200.0,Yes,19200.0,704.0,329100.0,192900.0,Education EMI,145000.0,7,Not_Eligible,500.0
32.0,Male,Married,Graduate,97500.0,Private,0.5,Startup,Own,0.0,3,2,10500.0,0.0,13700.0,29200.0,19400.0,Yes,16800.0,672.0,655000.0,142000.0,Personal Loan EMI,602000.0,29,Not_Eligible,2433.2
38.0,Male,Married,High School,81400.0,Private,0.5,MNC,Family,0.0,2,1,6300.0,0.0,5000.0,23400.0,8000.0,No,0.0,682.0,241000.0,50800.0,Personal Loan EMI,161000.0,26,Eligible,15480.0
58.0,Male,Married,Post Graduate,107300.0,Government,3.3,Startup,Own,0.0,3,2,0.0,0.0,8400.0,20900.0,13000.0,No,0.0,762.0,291700.0,131100.0,E-commerce Shopping EMI,132000.0,20,Eligible,42900.0
38.0,Male,Married,Graduate,68700.0,Private,13.5,MNC,Own,0.0,3,2,4200.0,21800.0,6200.0,12100.0,8700.0,Yes,13800.0,814.0,352500.0,173900.0,Personal Loan EMI,769000.0,29,Not_Eligible,798.0
38.0,Male,Married,Graduate,72800.0,Private,3.2,MNC,Family,0.0,4,3,0.0,0.0,6600.0,16800.0,7200.0,No,0.0,703.0,357400.0,170100.0,Vehicle EMI,691000.0,38,Not_Eligible,21100.0
32.0,Male,Married,Post Graduate,150800.0,Private,1.6,Mid-size,Own,0.0,4,3,9500.0,0.0,17900.0,27200.0,14300.0,No,0.0,773.0,1.0654e+06,565400.0,Vehicle EMI,1.49e+06,57,Eligible,54054.0
27.0,Female,Single,Graduate,63300.0,Private,2.1,Mid-size,Own,0.0,3,2,14500.0,0.0,3500.0,15000.0,3200.0,No,0.0,614.0,471900.0,189300.0,E-commerce Shopping EMI,34000.0,16,Eligible,11924.0
58.0,Female,Married,Graduate,39400.0,Private,3.2,Large Indian,Family,0.0,3,2,14300.0,12200.0,3800.0,11600.0,4600.0,Yes,11500.0,716.0,251900.0,100500.0,Vehicle EMI,1.142e+06,72,Not_Eligible,500.0
38.0,Male,Married,Professional,47800.0,Private,0.5,Mid-size,Rented,15700.0,2,1,2600.0,0.0,5600.0,7700.0,7200.0,No,0.0,850.0,310500.0,160000.0,Vehicle EMI,814000.0,15,Not_Eligible,4752.0
48.0,Male,Single,High School,25300.0,Private,4.9,Startup,Rented,5400.0,1,0,0.0,0.0,1300.0,6300.0,1400.0,No,0.0,735.0,134900.0,30400.0,Vehicle EMI,82000.0,52,Eligible,5450.0
27.0,Female,Single,Graduate,64800.0,Self-employed,0.9,Large Indian,Rented,15600.0,3,2,0.0,0.0,9300.0,11400.0,11100.0,No,0.0,687.0,446700.0,210300.0,Vehicle EMI,602000.0,23,Not_Eligible,8613.0
38.0,Male,Married,Graduate,22400.0,Private,2.9,Large Indian,Rented,7200.0,2,1,0.0,0.0,2100.0,6300.0,2100.0,No,0.0,773.0,39800.0,16500.0,E-commerce Shopping EMI,34000.0,14,Not_Eligible,2256.0
38.0,Male,Married,High School,39500.0,Private,0.5,Large Indian,Family,0.0,4,3,0.0,12300.0,5600.0,9000.0,3000.0,Yes,10100.0,643.0,66200.0,33800.0,E-commerce Shopping EMI,89000.0,11,Not_Eligible,500.0
38.0,Male,Married,Professional,82600.0,Private,2.9,Startup,Family,0.0,4,3,5500.0,0.0,6000.0,20800.0,12600.0,Yes,13400.0,661.0,292500.0,78800.0,Home Appliances EMI,141000.0,11,Not_Eligible,8505.0
32.0,Male,Married,,42100.0,Private,5.1,Large Indian,Family,0.0,4,3,0.0,11200.0,4100.0,8500.0,4700.0,No,0.0,679.0,308600.0,68800.0,Vehicle EMI,386000.0,34,Not_Eligible,7480.0
38.0,Male,Married,High School,29300.0,Private,3.1,MNC,Family,0.0,5,4,10600.0,20700.0,1900.0,7400.0,5600.0,No,0.0,662.0,67600.0,26900.0,Personal Loan EMI,888000.0,56,Not_Eligible,500.0
32.0,Male,Married,Graduate,38300.0,Government,0.5,Small,Family,0.0,5,4,0.0,0.0,2300.0,11200.0,5900.0,Yes,4200.0,735.0,43100.0,24000.0,Personal Loan EMI,578000.0,42,Not_Eligible,4116.0
38.0,Female,Married,Graduate,21200.0,Private,4.9,Large Indian,Own,0.0,3,2,14300.0,16200.0,1200.0,6100.0,4000.0,Yes,2600.0,554.0,133000.0,40600.0,E-commerce Shopping EMI,143000.0,12,Not_Eligible,500.0
32.0,Male,Single,Post Graduate,23400.0,Private,5.0,Startup,Own,0.0,2,1,0.0,0.0,2600.0,3900.0,1300.0,Yes,6000.0,616.0,161700.0,59100.0,Vehicle EMI,1.136e+06,23,Not_Eligible,2956.8
48.0,Male,Married,High School,26700.0,Private,20.7,Large Indian,Family,0.0,3,2,0.0,0.0,3700.0,4600.0,2000.0,No,0.0,695.0,162200.0,47900.0,Personal Loan EMI,284000.0,57,High_Risk,9020.0
32.0,Male,Married,Graduate,74100.0,Government,0.9,Startup,Family,0.0,3,2,0.0,0.0,7300.0,14400.0,13600.0,No,0.0,745.0,72500.0,15400.0,Home Appliances EMI,255000.0,11,Not_Eligible,15520.0
38.0,Female,Married,Post Graduate,100500.0,Private,2.8,Large Indian,Family,0.0,3,2,14000.0,0.0,5700.0,28900.0,19000.0,No,0.0,699.0,784700.0,404400.0,Home Appliances EMI,145000.0,14,Eligible,18095.0
48.0,Female,Married,Graduate,61400.0,Private,6.3,MNC,Rented,9400.0,2,1,0.0,0.0,5400.0,17100.0,5200.0,No,0.0,793.0,391900.0,182100.0,Personal Loan EMI,810000.0,49,Not_Eligible,16038.0
48.0,Female,Married,Graduate,73700.0,Private,1.4,MNC,Own,0.0,3,2,13600.0,0.0,9100.0,19100.0,14700.0,Yes,10300.0,682.0,242800.0,131400.0,Home Appliances EMI,84000.0,36,Not_Eligible,2415.0
32.0,Male,Single,Graduate,55200.0,Private,6.9,Startup,Family,0.0,2,1,0.0,0.0,6900.0,10900.0,2800.0,Yes,8600.0,614.0,342700.0,105800.0,Personal Loan EMI,540000.0,56,Not_Eligible,8008.0
38.0,Male,Married,Graduate,39500.0,Government,5.6,MNC,Rented,12400.0,3,2,0.0,17800.0,5300.0,10300.0,2600.0,Yes,9000.0,760.0,312100.0,175300.0,Education EMI,105000.0,22,Not_Eligible,500.0
32.0,Male,Married,Professional,116000.0,Government,2.9,MNC,Own,0.0,3,2,9500.0,0.0,6300.0,18000.0,17900.0,Yes,32300.0,671.0,863400.0,422000.0,E-commerce Shopping EMI,64000.0,4,Not_Eligible,12320.0
58.0,Female,Married,Graduate,59800.0,Private,2.8,Large Indian,Rented,9800.0,2,1,2400.0,15300.0,5000.0,14800.0,6000.0,Yes,7400.0,658.0,104800.0,25900.0,Education EMI,346000.0,40,Not_Eligible,500.0
38.0,Female,Married,Graduate,18200.0,Private,4.2,Large Indian,Rented,6200.0,3,2,3100.0,0.0,1300.0,3200.0,2800.0,Yes,4000.0,702.0,139800.0,58800.0,Vehicle EMI,1.431e+06,80,Not_Eligible,500.0
38.0,Female,Married,Post Graduate,26000.0,Self-employed,7.5,Large Indian,Own,0.0,2,1,2700.0,23200.0,1800.0,4500.0,3700.0,No,0.0,767.0,124300.0,67000.0,Vehicle EMI,658000.0,62,Not_Eligible,500.0
38.0,Male,Married,High School,27100.0,Private,2.8,Large Indian,Family,0.0,2,1,0.0,0.0,2100.0,4700.0,2200.0,No,0.0,641.0,202900.0,68700.0,E-commerce Shopping EMI,93000.0,7,Not_Eligible,7964.0
27.0,Female,Single,High School,29500.0,Government,0.5,MNC,Rented,6500.0,3,2,3200.0,0.0,3500.0,6400.0,5500.0,No,0.0,754.0,76000.0,42800.0,Personal Loan EMI,479000.0,53,Not_Eligible,2640.0
58.0,Female,Married,Post Graduate,71200.0,Private,12.5,Large Indian,Rented,21600.0,4,3,0.0,0.0,5000.0,11500.0,7800.0,No,0.0,731.0,68000.0,29400.0,Education EMI,354000.0,32,Not_Eligible,10120.0
58.0,Female,Married,Graduate,18000.0,Self-employed,0.7,Large Indian,Own,24665.0,3,2,9300.0,0.0,1600.0,4200.0,2100.0,Yes,5100.0,569.0,141500.0,43500.0,Education EMI,86000.0,47,Not_Eligible,500.0
32.0,Female,Married,Professional,69500.0,Self-employed,0.5,Mid-size,Family,0.0,3,2,11200.0,0.0,4000.0,19900.0,5100.0,Yes,20300.0,638.0,381400.0,133000.0,Personal Loan EMI,81000.0,47,Not_Eligible,2268.0
48.0,Male,Single,Professional,65900.0,Self-employed,13.8,Startup,Family,0.0,1,0,0.0,0.0,5600.0,14600.0,4700.0,No,0.0,745.0,117200.0,56600.0,Home Appliances EMI,287000.0,20,Not_Eligible,14760.0
48.0,female,Married,Professional,69100.0,Private,6.2,Mid-size,Own,0.0,3,2,0.0,0.0,7900.0,18300.0,9300.0,No,0.0,595.0,50400.0,10900.0,Home Appliances EMI,242000.0,34,Eligible,10752.0
38.0,Male,Married,Graduate,53900.0,Private,6.9,MNC,Family,0.0,4,3,9400.0,0.0,5700.0,15900.0,10000.0,Yes,11900.0,691.0,175200.0,100400.0,Personal Loan EMI,230000.0,33,Not_Eligible,500.0
58.0,Male,Married,Post Graduate,48700.0,Self-employed,10.1,MNC,Own,0.0,3,2,0.0,10700.0,4000.0,8100.0,5600.0,Yes,7100.0,669.0,235600.0,133600.0,Personal Loan EMI,338000.0,60,Not_Eligible,4158.0
48.0,Male,Married,Graduate,43400.0,Self-employed,23.1,MNC,Family,0.0,2,1,14100.0,24800.0,3100.0,9500.0,7200.0,Yes,8400.0,710.0,35400.0,9200.0,Home Appliances EMI,272000.0,17,Not_Eligible,500.0
32.0,Female,Married,Professional,54600.0,Private,9.1,MNC,Own,0.0,4,3,0.0,0.0,7800.0,13700.0,6400.0,Yes,11000.0,676.0,175400.0,57500.0,Vehicle EMI,1.32e+06,47,Not_Eligible,5495.0
32.0,Female,Married,Post Graduate,59000.0,Private,0.5,MNC,Family,0.0,3,2,12100.0,0.0,7600.0,15800.0,4600.0,Yes,16800.0,613.0,324400.0,180900.0,Vehicle EMI,143000.0,27,Not_Eligible,500.0
38.0,Female,Married,Professional,129300.0,Private,7.7,Mid-size,Own,24709.0,3,2,0.0,0.0,16200.0,34700.0,10300.0,No,0.0,693.0,462600.0,161900.0,Personal Loan EMI,756000.0,56,Eligible,34050.0
38.0,Male,Married,High School,50700.0,Government,3.5,Large Indian,Family,0.0,3,2,8200.0,0.0,6100.0,9700.0,5900.0,No,0.0,733.0,306000.0,170200.0,E-commerce Shopping EMI,198000.0,7,Not_Eligible,12584.0
32.0,Female,Married,Post Graduate,26000.0,Government,2.7,Mid-size,Own,0.0,2,1,0.0,0.0,3300.0,7100.0,3100.0,No,0.0,657.0,203500.0,65800.0,Home Appliances EMI,119000.0,24,High_Risk,6875.0
58.0,Male,Married,Post Graduate,79700.0,Private,36.0,Mid-size,Family,0.0,3,2,0.0,20200.0,11900.0,20900.0,11400.0,Yes,11100.0,617.0,235200.0,112900.0,E-commerce Shopping EMI,86000.0,7,Not_Eligible,1176.0
58.0,Female,Married,High School,25600.0,Private,1.5,MNC,Rented,7500.0,3,2,0.0,0.0,3100.0,4100.0,2400.0,Yes,7300.0,620.0,56800.0,15200.0,Education EMI,369000.0,35,Not_Eligible,500.0
32.0,Female,Married,Post Graduate,81200.0,Private,1.6,Small,Own,0.0,4,3,0.0,8100.0,7500.0,19700.0,8800.0,No,0.0,689.0,119900.0,62700.0,Education EMI,487000.0,42,High_Risk,14840.0
58.0,Female,Married,Professional,74700.0,Private,9.1,Mid-size,Rented,18300.0,2,1,10900.0,0.0,10900.0,18400.0,13600.0,No,0.0,742.0,317100.0,106800.0,E-commerce Shopping EMI,47000.0,9,Not_Eligible,1300.0
38.0,Male,Married,High School,14400.0,Private,3.3,Startup,Own,0.0,2,1,0.0,0.0,2100.0,3200.0,2700.0,No,0.0,,58900.0,13700.0,Education EMI,280000.0,29,Not_Eligible,3200.0
38.0,Female,Married,Graduate,97100.0,Government,6.0,MNC,Family,0.0,3,2,11400.0,24000.0,5200.0,23800.0,18200.0,Yes,15000.0,789.0,426700.0,253900.0,Home Appliances EMI,216000.0,14,Not_Eligible,500.0
38.0,Female,Married,Graduate,61000.0,Self-employed,2.9,Mid-size,Rented,11700.0,3,2,9800.0,22700.0,5500.0,9400.0,10900.0,Yes,9000.0,630.0,411200.0,189300.0,E-commerce Shopping EMI,169000.0,6,Not_Eligible,500.0
48.0,Female,Married,Post Graduate,51000.0,Private,2.1,MNC,Rented,10800.0,2,1,3500.0,0.0,4200.0,8200.0,7100.0,No,0.0,683.0,375900.0,154100.0,E-commerce Shopping EMI,23000.0,17,Eligible,9460.0
38.0,Male,Married,Professional,48900.0,Private,11.6,MNC,Own,0.0,3,2,0.0,20600.0,3200.0,12700.0,6100.0,No,0.0,811.0,28600.0,11000.0,E-commerce Shopping EMI,113000.0,18,Not_Eligible,3024.0
38.0,Female,Married,Graduate,21000.0,Private,3.1,Large Indian,Rented,4200.0,3,2,0.0,0.0,1100.0,5500.0,2500.0,No,0.0,664.0,77200.0,25100.0,E-commerce Shopping EMI,150000.0,12,Not_Eligible,3850.0
38.0,Male,Single,Professional,129800.0,Self-employed,16.0,Small,Rented,42000.0,1,0,0.0,0.0,9700.0,26800.0,11200.0,No,0.0,609.0,772200.0,267400.0,Home Appliances EMI,144000.0,27,Eligible,14436.0
27.0,Male,Single,Professional,56400.0,Government,1.0,Small,Own,0.0,1,0,0.0,0.0,5200.0,12300.0,3900.0,No,0.0,815.0,171400.0,77400.0,E-commerce Shopping EMI,141000.0,8,High_Risk,21000.0
38.0,Male,Single,Graduate,37000.0,Government,10.1,Startup,Family,0.0,1,0,0.0,0.0,5500.0,10300.0,6600.0,No,0.0,773.0,28500.0,12600.0,E-commerce Shopping EMI,40000.0,11,Eligible,7708.8
27.0,Male,Married,Professional,159200.0,Self-employed,5.0,Startup,Rented,43600.0,4,3,0.0,0.0,8400.0,43900.0,12000.0,No,0.0,661.0,424800.0,161400.0,Home Appliances EMI,182000.0,11,Eligible,23085.0
48.0,Female,Single,Professional,65000.0,Private,11.3,Large Indian,Rented,19200.0,1,0,0.0,0.0,9700.0,18700.0,5100.0,No,0.0,809.0,300700.0,87100.0,E-commerce Shopping EMI,103000.0,10,Not_Eligible,7380.0
38.0,Male,Married,Graduate,15000.0,Private,0.7,MNC,Own,0.0,5,4,0.0,0.0,1100.0,3300.0,2200.0,Yes,3200.0,641.0,22000.0,12600.0,Vehicle EMI,990000.0,82,Not_Eligible,931.84
58.0,Female,Married,Graduate,32800.0,Private,1.8,MNC,Own,0.0,3,2,12100.0,0.0,1900.0,6800.0,4500.0,Yes,6400.0,615.0,128100.0,31000.0,Personal Loan EMI,441000.0,35,Not_Eligible,500.0
32.0,Female,Married,Graduate,34800.0,Private,2.3,MNC,Rented,10300.0,3,2,0.0,0.0,5000.0,6400.0,5100.0,No,0.0,716.0,127300.0,35200.0,Personal Loan EMI,891000.0,20,Not_Eligible,4000.0
38.0,Male,Married,Graduate,26500.0,Self-employed,2.9,Startup,Rented,5200.0,2,1,6100.0,15900.0,1800.0,5500.0,5200.0,Yes,5900.0,663.0,32200.0,10800.0,Vehicle EMI,818000.0,66,Not_Eligible,500.0
32.0,M,Married,Graduate,58300.0,Private,2.2,Mid-size,Rented,17800.0,5,4,6400.0,8900.0,8100.0,12000.0,6300.0,Yes,14200.0,669.0,351900.0,71600.0,Education EMI,188000.0,7,Not_Eligible,500.0
32.0,Male,Married,Graduate,53500.0,Private,1.6,Large Indian,Family,0.0,2,1,7900.0,0.0,3000.0,9500.0,6100.0,No,0.0,668.0,205800.0,48700.0,Home Appliances EMI,235000.0,35,Eligible,13500.0
38.0,Male,Married,Post Graduate,39100.0,Private,12.1,Mid-size,Rented,7900.0,3,2,0.0,0.0,5300.0,6900.0,5800.0,Yes,10800.0,578.0,282500.0,64000.0,E-commerce Shopping EMI,177000.0,20,Not_Eligible,739.2
38.0,Male,Married,High School,35100.0,Private,11.0,Mid-size,Own,0.0,3,2,0.0,0.0,2800.0,9500.0,5100.0,Yes,10100.0,561.0,218600.0,115500.0,Home Appliances EMI,282000.0,29,Not_Eligible,2340.8
38.0,Female,Single,Graduate,44600.0,Government,0.8,Large Indian,Own,0.0,2,1,0.0,8000.0,3000.0,11200.0,7100.0,No,0.0,850.0,81900.0,19800.0,Personal Loan EMI,809000.0,23,Not_Eligible,7344.0
38.0,Male,Married,Post Graduate,55300.0,Private,2.0,Large Indian,Rented,13800.0,2,1,0.0,13800.0,6500.0,16600.0,10100.0,Yes,14700.0,595.0,134600.0,43800.0,Vehicle EMI,1.212e+06,25,Not_Eligible,500.0
48.0,Male,Married,Post Graduate,23400.0,Private,7.4,MNC,Own,0.0,2,1,5700.0,0.0,1900.0,7000.0,4100.0,Yes,6000.0,515.0,165000.0,86200.0,E-commerce Shopping EMI,16000.0,18,Not_Eligible,500.0
48.0,Male,Married,High School,60900.0,Private,11.4,Startup,Rented,11400.0,5,4,7800.0,14200.0,3100.0,17100.0,11800.0,Yes,15000.0,748.0,156200.0,78500.0,Education EMI,400000.0,47,Not_Eligible,500.0
48.0,Male,Married,Graduate,19500.0,Private,8.4,Large Indian,Rented,5200.0,4,3,0.0,0.0,1600.0,5100.0,1100.0,Yes,2900.0,712.0,68800.0,15400.0,Personal Loan EMI,267000.0,24,Not_Eligible,1260.0
58.0,Female,Single,High School,31900.0,Private,1.5,Startup,Own,0.0,2,1,2400.0,0.0,3900.0,5100.0,2400.0,Yes,5800.0,638.0,131800.0,26700.0,Personal Loan EMI,537000.0,36,Not_Eligible,3444.0
38.0,Male,Married,High School,92700.0,Private,1.5,Large Indian,Rented,19800.0,3,2,0.0,0.0,5000.0,19100.0,4800.0,Yes,11100.0,534.0,542800.0,288000.0,E-commerce Shopping EMI,86000.0,8,Not_Eligible,5757.5
32.0,Female,Married,Graduate,59600.0,Private,6.5,Startup,Own,0.0,4,3,4700.0,20500.0,4400.0,11600.0,7600.0,Yes,12600.0,730.0,311100.0,163000.0,Personal Loan EMI,282000.0,35,Not_Eligible,500.0
27.0,Female,Single,Professional,55200.0,Government,2.4,Large Indian,Own,0.0,2,1,0.0,7200.0,8100.0,13000.0,3200.0,No,0.0,698.0,213500.0,119800.0,Home Appliances EMI,25000.0,21,Eligible,11850.0
48.0,Female,Married,Graduate,42000.0,Private,8.9,Small,Own,0.0,3,2,0.0,0.0,3100.0,11500.0,6500.0,Yes,8200.0,533.0,289800.0,59000.0,Education EMI,122000.0,30,Not_Eligible,2444.75
32.0,Male,Married,High School,43300.0,Private,1.0,Startup,Own,0.0,4,3,3700.0,22900.0,2200.0,12600.0,3200.0,No,0.0,754.0,83900.0,46100.0,Vehicle EMI,412000.0,69,Not_Eligible,500.0
38.0,Male,Single,High School,75000.0,Private,7.2,Large Indian,Rented,24900.0,2,1,0.0,0.0,7100.0,17500.0,11000.0,No,0.0,808.0,248600.0,71600.0,Vehicle EMI,841000.0,34,Not_Eligible,8700.0
32.0,Female,Single,Graduate,20900.0,Private,2.3,Mid-size,Own,0.0,1,0,0.0,0.0,2400.0,3200.0,2500.0,No,0.0,679.0,72800.0,23500.0,Home Appliances EMI,216000.0,29,Not_Eligible,6400.0
48.0,Male,Married,Post Graduate,61000.0,Private,26.0,MNC,Own,0.0,4,3,11100.0,0.0,8600.0,16900.0,5100.0,No,0.0,625.0,148400.0,56900.0,Vehicle EMI,1.497e+06,14,Not_Eligible,7720.0
32.0,Male,Married,Post Graduate,46200.0,Private,1.5,Mid-size,Own,0.0,3,2,0.0,0.0,5000.0,10300.0,5700.0,No,0.0,733.0,272400.0,110000.0,Vehicle EMI,592000.0,35,Not_Eligible,12600.0
32.0,Male,Married,Post Graduate,67500.0,Self-employed,3.7,MNC,Own,0.0,4,3,0.0,0.0,9100.0,15600.0,6400.0,Yes,20200.0,646.0,499800.0,134800.0,Personal Loan EMI,68000.0,30,Eligible,4490.64
58.0,Male,Married,Graduate,57300.0,Government,6.5,Large Indian,Rented,15400.0,3,2,0.0,25000.0,5100.0,15200.0,8200.0,Yes,15600.0,745.0,392900.0,86000.0,Education EMI,147000.0,43,Not_Eligible,500.0
38.0,Female,Married,Post Graduate,86600.0,Government,0.5,Large Indian,Family,0.0,2,1,0.0,0.0,5800.0,17800.0,4400.0,Yes,11200.0,592.0,,67700.0,Home Appliances EMI,137000.0,13,Not_Eligible,10617.6
48.0,Female,Married,High School,79100.0,Private,2.6,Startup,Own,0.0,3,2,12100.0,0.0,5800.0,17800.0,12100.0,No,0.0,650.0,609800.0,328000.0,Home Appliances EMI,41000.0,6,Eligible,17215.0
38.0,Female,Married,Graduate,50700.0,Government,3.1,MNC,Rented,17400.0,3,2,0.0,0.0,6600.0,8500.0,3600.0,Yes,5500.0,755.0,254400.0,76600.0,Home Appliances EMI,63000.0,12,Not_Eligible,4204.2
32.0,Female,Married,Graduate,30300.0,Private,6.1,Mid-size,Rented,7900.0,2,1,13300.0,0.0,4400.0,7800.0,2900.0,Yes,6900.0,650.0,223200.0,73600.0,E-commerce Shopping EMI,95000.0,7,Not_Eligible,500.0
48.0,Male,Married,High School,52200.0,Private,0.8,Small,Rented,9200.0,5,4,9100.0,13700.0,3500.0,11600.0,9200.0,No,0.0,702.0,108700.0,64100.0,Vehicle EMI,1.5e+06,17,Not_Eligible,500.0
48.0,Male,Married,Graduate,18000.0,Government,16.8,Mid-size,Own,0.0,4,3,6600.0,0.0,1500.0,5200.0,2200.0,No,0.0,825.0,43600.0,15900.0,E-commerce Shopping EMI,66000.0,6,Not_Eligible,1650.0
58.0,Male,Married,Post Graduate,99300.0,Private,7.9,Large Indian,Rented,30800.0,3,2,14100.0,0.0,10600.0,29000.0,13300.0,No,0.0,765.0,617900.0,317100.0,Education EMI,71000.0,43,Not_Eligible,990.0
32.0,Female,Married,Graduate,90900.0,Government,2.8,Mid-size,Rented,28300.0,3,2,2900.0,0.0,5500.0,14100.0,17300.0,Yes,10300.0,645.0,624500.0,253900.0,Home Appliances EMI,170000.0,36,Not_Eligible,3850.0
32.0,Male,Married,Graduate,22200.0,Private,1.6,Large Indian,Own,0.0,4,3,12100.0,0.0,2700.0,4100.0,3600.0,No,0.0,746.0,21700.0,6000.0,Personal Loan EMI,573000.0,39,Not_Eligible,500.0
58.0,Male,Married,Post Graduate,43500.0,Private,7.5,MNC,Rented,11800.0,2,1,8500.0,18400.0,6200.0,7900.0,6200.0,Yes,5600.0,681.0,121600.0,34100.0,Vehicle EMI,582000.0,62,Not_Eligible,500.0
38.0,Female,Single,Graduate,68300.0,Private,0.7,Startup,Own,0.0,2,1,6700.0,9100.0,5000.0,11300.0,6300.0,No,0.0,715.0,347700.0,172000.0,E-commerce Shopping EMI,113000.0,23,Eligible,11960.0
48.0,Male,Married,Graduate,52600.0,Private,1.1,Large Indian,Own,0.0,5,4,14700.0,0.0,3200.0,15000.0,5900.0,No,0.0,683.0,335500.0,159300.0,Home Appliances EMI,121000.0,16,Not_Eligible,7590.0
38.0,Male,Married,High School,47700.0,Private,0.5,Startup,Family,0.0,4,3,5900.0,0.0,3700.0,14300.0,9000.0,No,0.0,649.0,287800.0,137400.0,Home Appliances EMI,49000.0,18,Eligible,5209.6
48.0,Female,Married,Post Graduate,69000.0,Government,21.4,Mid-size,Rented,14500.0,3,2,10600.0,0.0,9900.0,12000.0,7600.0,Yes,14500.0,758.0,114200.0,62600.0,Home Appliances EMI,202000.0,7,Not_Eligible,500.0
58.0,Female,Married,Post Graduate,30400.0,Private,5.8,MNC,Family,0.0,4,3,0.0,0.0,4000.0,7600.0,4700.0,No,0.0,755.0,237800.0,65200.0,Vehicle EMI,621000.0,84,Not_Eligible,9306.0
48.0,Male,Married,Professional,136800.0,Private,4.9,MNC,Own,0.0,3,2,6400.0,0.0,20000.0,22900.0,8600.0,No,0.0,760.0,1.0602e+06,596000.0,E-commerce Shopping EMI,144000.0,12,Eligible,52074.0
58.0,Female,Married,Graduate,18000.0,Government,7.4,Large Indian,Family,0.0,4,3,0.0,0.0,1200.0,3200.0,3100.0,No,0.0,816.0,51100.0,24100.0,Personal Loan EMI,899000.0,26,Not_Eligible,6930.0
27.0,Male,Single,Post Graduate,71600.0,Self-employed,5.0,MNC,Rented,20400.0,2,1,9000.0,0.0,4100.0,12600.0,6600.0,No,0.0,731.0,506600.0,103200.0,Personal Loan EMI,592000.0,26,Not_Eligible,9355.5
38.0,Female,Married,Post Graduate,69100.0,Self-employed,7.3,MNC,Rented,10700.0,2,1,3600.0,0.0,5100.0,11000.0,11600.0,Yes,11500.0,614.0,355600.0,114300.0,Personal Loan EMI,274000.0,20,Not_Eligible,3931.2
58.0,Male,Married,Graduate,67500.0,Private,1.0,Mid-size,Rented,17200.0,4,3,0.0,0.0,9600.0,12100.0,3600.0,No,0.0,713.0,197300.0,80300.0,Education EMI,228000.0,25,High_Risk,12500.0
32.0,Male,Single,Post Graduate,69500.0,Government,2.4,MNC,Rented,21500.0,1,0,0.0,0.0,7100.0,11500.0,4900.0,No,0.0,802.0,300700.0,96400.0,Home Appliances EMI,274000.0,26,High_Risk,14700.0
58.0,Female,Single,Post Graduate,101000.0,Government,9.7,MNC,Own,0.0,2,1,2500.0,0.0,14300.0,17900.0,10800.0,No,0.0,783.0,393200.0,196000.0,Personal Loan EMI,131000.0,24,Eligible,36630.0
32.0,Male,Married,Graduate,30100.0,Private,0.8,MNC,Own,0.0,4,3,3600.0,0.0,3300.0,7800.0,4300.0,No,0.0,638.0,118300.0,52700.0,Personal Loan EMI,893000.0,55,Not_Eligible,3552.0
48.0,Male,Married,Graduate,49200.0,Government,17.5,Startup,Own,0.0,3,2,0.0,0.0,5400.0,14100.0,3500.0,Yes,5200.0,779.0,54800.0,24800.0,E-commerce Shopping EMI,166000.0,8,Not_Eligible,7761.6
48.0,Female,Married,Post Graduate,82300.0,Private,2.8,Large Indian,Rented,26300.0,5,4,0.0,20000.0,9000.0,17900.0,16300.0,Yes,22400.0,708.0,345200.0,99600.0,E-commerce Shopping EMI,192000.0,16,Not_Eligible,500.0
48.0,Male,Married,Post Graduate,66800.0,Private,6.9,Startup,Own,0.0,3,2,14600.0,6300.0,3900.0,14500.0,6200.0,No,0.0,732.0,524600.0,232300.0,E-commerce Shopping EMI,197000.0,16,Not_Eligible,11715.0
38.0,Male,Married,Graduate,57000.0,Government,4.9,MNC,Rented,12200.0,4,3,0.0,0.0,3500.0,13700.0,10600.0,No,0.0,784.0,389100.0,165200.0,Vehicle EMI,1.006e+06,23,Not_Eligible,12342.0
32.0,Male,Single,High School,78300.0,Private,2.6,MNC,Family,0.0,3,2,7800.0,0.0,9200.0,14500.0,5700.0,No,0.0,601.0,484500.0,257700.0,Home Appliances EMI,220000.0,19,Eligible,18084.0
27.0,Male,Single,Professional,39600.0,Private,4.1,Large Indian,Own,0.0,1,0,0.0,0.0,3400.0,11800.0,7800.0,No,0.0,677.0,88700.0,52700.0,Education EMI,176000.0,47,Eligible,8300.0
38.0,Female,Married,Post Graduate,29300.0,Private,6.7,MNC,Own,0.0,4,3,13400.0,0.0,3100.0,5800.0,5200.0,No,0.0,650.0,185200.0,47500.0,Vehicle EMI,499000.0,22,Not_Eligible,990.0
32.0,Female,Single,Graduate,29400.0,Government,2.8,Startup,Family,0.0,1,0,0.0,0.0,3200.0,8000.0,2600.0,Yes,8100.0,786.0,183800.0,54700.0,Education EMI,376000.0,10,Not_Eligible,3465.0
27.0,Male,Married,Professional,67300.0,Government,2.9,Large Indian,Family,0.0,2,1,12000.0,0.0,4800.0,17200.0,7000.0,No,0.0,749.0,507000.0,113900.0,Home Appliances EMI,99000.0,10,Eligible,14465.0
38.0,Female,Married,Post Graduate,123200.0,Government,16.0,Large Indian,Family,0.0,3,2,4700.0,8700.0,14900.0,27900.0,22400.0,Yes,14400.0,764.0,549300.0,173800.0,Vehicle EMI,957000.0,28,Not_Eligible,13952.4
48.0,Male,Married,Graduate,45300.0,Private,14.7,Startup,Family,0.0,4,3,12200.0,13000.0,5100.0,8300.0,3400.0,Yes,12900.0,624.0,353600.0,172700.0,Education EMI,133000.0,32,Not_Eligible,500.0
48.0,Male,Married,Professional,73200.0,Private,4.9,Startup,Own,0.0,4,3,11200.0,0.0,9800.0,20300.0,8200.0,No,0.0,683.0,370400.0,103200.0,Home Appliances EMI,132000.0,15,High_Risk,11850.0
38.0,Male,Single,Graduate,55400.0,Private,1.4,MNC,Rented,18400.0,1,0,0.0,0.0,6000.0,11900.0,10700.0,Yes,10500.0,726.0,250900.0,94800.0,Vehicle EMI,118000.0,57,Not_Eligible,500.0
32.0,Male,Married,High School,32900.0,Private,1.3,Startup,Family,0.0,3,2,11400.0,0.0,4200.0,5600.0,3700.0,No,0.0,704.0,45800.0,20900.0,Personal Loan EMI,77000.0,20,Not_Eligible,3200.0
58.0,Female,Married,High School,25600.0,Government,7.6,Small,Own,0.0,4,3,0.0,14700.0,2200.0,5400.0,2800.0,Yes,4400.0,713.0,170600.0,66000.0,E-commerce Shopping EMI,59000.0,8,Not_Eligible,500.0
27.0,Female,Single,Graduate,15000.0,Private,1.2,Mid-size,Rented,4300.0,3,2,5700.0,0.0,1600.0,4100.0,2500.0,Yes,3900.0,731.0,94800.0,32200.0,E-commerce Shopping EMI,93000.0,15,Not_Eligible,500.0
27.0,Female,Married,Graduate,53100.0,Private,0.9,Large Indian,Own,0.0,3,2,14200.0,0.0,7600.0,10700.0,7300.0,Yes,10000.0,610.0,92700.0,55100.0,Personal Loan EMI,64000.0,22,Not_Eligible,591.36
32.0,Female,Single,Professional,46100.0,Private,10.0,Mid-size,Rented,13400.0,2,1,0.0,15500.0,2900.0,13800.0,4300.0,Yes,8500.0,728.0,204700.0,77100.0,Vehicle EMI,934000.0,59,Not_Eligible,500.0
38.0,Male,Married,High School,25400.0,Government,3.0,Large Indian,Rented,7200.0,2,1,13400.0,0.0,2600.0,4900.0,1800.0,No,0.0,661.0,185700.0,62900.0,Education EMI,423000.0,35,Not_Eligible,500.0
48.0,Female,Married,Graduate,69000.0,Government,2.5,MNC,Rented,17600.0,4,3,0.0,0.0,6800.0,18000.0,8700.0,No,0.0,850.0,203600.0,44100.0,Home Appliances EMI,176000.0,33,Eligible,10740.0
32.0,Female,Married,Professional,96600.0,Private,5.6,MNC,Rented,29500.0,4,3,10500.0,19700.0,13300.0,28900.0,10700.0,No,0.0,691.0,185200.0,,Education EMI,253000.0,34,Not_Eligible,500.0
32.0,Male,Single,Graduate,78100.0,Private,3.1,MNC,Rented,13500.0,1,0,0.0,0.0,5400.0,12800.0,12300.0,No,0.0,717.0,373800.0,193100.0,E-commerce Shopping EMI,39000.0,24,Eligible,17050.0
48.0,Male,Married,Post Graduate,56900.0,Private,6.6,Mid-size,Rented,16000.0,2,1,0.0,13800.0,3800.0,14300.0,10800.0,Yes,6600.0,773.0,75100.0,40000.0,E-commerce Shopping EMI,100000.0,12,Not_Eligible,500.0
31.0,Female,Married,Graduate,84994.0,Private,4.2,MNC,Family,0.0,4,3,14100.0,0.0,6000.0,25000.0,10800.0,No,0.0,715.0,363600.0,97300.0,Home Appliances EMI,66000.0,14,Eligible,14950.0
48.0,Male,Married,High School,22000.0,Self-employed,1.0,MNC,Family,0.0,4,3,4300.0,0.0,1800.0,6600.0,2000.0,No,0.0,747.0,55600.0,19400.0,Home Appliances EMI,174000.0,34,Not_Eligible,3285.0
48.0,Female,Married,Professional,179400.0,Private,11.0,MNC,Rented,49000.0,3,2,12500.0,0.0,9800.0,49000.0,15500.0,No,0.0,713.0,1.1652e+06,579500.0,Vehicle EMI,956000.0,69,Eligible,23980.0
32.0,Female,Single,Graduate,33700.0,Private,5.0,Startup,Own,0.0,1,0,0.0,0.0,2100.0,6600.0,4200.0,No,0.0,594.0,36900.0,15000.0,E-commerce Shopping EMI,78000.0,21,Eligible,6656.0
33.0,Female,Single,High School,29108.0,Government,9.0,Small,Own,0.0,1,0,0.0,0.0,3900.0,5700.0,5800.0,No,0.0,748.0,212500.0,80500.0,Personal Loan EMI,256000.0,28,Not_Eligible,9075.0
48.0,Male,Married,Graduate,38400.0,Private,0.5,Startup,Rented,12800.0,2,1,0.0,0.0,3500.0,11500.0,6100.0,Yes,9900.0,1200.0,146100.0,69400.0,E-commerce Shopping EMI,171000.0,24,Not_Eligible,500.0
32.0,Female,Married,Graduate,55800.0,Private,2.3,Mid-size,Rented,15300.0,2,1,4400.0,0.0,7300.0,16300.0,3000.0,Yes,11200.0,534.0,428200.0,136000.0,E-commerce Shopping EMI,137000.0,8,Not_Eligible,500.0
48.0,Male,Married,Professional,129400.0,Government,12.2,Large Indian,Family,0.0,4,3,0.0,0.0,13800.0,29500.0,15400.0,Yes,30500.0,787.0,994500.0,501800.0,E-commerce Shopping EMI,157000.0,7,Not_Eligible,20429.64
58.0,Male,Married,Graduate,62500.0,Private,4.5,Large Indian,Family,0.0,2,1,0.0,0.0,8200.0,16000.0,8400.0,Yes,15100.0,659.0,260200.0,128300.0,Personal Loan EMI,144000.0,60,Eligible,5180.0
27.0,Male,Married,Graduate,54100.0,Private,1.0,Large Indian,Rented,14900.0,4,3,5900.0,21400.0,6400.0,13800.0,10000.0,No,0.0,688.0,162700.0,68800.0,E-commerce Shopping EMI,197000.0,9,Not_Eligible,500.0
32.0,Male,Single,Post Graduate,23400.0,Private,5.0,Large Indian,Own,0.0,3,2,5700.0,22100.0,3200.0,6800.0,2500.0,No,0.0,755.0,33800.0,7800.0,Personal Loan EMI,672000.0,16,Not_Eligible,500.0
27.0,Female,Single,Graduate,47700.0,Private,3.2,Startup,Rented,8800.0,2,1,0.0,15500.0,3400.0,7300.0,8600.0,Yes,6800.0,589.0,296300.0,169000.0,E-commerce Shopping EMI,45000.0,10,Not_Eligible,500.0
32.0,Male,Single,Graduate,63400.0,Private,4.6,Large Indian,Family,0.0,1,0,0.0,0.0,4000.0,18900.0,12500.0,No,0.0,762.0,410300.0,151000.0,Personal Loan EMI,172000.0,49,Eligible,18480.0
48.0,Male,Married,Post Graduate,25600.0,Government,24.0,Large Indian,Family,0.0,3,2,13600.0,0.0,2400.0,5300.0,2200.0,No,0.0,839.0,196000.0,56900.0,Education EMI,150000.0,24,Not_Eligible,1524.6
32.0,Male,Married,Post Graduate,119000.0,Government,0.8,Large Indian,Rented,39200.0,3,2,6800.0,0.0,13400.0,33700.0,14900.0,No,0.0,850.0,76700.0,40100.0,E-commerce Shopping EMI,25000.0,23,Eligible,5280.0
58.0,Male,Married,Post Graduate,128300.0,Government,0.5,Small,Own,18455.0,2,1,0.0,0.0,6900.0,38400.0,22200.0,Yes,17200.0,716.0,675600.0,263700.0,E-commerce Shopping EMI,69000.0,8,Eligible,15260.0
38.0,Male,Married,Professional,30000.0,Private,4.5,Startup,Own,0.0,2,1,13400.0,0.0,2600.0,8600.0,2700.0,No,0.0,631.0,223500.0,114400.0,Home Appliances EMI,36000.0,22,Not_Eligible,1188.0
58.0,Female,Married,Graduate,49400.0,Private,7.7,MNC,Own,0.0,3,2,0.0,0.0,4700.0,13900.0,3400.0,Yes,14400.0,679.0,250300.0,134600.0,Education EMI,204000.0,47,Not_Eligible,4550.0
38.0,Female,Married,Post Graduate,52300.0,Government,6.8,Large Indian,Rented,13700.0,2,1,0.0,24900.0,6900.0,15100.0,10200.0,No,0.0,775.0,194300.0,64600.0,E-commerce Shopping EMI,148000.0,8,Not_Eligible,500.0
32.0,Male,Married,High School,50300.0,Private,7.4,Large Indian,Family,,3,2,0.0,0.0,4800.0,13500.0,4700.0,No,0.0,769.0,305200.0,75400.0,E-commerce Shopping EMI,32000.0,10,Eligible,18018.0
48.0,Male,Married,Post Graduate,43700.0,Self-employed,2.8,MNC,Own,0.0,4,3,7100.0,19500.0,4000.0,11200.0,3800.0,No,0.0,669.0,38800.0,16400.0,Personal Loan EMI,931000.0,20,Not_Eligible,500.0
38.0,Male,Married,Professional,66500.0,Private,8.9,Mid-size,Own,0.0,4,3,7300.0,0.0,4900.0,12100.0,5300.0,No,0.0,723.0,154200.0,59200.0,Home Appliances EMI,95000.0,7,Eligible,18450.0
32.0,MALE,Married,High School,33800.0,Private,0.5,Startup,Own,0.0,4,3,4900.0,0.0,3100.0,5900.0,3000.0,Yes,6200.0,640.0,244700.0,124400.0,E-commerce Shopping EMI,175000.0,18,Not_Eligible,2636.48
58.0,Female,Married,High School,15500.0,Private,0.9,Large Indian,Family,0.0,2,1,0.0,0.0,1200.0,3200.0,2800.0,No,0.0,649.0,120000.0,61300.0,Education EMI,130000.0,45,Not_Eligible,2921.6
48.0,Male,Married,Professional,74800.0,Private,2.9,Large Indian,Rented,14800.0,5,4,0.0,0.0,9900.0,17700.0,4200.0,No,0.0,679.0,356300.0,166500.0,Vehicle EMI,1.228e+06,30,Not_Eligible,14100.0
38.0,Male,Married,Graduate,26400.0,Private,8.8,Large Indian,Rented,7400.0,3,2,10900.0,0.0,3000.0,6200.0,4800.0,No,0.0,771.0,138200.0,32000.0,Home Appliances EMI,175000.0,16,Not_Eligible,500.0
48.0,Female,Married,Post Graduate,79000.0,Government,17.8,Large Indian,Own,0.0,3,2,10600.0,0.0,6700.0,22900.0,6200.0,No,0.0,850.0,630300.0,371400.0,E-commerce Shopping EMI,112000.0,8,Eligible,23667.6
38.0,Male,Married,Graduate,61100.0,Self-employed,14.0,Startup,Family,0.0,4,3,0.0,0.0,8700.0,11500.0,8300.0,No,0.0,686.0,154200.0,56500.0,Personal Loan EMI,989000.0,60,Not_Eligible,14670.0
38.0,Male,Married,High School,35600.0,Private,0.7,Startup,Rented,7500.0,2,1,8900.0,0.0,3300.0,10500.0,4500.0,Yes,7800.0,663.0,40100.0,23200.0,Personal Loan EMI,383000.0,38,Not_Eligible,500.0
48.0,Male,Married,Graduate,75200.0,Government,5.4,Mid-size,Rented,23000.0,4,3,0.0,0.0,10400.0,19300.0,9400.0,No,0.0,724.0,210300.0,75200.0,E-commerce Shopping EMI,87000.0,12,Not_Eligible,7205.0
32.0,Female,Single,Post Graduate,48500.0,Government,1.3,Mid-size,Family,0.0,3,2,0.0,0.0,3600.0,14400.0,9100.0,Yes,6300.0,808.0,151200.0,32900.0,Education EMI,79000.0,44,Eligible,6342.0
58.0,Female,Married,Graduate,63500.0,Government,36.0,Large Indian,Rented,10800.0,3,2,0.0,0.0,6600.0,9800.0,6900.0,Yes,17700.0,1200.0,494800.0,121900.0,Personal Loan EMI,817000.0,41,Not_Eligible,4954.95
38.0,Female,Married,Professional,59700.0,Government,1.9,MNC,Rented,18200.0,3,2,5300.0,0.0,3500.0,10200.0,8800.0,No,0.0,758.0,101400.0,22500.0,Vehicle EMI,165000.0,69,Eligible,6576.0
48.0,Male,Married,High School,37500.0,Private,0.6,Mid-size,Family,0.0,2,1,6500.0,0.0,4000.0,6900.0,5900.0,Yes,5500.0,754.0,217800.0,127500.0,Vehicle EMI,417000.0,45,Not_Eligible,2923.2
48.0,Male,Married,Post Graduate,33000.0,Private,9.3,Mid-size,Family,0.0,5,4,9300.0,0.0,3300.0,5400.0,6200.0,Yes,9100.0,655.0,154400.0,70400.0,E-commerce Shopping EMI,119000.0,3,Not_Eligible,500.0
32.0,Male,Married,Post Graduate,72700.0,Self-employed,7.8,MNC,Own,0.0,5,4,2300.0,0.0,6800.0,12800.0,4600.0,Yes,18100.0,688.0,157700.0,74600.0,Home Appliances EMI,270000.0,27,Not_Eligible,8851.5
38.0,Male,Married,Graduate,44700.0,Government,10.7,Large Indian,Rented,9300.0,4,3,9000.0,0.0,4600.0,7300.0,7300.0,No,0.0,702.0,259200.0,101200.0,Education EMI,416000.0,46,Not_Eligible,3960.0
38.0,Male,Married,Graduate,34900.0,Government,16.0,Small,Family,0.0,3,2,8500.0,0.0,4800.0,6600.0,5000.0,Yes,5200.0,703.0,162500.0,75100.0,E-commerce Shopping EMI,62000.0,4,Not_Eligible,1848.0
58.0,Male,Married,Professional,55500.0,Government,3.8,Mid-size,Rented,9000.0,5,4,0.0,6300.0,7900.0,11300.0,3900.0,No,0.0,806.0,390900.0,102900.0,Education EMI,200000.0,48,Eligible,12414.6
48.0,Female,Married,Graduate,79300.0,Private,3.2,MNC,Family,0.0,3,2,10400.0,11400.0,8400.0,21600.0,9200.0,No,0.0,674.0,344100.0,132300.0,Home Appliances EMI,172000.0,35,Eligible,9150.0
27.0,Male,Single,Graduate,51100.0,Private,0.5,MNC,Own,0.0,2,1,4200.0,0.0,3800.0,14700.0,7100.0,No,0.0,645.0,224000.0,133600.0,E-commerce Shopping EMI,94000.0,17,High_Risk,6816.0
38.0,Female,Married,Post Graduate,23000.0,Private,15.4,Large Indian,Family,0.0,4,3,8200.0,0.0,1600.0,5000.0,3700.0,No,0.0,704.0,182000.0,98700.0,E-commerce Shopping EMI,158000.0,4,Not_Eligible,2475.0
58.0,Male,Married,Post Graduate,132500.0,Government,17.5,Mid-size,Own,0.0,2,1,11700.0,0.0,12700.0,27000.0,24500.0,Yes,20200.0,593.0,803200.0,211500.0,E-commerce Shopping EMI,133000.0,23,Eligible,12332.32
27.0,Male,Married,High School,30200.0,Private,5.0,Large Indian,Family,0.0,2,1,2600.0,0.0,1600.0,8500.0,2700.0,Yes,5900.0,630.0,136000.0,57600.0,E-commerce Shopping EMI,196000.0,5,Not_Eligible,2492.0
27.0,Male,Married,Post Graduate,42300.0,Government,0.5,Startup,Rented,7400.0,4,3,0.0,19900.0,3700.0,10800.0,7300.0,No,0.0,732.0,232600.0,82000.0,Personal Loan EMI,267000.0,41,Not_Eligible,500.0
38.0,Female,Married,Graduate,27100.0,Private,2.8,Mid-size,Own,0.0,3,2,8400.0,0.0,1400.0,7300.0,2300.0,No,0.0,722.0,38800.0,13400.0,Personal Loan EMI,721000.0,50,Not_Eligible,3080.0
38.0,Female,Married,Graduate,33700.0,Self-employed,1.6,Mid-size,Rented,6500.0,5,4,5000.0,0.0,4800.0,10000.0,4300.0,No,0.0,753.0,237200.0,99700.0,Personal Loan EMI,707000.0,21,Not_Eligible,1841.4
38.0,Female,Married,Graduate,27400.0,Private,6.8,MNC,Family,0.0,3,2,0.0,0.0,3900.0,7100.0,5200.0,Yes,8000.0,633.0,97800.0,,Education EMI,303000.0,27,Not_Eligible,896.0
27.0,Female,Single,Post Graduate,50100.0,Private,1.4,Mid-size,Family,0.0,3,2,4900.0,0.0,2500.0,7600.0,6300.0,Yes,6700.0,571.0,326600.0,117300.0,Vehicle EMI,344000.0,27,Not_Eligible,6806.8
27.0,Male,Single,Post Graduate,43400.0,Private,0.6,Large Indian,Rented,14000.0,1,0,0.0,0.0,3800.0,12000.0,7800.0,Yes,10800.0,717.0,110500.0,57200.0,Vehicle EMI,1.2e+06,19,Not_Eligible,500.0
38.0,Male,Married,Professional,50900.0,Private,9.3,MNC,Rented,15900.0,3,2,13200.0,0.0,5900.0,8200.0,6900.0,No,0.0,736.0,288800.0,115200.0,Personal Loan EMI,862000.0,30,Not_Eligible,500.0
38.0,Male,Married,Graduate,28400.0,Private,6.4,Large Indian,Own,0.0,3,2,0.0,12200.0,4200.0,6500.0,2100.0,No,0.0,759.0,190300.0,107600.0,Education EMI,498000.0,11,Not_Eligible,2244.0
48.0,Male,Married,Graduate,57800.0,Private,1.3,Large Indian,Family,0.0,4,3,4100.0,23400.0,6200.0,11500.0,6000.0,No,0.0,683.0,194800.0,40200.0,E-commerce Shopping EMI,48000.0,18,High_Risk,3300.0
32.0,Female,Married,Post Graduate,74900.0,Private,0.5,MNC,Rented,16400.0,4,3,8300.0,0.0,5300.0,12300.0,4100.0,No,0.0,722.0,511700.0,304100.0,Vehicle EMI,321000.0,45,Eligible,12540.0
32.0,Male,Married,Post Graduate,85100.0,Government,3.6,Large Indian,Own,0.0,4,3,11500.0,0.0,10600.0,21700.0,11100.0,No,0.0,791.0,169800.0,66100.0,Home Appliances EMI,180000.0,35,Eligible,15945.6
58.0,Male,Married,Graduate,32800.0,Private,0.9,Mid-size,Rented,7200.0,3,2,14500.0,24300.0,4400.0,6600.0,1800.0,Yes,7900.0,612.0,202300.0,114400.0,Personal Loan EMI,238000.0,34,Not_Eligible,500.0
27.0,Female,Single,Graduate,31900.0,Private,0.5,Startup,Own,0.0,1,0,0.0,0.0,3400.0,7400.0,5300.0,No,0.0,732.0,27200.0,15600.0,Education EMI,399000.0,46,Not_Eligible,5056.0
27.0,Male,Single,High School,19600.0,Private,0.5,Small,Own,0.0,3,2,10200.0,0.0,1600.0,3900.0,1200.0,No,0.0,636.0,29100.0,9800.0,Vehicle EMI,409000.0,16,Not_Eligible,691.2
38.0,Male,Married,Graduate,62100.0,Private,1.7,MNC,Rented,21100.0,4,3,12300.0,0.0,6200.0,18600.0,6200.0,Yes,6300.0,654.0,85500.0,18300.0,Personal Loan EMI,102000.0,53,Not_Eligible,500.0
38.0,Male,Married,Graduate,32600.0,Private,2.2,Large Indian,Family,0.0,3,2,5100.0,0.0,3400.0,7200.0,1700.0,No,0.0,706.0,129200.0,52000.0,Personal Loan EMI,777000.0,57,Not_Eligible,7600.0
32.0,Female,Single,Graduate,56500.0,Government,10.0,Large Indian,Own,0.0,1,0,0.0,0.0,3300.0,10300.0,7500.0,No,0.0,726.0,276600.0,64000.0,Vehicle EMI,536000.0,27,Not_Eligible,19470.0
32.0,Female,Married,Graduate,43700.0,Private,10.0,Mid-size,Own,0.0,3,2,6000.0,0.0,3400.0,7900.0,7500.0,Yes,5100.0,752.0,344000.0,178400.0,Home Appliances EMI,55000.0,22,Eligible,6375.6
38.0,Male,Married,Graduate,87600.0,Government,2.4,Startup,Rented,26100.0,3,2,9100.0,0.0,4700.0,23900.0,7600.0,No,0.0,805.0,317600.0,66600.0,Education EMI,403000.0,6,Not_Eligible,9720.0
38.0,Male,Single,Graduate,40900.0,Private,13.2,Large Indian,Rented,8200.0,3,2,5100.0,0.0,3900.0,8100.0,7400.0,No,0.0,1200.0,125700.0,67900.0,E-commerce Shopping EMI,189000.0,9,Not_Eligible,4100.0
48.0,Female,Married,Post Graduate,67400.0,Private,12.4,MNC,Own,0.0,2,1,4400.0,0.0,5300.0,14500.0,12900.0,No,0.0,700.0,409000.0,143200.0,Vehicle EMI,1.162e+06,41,Not_Eligible,16665.0
32.0,Female,Married,Graduate,25500.0,Private,8.2,Mid-size,Own,0.0,4,3,5600.0,0.0,3200.0,5100.0,1400.0,Yes,4100.0,642.0,187900.0,108000.0,E-commerce Shopping EMI,159000.0,24,Not_Eligible,1878.8
48.0,Male,Single,Graduate,63100.0,Private,11.8,Mid-size,Rented,18300.0,1,0,0.0,0.0,4800.0,11700.0,7000.0,No,0.0,720.0,400200.0,146700.0,Vehicle EMI,717000.0,39,Not_Eligible,11715.0
48.0,Female,Single,High School,46500.0,Private,1.9,Large Indian,Own,0.0,1,0,0.0,0.0,5700.0,12700.0,7700.0,Yes,9600.0,776.0,177600.0,43600.0,Home Appliances EMI,207000.0,34,Not_Eligible,4536.0
38.0,Female,Married,High School,16700.0,Private,6.0,Mid-size,Own,0.0,3,2,0.0,0.0,900.0,4900.0,2600.0,Yes,2700.0,629.0,120800.0,36500.0,E-commerce Shopping EMI,28000.0,6,Not_Eligible,1724.8
38.0,Male,Married,Graduate,58300.0,Private,16.0,MNC,Own,0.0,2,1,0.0,14800.0,8700.0,9800.0,4200.0,No,0.0,724.0,74600.0,34500.0,Home Appliances EMI,220000.0,29,Not_Eligible,8320.0
48.0,Male,Married,Graduate,34500.0,Government,4.7,MNC,Own,0.0,2,1,10100.0,13000.0,4100.0,6600.0,5500.0,No,0.0,802.0,237600.0,48500.0,Vehicle EMI,428000.0,46,Not_Eligible,500.0
38.0,Male,Married,High School,26600.0,Private,4.2,Mid-size,Rented,7600.0,4,3,0.0,5900.0,3700.0,7100.0,3800.0,No,0.0,1200.0,103300.0,42700.0,Education EMI,433000.0,20,Not_Eligible,500.0
58.0,Female,Married,Graduate,36400.0,Government,1.9,Mid-size,Rented,11500.0,3,2,10100.0,0.0,1900.0,10800.0,6000.0,No,0.0,663.0,86500.0,32300.0,Education EMI,211000.0,32,Not_Eligible,500.0
32.0,Male,Single,High School,14400.0,Private,1.9,MNC,Rented,3200.0,1,0,0.0,0.0,1900.0,3400.0,2200.0,No,0.0,619.0,10400.0,6100.0,Vehicle EMI,1.126e+06,80,Not_Eligible,1184.0
38.0,Male,Married,High School,28100.0,Private,0.9,MNC,Own,0.0,4,3,3500.0,22900.0,1600.0,6700.0,2100.0,No,0.0,655.0,131600.0,30100.0,Personal Loan EMI,303000.0,54,Not_Eligible,500.0
32.0,Female,Married,Professional,107100.0,Private,5.2,Startup,Family,6452.0,4,3,0.0,0.0,14900.0,30600.0,16500.0,Yes,11200.0,605.0,471700.0,,Personal Loan EMI,900000.0,13,Not_Eligible,9492.0
32.0,Female,Married,High School,51100.0,Private,0.6,MNC,Own,0.0,3,2,3700.0,0.0,4800.0,13800.0,3300.0,No,0.0,625.0,200400.0,101000.0,Education EMI,291000.0,10,Not_Eligible,8160.0
27.0,Male,Single,Professional,177600.0,Private,0.5,MNC,Own,0.0,1,0,0.0,0.0,24300.0,47000.0,20000.0,No,0.0,707.0,759000.0,421200.0,Vehicle EMI,1.31e+06,19,Not_Eligible,34520.0
38.0,Male,Married,Graduate,64200.0,Private,2.3,Large Indian,Family,0.0,4,3,12100.0,0.0,7600.0,12800.0,10800.0,No,0.0,773.0,300900.0,150300.0,Personal Loan EMI,652000.0,39,Not_Eligible,12540.0
48.0,Male,Married,Graduate,43500.0,Private,2.7,Large Indian,Own,0.0,4,3,10400.0,0.0,3000.0,11600.0,6500.0,Yes,10600.0,648.0,140100.0,31100.0,E-commerce Shopping EMI,92000.0,24,Not_Eligible,500.0
32.0,Male,Married,Graduate,21300.0,Private,0.7,Mid-size,Rented,3700.0,4,3,5000.0,0.0,2600.0,4200.0,3200.0,Yes,3800.0,650.0,78200.0,44200.0,Education EMI,351000.0,46,Not_Eligible,500.0
58.0,Male,Married,Post Graduate,50300.0,Government,11.1,Large Indian,Rented,15400.0,4,3,13200.0,0.0,6600.0,8600.0,8000.0,Yes,11200.0,738.0,319400.0,190400.0,Vehicle EMI,574000.0,44,Not_Eligible,500.0
38.0,Male,Married,Graduate,53500.0,Private,1.0,Large Indian,Own,0.0,4,3,14500.0,0.0,4200.0,13400.0,2800.0,No,0.0,726.0,360200.0,157600.0,Personal Loan EMI,809000.0,37,Not_Eligible,10230.0
27.0,Female,Single,Professional,68000.0,Self-employed,3.1,MNC,Own,0.0,1,0,0.0,0.0,6300.0,17000.0,6700.0,Yes,11000.0,570.0,131600.0,39500.0,E-commerce Shopping EMI,36000.0,13,Eligible,5443.2
58.0,Female,Married,Post Graduate,33600.0,Government,2.9,Large Indian,Rented,11600.0,2,1,12300.0,0.0,2600.0,10000.0,2000.0,Yes,7000.0,827.0,244100.0,49000.0,Personal Loan EMI,85000.0,56,Not_Eligible,500.0
38.0,Male,Married,Professional,92500.0,Private,4.1,Mid-size,Family,0.0,4,3,9900.0,16700.0,9500.0,25500.0,14100.0,Yes,25300.0,999.0,288300.0,103700.0,Education EMI,252000.0,22,Not_Eligible,500.0
27.0,Female,Married,Post Graduate,47500.0,Private,1.2,Large Indian,Rented,11800.0,2,1,5700.0,0.0,4500.0,7600.0,2600.0,Yes,5700.0,764.0,286200.0,90500.0,Personal Loan EMI,629000.0,27,Not_Eligible,4435.2
32.0,Male,Single,Graduate,18000.0,Private,10.0,Mid-size,Rented,4500.0,1,0,0.0,0.0,2500.0,4600.0,1100.0,No,0.0,744.0,32800.0,16000.0,Personal Loan EMI,533000.0,44,Not_Eligible,2120.0
38.0,Male,Married,Professional,69800.0,Private,16.0,MNC,Family,0.0,4,3,2300.0,11200.0,6500.0,19300.0,10300.0,No,0.0,680.0,478200.0,157600.0,Home Appliances EMI,253000.0,11,Not_Eligible,11110.0
32.0,FEMALE,Married,Post Graduate,56100.0,Private,10.0,Small,Rented,17500.0,2,1,0.0,0.0,7200.0,10000.0,10400.0,Yes,9500.0,752.0,46100.0,16900.0,Home Appliances EMI,130000.0,35,Not_Eligible,504.0
32.0,female,Married,Post Graduate,96200.0,Private,2.3,MNC,Rented,31900.0,4,3,7300.0,0.0,12200.0,25700.0,16300.0,No,0.0,793.0,463400.0,246200.0,E-commerce Shopping EMI,11000.0,4,Not_Eligible,1680.0
38.0,Male,Married,Graduate,29400.0,Government,2.5,Startup,Family,0.0,5,4,8900.0,0.0,3600.0,7700.0,1600.0,No,0.0,715.0,97100.0,29100.0,Education EMI,437000.0,34,Not_Eligible,3800.0
48.0,Female,Married,Graduate,50100.0,Private,6.5,Startup,Own,0.0,3,2,12100.0,9400.0,3900.0,12100.0,3000.0,No,0.0,636.0,264300.0,88000.0,Personal Loan EMI,499000.0,41,Not_Eligible,3840.0
48.0,Male,Married,Graduate,26400.0,Private,7.1,MNC,Own,0.0,4,3,0.0,0.0,2100.0,7000.0,2800.0,No,0.0,704.0,53400.0,28100.0,Personal Loan EMI,515000.0,21,Not_Eligible,7250.0
32.0,Male,Single,Graduate,43900.0,Self-employed,0.5,Large Indian,Rented,14800.0,2,1,5200.0,0.0,3800.0,7600.0,2300.0,Yes,11800.0,526.0,36100.0,16800.0,Home Appliances EMI,26000.0,24,Not_Eligible,500.0
38.0,Male,Married,High School,45000.0,Government,2.7,MNC,Own,0.0,5,4,14200.0,7700.0,3000.0,12500.0,2900.0,Yes,12400.0,665.0,186400.0,55400.0,Vehicle EMI,700000.0,77,Not_Eligible,500.0
48.0,Male,Married,Graduate,66200.0,Government,15.5,Startup,Own,0.0,3,2,12000.0,0.0,3400.0,17500.0,6800.0,No,0.0,807.0,421000.0,173400.0,Vehicle EMI,961000.0,69,High_Risk,19239.0
27.0,Male,Married,Post Graduate,131500.0,Private,0.5,Large Indian,Own,0.0,4,3,0.0,0.0,9900.0,31600.0,21800.0,No,0.0,820.0,263300.0,126800.0,Personal Loan EMI,690000.0,51,Eligible,32736.0
38.0,Male,Single,Graduate,56400.0,Private,2.2,Large Indian,Family,0.0,1,0,0.0,0.0,7300.0,11500.0,9100.0,No,0.0,591.0,136300.0,40800.0,Education EMI,412000.0,32,Not_Eligible,11400.0
38.0,Male,Married,High School,19300.0,Private,7.3,Mid-size,Own,0.0,5,4,0.0,16500.0,2600.0,3100.0,2200.0,Yes,3500.0,693.0,12000.0,6700.0,E-commerce Shopping EMI,171000.0,16,Not_Eligible,500.0
38.0,Male,Married,Graduate,85700.0,Government,2.3,Large Indian,Own,0.0,3,2,0.0,0.0,11600.0,18800.0,4700.0,Yes,15800.0,831.0,595600.0,273100.0,Education EMI,174000.0,22,Eligible,16077.6
58.0,Male,Married,Professional,36700.0,Private,10.1,Large Indian,Family,14368.0,2,1,12400.0,0.0,5500.0,8000.0,3600.0,No,0.0,743.0,268400.0,132500.0,Education EMI,226000.0,36,Not_Eligible,3960.0
38.0,Male,Married,Post Graduate,44000.0,Private,11.5,Large Indian,Rented,8400.0,3,2,6200.0,0.0,2900.0,10100.0,3600.0,No,0.0,699.0,67400.0,14300.0,Personal Loan EMI,327000.0,14,Not_Eligible,5120.0
27.0,Female,Single,Post Graduate,37700.0,Private,4.0,Small,Rented,7700.0,3,2,0.0,0.0,2300.0,7000.0,6800.0,Yes,7500.0,504.0,247100.0,51100.0,Education EMI,189000.0,37,Not_Eligible,1232.0
58.0,Female,Married,High School,25400.0,Private,7.2,Large Indian,Rented,8100.0,3,2,0.0,9800.0,2100.0,5000.0,4400.0,Yes,5100.0,665.0,79100.0,26300.0,Education EMI,94000.0,40,Not_Eligible,500.0
48.0,Male,Married,Graduate,64000.0,Private,13.1,Large Indian,Rented,15500.0,4,3,13900.0,0.0,6800.0,10100.0,8800.0,No,0.0,768.0,379600.0,116500.0,E-commerce Shopping EMI,125000.0,17,Not_Eligible,5340.0
32.0,Female,Married,Professional,68000.0,Private,1.2,MNC,Own,0.0,3,2,2300.0,0.0,6800.0,10700.0,11300.0,No,0.0,820.0,53900.0,16000.0,Education EMI,122000.0,27,Eligible,17712.0
38.0,Female,Married,Graduate,84500.0,Private,10.3,Large Indian,Rented,25900.0,5,4,5000.0,0.0,7000.0,21400.0,8300.0,Yes,10500.0,773.0,537300.0,170700.0,Education EMI,448000.0,45,Not_Eligible,2956.8
32.0,Male,Married,Professional,67300.0,Private,3.8,MNC,Own,0.0,3,2,2600.0,6800.0,7200.0,18700.0,12700.0,Yes,14200.0,619.0,484200.0,171100.0,Vehicle EMI,855000.0,14,Not_Eligible,1570.8
32.0,Male,Married,Post Graduate,44300.0,Private,3.8,Startup,Own,0.0,2,1,5800.0,15700.0,6400.0,8300.0,6300.0,Yes,9400.0,694.0,70900.0,25500.0,E-commerce Shopping EMI,102000.0,18,Not_Eligible,500.0
27.0,Male,Single,Graduate,42700.0,Government,1.1,Mid-size,Family,0.0,1,0,0.0,0.0,5700.0,12400.0,5800.0,No,0.0,780.0,179300.0,86800.0,Education EMI,228000.0,7,Not_Eligible,11280.0
38.0,Female,Married,Graduate,32300.0,Private,12.4,Small,Own,0.0,3,2,8100.0,0.0,4200.0,5600.0,5200.0,No,0.0,720.0,87200.0,27800.0,Education EMI,449000.0,16,Not_Eligible,4600.0
27.0,Female,Single,High School,36000.0,Private,5.0,Large Indian,Own,0.0,1,0,0.0,0.0,4400.0,10000.0,2800.0,No,0.0,687.0,258400.0,86400.0,Home Appliances EMI,124000.0,26,Eligible,10340.0
38.0,Male,Married,Graduate,90100.0,Government,5.9,Small,Family,0.0,4,3,8800.0,0.0,4600.0,16800.0,9000.0,No,0.0,842.0,132100.0,37800.0,Vehicle EMI,231000.0,75,Eligible,26875.2
32.0,Female,Married,Post Graduate,81100.0,Private,3.8,Mid-size,Rented,20700.0,3,2,8800.0,0.0,4600.0,12300.0,13100.0,No,0.0,791.0,92400.0,23400.0,Home Appliances EMI,83000.0,24,Eligible,10368.0
32.0,Male,Single,High School,47600.0,Government,1.8,MNC,Rented,15500.0,3,2,0.0,0.0,2700.0,10800.0,3500.0,No,0.0,1200.0,200800.0,69100.0,Home Appliances EMI,228000.0,19,Not_Eligible,9060.0
48.0,Female,Married,Professional,111900.0,Private,2.3,Mid-size,Own,0.0,2,1,9700.0,0.0,9300.0,32600.0,10200.0,Yes,24900.0,699.0,468200.0,275600.0,Education EMI,110000.0,15,High_Risk,8820.0
38.0,Male,Married,Post Graduate,52300.0,Private,10.3,Startup,Rented,17200.0,2,1,0.0,0.0,5400.0,12600.0,3700.0,No,0.0,676.0,268800.0,131100.0,Vehicle EMI,1.24e+06,66,Not_Eligible,6700.0
38.0,Female,Married,High School,39700.0,Private,4.9,Large Indian,Rented,10200.0,4,3,0.0,0.0,2000.0,7000.0,4000.0,No,0.0,740.0,296000.0,95200.0,Education EMI,93000.0,44,Eligible,9075.0
27.0,Male,Single,Graduate,49300.0,Private,0.5,MNC,Rented,7400.0,2,1,2000.0,5400.0,6000.0,9000.0,5700.0,No,0.0,651.0,278300.0,99400.0,Home Appliances EMI,133000.0,15,Not_Eligible,5520.0
32.0,Female,Married,High School,29200.0,Private,0.5,Small,Rented,6900.0,2,1,0.0,0.0,3100.0,8600.0,5500.0,No,0.0,723.0,224700.0,101200.0,Personal Loan EMI,153000.0,25,Not_Eligible,2244.0
58.0,Male,Married,Graduate,47400.0,Self-employed,0.9,Large Indian,Rented,10400.0,3,2,0.0,0.0,3200.0,10000.0,7600.0,Yes,7900.0,679.0,237900.0,50000.0,Education EMI,474000.0,20,Not_Eligible,2614.5
38.0,Male,Married,Graduate,24300.0,Private,0.6,Large Indian,Own,0.0,4,3,0.0,15300.0,2500.0,4500.0,1200.0,No,0.0,639.0,190100.0,112300.0,Vehicle EMI,589000.0,77,Not_Eligible,500.0
38.0,Male,Married,Graduate,58700.0,Private,7.9,MNC,Rented,18200.0,2,1,2500.0,0.0,5700.0,10100.0,11700.0,Yes,16500.0,808.0,89000.0,19600.0,Personal Loan EMI,929000.0,47,Not_Eligible,500.0
27.0,Female,Married,Post Graduate,55900.0,Self-employed,2.2,Startup,Rented,8700.0,4,3,9500.0,22800.0,7200.0,16500.0,7500.0,No,0.0,799.0,220000.0,57500.0,Vehicle EMI,712000.0,34,Not_Eligible,500.0
48.0,Male,Married,Professional,53900.0,Private,14.0,Startup,Family,0.0,5,4,6500.0,22600.0,3300.0,12600.0,4300.0,Yes,12600.0,740.0,389700.0,138600.0,Home Appliances EMI,138000.0,24,Not_Eligible,500.0
32.0,Female,Married,Post Graduate,98700.0,Private,0.9,MNC,Rented,18400.0,5,4,0.0,0.0,14700.0,15600.0,10400.0,Yes,19300.0,665.0,198800.0,44200.0,Education EMI,450000.0,23,Not_Eligible,5684.0
32.0,Male,Single,Graduate,20000.0,Government,1.7,Large Indian,Own,0.0,1,0,0.0,0.0,2200.0,4000.0,2700.0,No,0.0,721.0,119500.0,52400.0,Education EMI,359000.0,13,Not_Eligible,5550.0
32.0,Female,Married,Post Graduate,85100.0,Government,0.6,Mid-size,Own,0.0,4,3,11100.0,0.0,10100.0,19100.0,16300.0,Yes,14200.0,757.0,613200.0,209800.0,Vehicle EMI,983000.0,71,Not_Eligible,6606.6
32.0,Male,Single,Graduate,47200.0,Government,7.7,Large Indian,Rented,13300.0,1,0,0.0,0.0,6000.0,10600.0,5800.0,Yes,7500.0,793.0,214500.0,81400.0,E-commerce Shopping EMI,47000.0,22,Not_Eligible,1848.0
32.0,Male,Married,Graduate,40000.0,Private,2.4,Large Indian,Family,0.0,2,1,10200.0,0.0,3300.0,10500.0,2800.0,No,0.0,684.0,229900.0,95300.0,Education EMI,410000.0,41,Not_Eligible,6600.0
48.0,Female,Married,Professional,58200.0,Private,0.7,MNC,Family,0.0,4,3,0.0,0.0,4200.0,9800.0,7500.0,No,0.0,660.0,274800.0,105600.0,E-commerce Shopping EMI,15000.0,24,Eligible,14680.0
38.0,Female,Single,Graduate,62000.0,Self-employed,0.5,Large Indian,Own,0.0,1,0,0.0,0.0,7300.0,16100.0,7000.0,No,0.0,765.0,149700.0,62700.0,Education EMI,444000.0,33,High_Risk,17064.0
27.0,Female,Single,Professional,73300.0,Private,1.1,Large Indian,Own,0.0,2,1,0.0,12100.0,10000.0,19300.0,11000.0,No,0.0,584.0,202100.0,51300.0,Home Appliances EMI,102000.0,6,Not_Eligible,8360.0
27.0,Male,Single,Graduate,36500.0,Private,0.9,Startup,Own,0.0,2,1,2200.0,0.0,2000.0,7100.0,2700.0,No,0.0,691.0,229700.0,125200.0,Education EMI,143000.0,24,Eligible,9900.0
48.0,Male,Married,Graduate,41500.0,Self-employed,14.3,Large Indian,Own,0.0,3,2,3100.0,0.0,3800.0,9300.0,2500.0,No,0.0,794.0,242100.0,120400.0,Education EMI,127000.0,43,Eligible,12312.0
48.0,Female,Married,High School,53500.0,Private,9.5,Startup,Own,0.0,3,2,0.0,0.0,5600.0,9500.0,4800.0,No,0.0,699.0,294200.0,135500.0,Education EMI,107000.0,47,Eligible,16800.0
27.0,Female,Single,Post Graduate,47900.0,Private,1.8,Startup,Rented,16300.0,2,1,3000.0,0.0,6800.0,10200.0,3300.0,No,0.0,700.0,179700.0,69200.0,Personal Loan EMI,406000.0,18,Not_Eligible,4150.0
48.0,Male,Married,Post Graduate,25200.0,Private,4.3,Mid-size,Rented,8200.0,4,3,4700.0,19700.0,2000.0,7400.0,3000.0,No,0.0,646.0,63600.0,25200.0,Education EMI,191000.0,14,Not_Eligible,500.0
38.0,Male,Married,Professional,80600.0,Government,7.3,MNC,Own,0.0,2,1,0.0,0.0,10700.0,24000.0,8200.0,Yes,20600.0,729.0,217300.0,81800.0,Personal Loan EMI,969000.0,13,Not_Eligible,6583.5
32.0,Male,Single,Graduate,22600.0,Private,0.6,Mid-size,Own,0.0,3,2,0.0,0.0,1300.0,6400.0,1700.0,No,0.0,722.0,130300.0,58000.0,Vehicle EMI,810000.0,80,Not_Eligible,5280.0
58.0,Female,Married,Graduate,50400.0,Government,23.0,Mid-size,Rented,7800.0,4,3,7400.0,0.0,2900.0,9400.0,7100.0,No,0.0,850.0,73800.0,19800.0,Vehicle EMI,693000.0,37,Not_Eligible,8342.4
32.0,Female,Married,Graduate,37200.0,Private,3.5,MNC,Rented,10600.0,3,2,3000.0,0.0,3500.0,6300.0,6800.0,No,0.0,641.0,270800.0,85600.0,E-commerce Shopping EMI,139000.0,9,Not_Eligible,3080.0
32.0,Male,Single,High School,30200.0,Private,5.1,Large Indian,Family,0.0,1,0,0.0,0.0,3700.0,7700.0,4900.0,No,0.0,740.0,105100.0,39800.0,Education EMI,304000.0,44,Not_Eligible,6950.0
32.0,Male,Married,Post Graduate,107700.0,Private,1.1,Mid-size,Rented,16800.0,4,3,0.0,0.0,8800.0,23800.0,9800.0,No,0.0,568.0,712500.0,205800.0,Home Appliances EMI,176000.0,34,Eligible,21340.0
27.0,Male,Single,High School,24900.0,Private,0.9,MNC,Own,0.0,1,0,0.0,0.0,2900.0,4200.0,1900.0,No,0.0,682.0,166100.0,77000.0,E-commerce Shopping EMI,187000.0,18,Not_Eligible,6996.0
58.0,Male,Married,High School,81300.0,Government,2.5,Large Indian,Rented,26900.0,3,2,5200.0,0.0,4700.0,19300.0,11800.0,No,0.0,690.0,534700.0,116800.0,Home Appliances EMI,296000.0,27,Not_Eligible,7370.0
32.0,Male,Married,Post Graduate,31300.0,Private,2.0,Large Indian,Own,0.0,4,3,0.0,0.0,4100.0,8700.0,3400.0,No,0.0,603.0,37500.0,8500.0,E-commerce Shopping EMI,180000.0,24,Not_Eligible,4832.0
38.0,Female,Married,Graduate,38800.0,Self-employed,4.2,Large Indian,Own,0.0,2,1,9900.0,0.0,4400.0,10400.0,5000.0,No,0.0,678.0,125500.0,42300.0,Vehicle EMI,912000.0,15,Not_Eligible,4095.0
58.0,Male,Married,Graduate,72000.0,Private,33.8,Startup,Rented,12500.0,2,1,9300.0,0.0,5800.0,20700.0,9900.0,Yes,9500.0,590.0,174300.0,38800.0,Education EMI,340000.0,12,Not_Eligible,1204.0
38.0,Male,Married,Graduate,66900.0,Private,16.0,Large Indian,Rented,21500.0,3,2,12000.0,0.0,9100.0,19600.0,13300.0,Yes,14500.0,689.0,49600.0,16000.0,Personal Loan EMI,389000.0,14,Not_Eligible,500.0
38.0,Male,Married,Professional,33700.0,Private,0.9,MNC,Family,0.0,3,2,0.0,0.0,4600.0,6100.0,3700.0,Yes,5300.0,610.0,39600.0,10900.0,E-commerce Shopping EMI,153000.0,12,Not_Eligible,2508.8
38.0,Female,Married,Graduate,57800.0,Government,2.3,Startup,Family,0.0,3,2,9900.0,0.0,4900.0,17300.0,9100.0,No,0.0,701.0,375200.0,190800.0,Vehicle EMI,1.381e+06,31,Not_Eligible,9130.0
27.0,Male,Married,Graduate,31100.0,Private,1.1,Startup,Rented,7400.0,2,1,3200.0,0.0,3700.0,8200.0,4000.0,Yes,7800.0,663.0,46900.0,16300.0,Personal Loan EMI,831000.0,39,Not_Eligible,500.0
32.0,Male,Single,Graduate,106600.0,Government,4.1,MNC,Rented,37000.0,1,0,0.0,0.0,6200.0,31800.0,18000.0,No,0.0,850.0,484900.0,274700.0,E-commerce Shopping EMI,69000.0,19,Eligible,8976.0
38.0,Male,Married,Graduate,19500.0,Government,10.6,Large Indian,Rented,3100.0,5,4,11100.0,0.0,1400.0,3700.0,1600.0,Yes,3400.0,726.0,90800.0,39800.0,Home Appliances EMI,284000.0,26,Not_Eligible,500.0
48.0,Female,Married,Professional,47000.0,Self-employed,23.7,Large Indian,Own,0.0,3,2,0.0,0.0,4400.0,12600.0,8900.0,No,0.0,781.0,258500.0,105700.0,Vehicle EMI,1.21e+06,47,Not_Eligible,11394.0
32.0,Female,Married,Post Graduate,82600.0,Private,7.6,MNC,Rented,19900.0,4,3,0.0,0.0,8100.0,16500.0,4300.0,Yes,19000.0,614.0,288300.0,75600.0,Personal Loan EMI,533000.0,39,Not_Eligible,4144.0
58.0,Male,Married,Post Graduate,84900.0,Private,0.5,MNC,Own,0.0,4,3,0.0,0.0,10100.0,14100.0,15800.0,No,0.0,733.0,571800.0,337500.0,Education EMI,262000.0,10,Not_Eligible,19756.0
48.0,Male,Married,Graduate,48200.0,Self-employed,6.9,Large Indian,Own,0.0,3,2,12900.0,16600.0,3100.0,7300.0,4600.0,No,0.0,705.0,352300.0,120800.0,Education EMI,346000.0,37,Not_Eligible,1831.5
32.0,Male,Married,Post Graduate,105576.0,Private,0.6,Startup,Rented,34000.0,2,1,7000.0,0.0,14100.0,24500.0,20600.0,No,0.0,688.0,251800.0,66000.0,Education EMI,331000.0,17,Not_Eligible,2280.0
38.0,Male,Married,High School,48900.0,Private,3.7,Mid-size,Family,0.0,3,2,4400.0,0.0,6900.0,14400.0,8300.0,No,0.0,544.0,217300.0,82900.0,Home Appliances EMI,83000.0,20,Not_Eligible,3725.0
38.0,Male,Married,Graduate,33400.0,Government,12.6,Large Indian,Own,0.0,2,1,0.0,0.0,2200.0,9400.0,5400.0,Yes,5600.0,731.0,203200.0,50400.0,E-commerce Shopping EMI,99000.0,9,Not_Eligible,4573.8
38.0,Female,Married,High School,24900.0,Self-employed,6.4,Startup,Family,9322.0,3,2,8600.0,0.0,2300.0,7000.0,4600.0,Yes,5700.0,701.0,22200.0,4700.0,Vehicle EMI,1.42e+06,33,Not_Eligible,500.0
48.0,Male,Married,High School,27400.0,Private,26.0,MNC,Rented,7900.0,3,2,9700.0,0.0,2000.0,8000.0,3900.0,No,0.0,785.0,22900.0,10900.0,Home Appliances EMI,231000.0,24,Not_Eligible,500.0
58.0,Female,Married,Graduate,29500.0,Private,1.5,Large Indian,Rented,9200.0,5,4,14800.0,0.0,3600.0,4900.0,5200.0,Yes,8500.0,738.0,24200.0,12900.0,E-commerce Shopping EMI,187000.0,21,Not_Eligible,500.0
48.0,Female,Married,Post Graduate,83600.0,Private,7.0,Startup,Own,0.0,4,3,0.0,0.0,8200.0,16300.0,12800.0,No,0.0,787.0,324500.0,170300.0,Personal Loan EMI,787000.0,31,Not_Eligible,27780.0
48.0,Male,Married,Professional,103300.0,Private,0.5,Large Indian,Family,0.0,2,1,0.0,0.0,12700.0,28600.0,5400.0,Yes,16400.0,617.0,413500.0,246700.0,E-commerce Shopping EMI,59000.0,3,Not_Eligible,9004.8
38.0,Male,Married,Graduate,54300.0,Private,12.8,Startup,Rented,14300.0,3,2,9900.0,0.0,7100.0,13500.0,7500.0,Yes,11000.0,588.0,159600.0,80600.0,Personal Loan EMI,89000.0,49,Not_Eligible,500.0
32.0,Male,Married,High School,30100.0,Private,6.3,Large Indian,Family,0.0,2,1,0.0,0.0,3100.0,6300.0,3000.0,Yes,6900.0,629.0,199800.0,111600.0,Home Appliances EMI,126000.0,36,Not_Eligible,3326.4
32.0,Female,Married,High School,60700.0,Private,4.9,Large Indian,Rented,18100.0,3,2,6700.0,0.0,7700.0,14900.0,10700.0,No,0.0,817.0,313900.0,80000.0,Vehicle EMI,1.463e+06,60,Not_Eligible,1560.0
48.0,Female,Married,Graduate,42300.0,Self-employed,11.6,Large Indian,Rented,10300.0,4,3,0.0,0.0,4000.0,10100.0,6900.0,No,0.0,755.0,162200.0,60000.0,Home Appliances EMI,279000.0,12,Not_Eligible,5940.0
48.0,Female,Married,Post Graduate,36500.0,Private,0.5,MNC,Own,0.0,3,2,10900.0,0.0,4900.0,8200.0,3800.0,No,0.0,733.0,256900.0,57000.0,E-commerce Shopping EMI,186000.0,12,Not_Eligible,3828.0
48.0,Female,Married,Post Graduate,44200.0,Private,6.0,Large Indian,Rented,7100.0,3,2,11300.0,0.0,2300.0,7400.0,4500.0,Yes,12600.0,814.0,81900.0,34200.0,Vehicle EMI,1.007e+06,12,Not_Eligible,500.0
58.0,Male,Married,Graduate,24800.0,Private,20.4,MNC,Family,0.0,4,3,3500.0,0.0,3200.0,4700.0,2700.0,No,0.0,673.0,40300.0,23300.0,Home Appliances EMI,284000.0,22,Not_Eligible,4280.0
32.0,Male,Married,Post Graduate,42300.0,Self-employed,1.6,Mid-size,Own,0.0,3,2,8600.0,21200.0,3500.0,7300.0,7100.0,No,0.0,707.0,226000.0,64400.0,Personal Loan EMI,322000.0,39,Not_Eligible,500.0
32.0,Female,Single,High School,26800.0,Government,4.7,MNC,Own,0.0,2,1,9200.0,24400.0,1800.0,5800.0,4600.0,No,0.0,731.0,101100.0,22100.0,E-commerce Shopping EMI,29000.0,19,Not_Eligible,500.0
48.0,Male,Married,Professional,29100.0,Government,12.8,Large Indian,Family,,3,2,5700.0,0.0,2300.0,6800.0,4800.0,Yes,3600.0,719.0,196000.0,84800.0,Education EMI,116000.0,19,Not_Eligible,2498.65
38.0,Male,Married,Post Graduate,33200.0,Private,16.0,Large Indian,Family,0.0,3,2,9800.0,0.0,2500.0,7200.0,5100.0,Yes,4500.0,665.0,56300.0,30300.0,Vehicle EMI,891000.0,23,Not_Eligible,1148.0
32.0,Male,Married,Professional,38800.0,Government,0.8,Large Indian,Rented,9800.0,2,1,6500.0,0.0,3900.0,10100.0,5100.0,Yes,4200.0,716.0,118100.0,34000.0,Vehicle EMI,107000.0,45,Not_Eligible,500.0
32.0,Male,Married,Graduate,38400.0,Government,5.6,MNC,Own,0.0,2,1,6100.0,0.0,2600.0,7400.0,3000.0,No,0.0,847.0,281700.0,154100.0,Vehicle EMI,1.004e+06,34,Not_Eligible,14011.8
48.0,Female,Married,Post Graduate,58900.0,Private,7.4,Startup,Own,0.0,3,2,13400.0,0.0,7900.0,15500.0,8100.0,Yes,11900.0,630.0,457300.0,164700.0,E-commerce Shopping EMI,45000.0,20,Not_Eligible,646.8
38.0,Male,Single,Post Graduate,111500.0,Private,16.0,MNC,Family,0.0,2,1,0.0,0.0,13500.0,22700.0,19500.0,Yes,15600.0,600.0,475600.0,190200.0,E-commerce Shopping EMI,156000.0,18,High_Risk,11256.0
32.0,Female,Single,Graduate,50600.0,Private,3.4,Startup,Own,0.0,2,1,12600.0,0.0,7000.0,9500.0,3000.0,No,0.0,703.0,345700.0,155600.0,Education EMI,55000.0,39,Eligible,10175.0
38.0,Female,Married,Graduate,62600.0,Government,7.9,Large Indian,Rented,14100.0,2,1,5400.0,0.0,3300.0,17000.0,4900.0,No,0.0,811.0,387100.0,194300.0,E-commerce Shopping EMI,72000.0,14,Eligible,12995.4
27.0,Male,Single,Post Graduate,38600.0,Private,0.5,Startup,Rented,10300.0,1,0,0.0,0.0,2900.0,9900.0,2400.0,Yes,9200.0,536.0,52100.0,19600.0,Education EMI,73000.0,15,Not_Eligible,500.0
32.0,Male,Married,Graduate,7682.0,Private,4.3,Large Indian,Own,0.0,2,1,10500.0,0.0,8700.0,16700.0,6100.0,No,0.0,601.0,311700.0,90000.0,Education EMI,167000.0,42,Eligible,7600.0
48.0,Male,Married,Graduate,41200.0,Private,6.9,Startup,Rented,12800.0,3,2,7900.0,19100.0,5700.0,8500.0,4200.0,No,0.0,736.0,28100.0,13200.0,Education EMI,344000.0,38,Not_Eligible,500.0
48.0,Male,Married,Graduate,46400.0,Self-employed,3.5,Startup,Own,0.0,4,3,10900.0,0.0,6000.0,9500.0,7800.0,No,0.0,670.0,170600.0,79400.0,Home Appliances EMI,217000.0,7,Not_Eligible,5490.0
48.0,Female,Married,Graduate,78900.0,Private,1.6,Startup,Rented,16500.0,3,2,13000.0,5900.0,9600.0,15200.0,8200.0,Yes,10500.0,747.0,593700.0,290100.0,Vehicle EMI,894000.0,26,Not_Eligible,500.0
38.0,Female,Married,Post Graduate,70400.0,Private,13.7,Mid-size,Rented,17000.0,3,2,13200.0,0.0,8900.0,11500.0,9100.0,No,0.0,846.0,330400.0,85600.0,E-commerce Shopping EMI,32000.0,21,Eligible,6420.0
38.0,Male,Married,Graduate,84300.0,Private,8.9,MNC,Family,0.0,3,2,12400.0,24300.0,10300.0,21700.0,4500.0,No,0.0,808.0,319900.0,130900.0,Education EMI,128000.0,42,Eligible,6660.0
48.0,Female,Married,High School,47300.0,Government,10.2,MNC,Own,0.0,4,3,0.0,0.0,6800.0,10000.0,5500.0,Yes,13600.0,731.0,318100.0,121200.0,Education EMI,95000.0,21,Not_Eligible,4827.9
27.0,Male,Single,Graduate,90800.0,Self-employed,3.6,Startup,Family,0.0,2,1,0.0,0.0,12700.0,23300.0,11900.0,Yes,10300.0,794.0,186000.0,50700.0,E-commerce Shopping EMI,89000.0,20,Eligible,12322.8
38.0,Male,Married,Graduate,94200.0,Private,2.6,Mid-size,Own,0.0,4,3,3900.0,0.0,13700.0,17200.0,15600.0,No,0.0,657.0,655800.0,305300.0,E-commerce Shopping EMI,32000.0,12,Eligible,24090.0
38.0,Male,Married,Post Graduate,115400.0,Private,2.6,Mid-size,Own,,3,2,9200.0,12800.0,16100.0,29300.0,22600.0,No,0.0,664.0,622000.0,234800.0,Vehicle EMI,833000.0,58,Not_Eligible,12700.0
38.0,Male,Married,Post Graduate,26800.0,Private,4.7,Startup,Family,0.0,4,3,14000.0,0.0,1700.0,6200.0,2600.0,No,0.0,667.0,162200.0,62300.0,Education EMI,261000.0,23,Not_Eligible,1265.0
38.0,Male,Married,High School,14400.0,Private,5.3,MNC,Family,0.0,4,3,11100.0,14300.0,1900.0,2200.0,2500.0,No,0.0,719.0,94500.0,22400.0,Home Appliances EMI,44000.0,23,Not_Eligible,500.0
48.0,Male,Married,Graduate,27000.0,Private,3.7,MNC,Rented,4300.0,3,2,2400.0,0.0,2300.0,6300.0,1600.0,No,0.0,701.0,75800.0,17900.0,Home Appliances EMI,58000.0,9,Not_Eligible,5050.0
38.0,Female,Married,Professional,58500.0,Government,11.7,MNC,Family,0.0,2,1,2300.0,0.0,3100.0,16900.0,10500.0,No,0.0,815.0,76700.0,15600.0,Education EMI,145000.0,24,Eligible,13569.6
27.0,Male,Single,Post Graduate,56800.0,Government,1.2,MNC,Family,0.0,3,2,0.0,0.0,3300.0,16800.0,9900.0,No,0.0,659.0,223200.0,114700.0,Vehicle EMI,988000.0,73,Not_Eligible,13400.0
38.0,Female,Married,Post Graduate,19500.0,Private,1.7,Mid-size,Own,0.0,3,2,8300.0,15900.0,1900.0,3100.0,2600.0,No,0.0,656.0,154600.0,51500.0,E-commerce Shopping EMI,159000.0,21,Not_Eligible,500.0
38.0,Male,Married,Graduate,42800.0,Private,1.1,MNC,Rented,11200.0,3,2,6700.0,12200.0,5700.0,11500.0,7900.0,Yes,9200.0,565.0,108600.0,33100.0,Education EMI,421000.0,25,Not_Eligible,500.0
27.0,Female,Married,High School,30700.0,Private,0.6,Large Indian,Rented,6000.0,2,1,0.0,16100.0,4600.0,6000.0,5400.0,Yes,6900.0,609.0,166200.0,42000.0,Education EMI,201000.0,27,Not_Eligible,500.0
32.0,Female,Single,Post Graduate,70900.0,Private,0.5,MNC,Rented,24000.0,1,0,0.0,0.0,10500.0,11500.0,11000.0,Yes,19700.0,636.0,450300.0,164800.0,Education EMI,493000.0,25,Not_Eligible,500.0
32.0,Female,Married,Professional,47000.0,Private,10.0,Large Indian,Own,0.0,3,2,12200.0,0.0,4900.0,7900.0,5200.0,Yes,8400.0,742.0,336100.0,176500.0,E-commerce Shopping EMI,151000.0,14,Not_Eligible,3234.0
48.0,Male,Married,Graduate,15000.0,Private,8.0,Large Indian,Own,0.0,5,4,13000.0,0.0,800.0,4400.0,1100.0,No,0.0,690.0,23700.0,10800.0,Home Appliances EMI,286000.0,12,Not_Eligible,500.0
38.0,Female,Married,Post Graduate,60000.0,Private,4.0,Large Indian,Rented,13600.0,2,1,7100.0,0.0,6600.0,12100.0,6600.0,Yes,7100.0,647.0,33000.0,19100.0,Home Appliances EMI,31000.0,34,Eligible,1545.6
58.0,Female,Married,Graduate,49500.0,Private,15.1,Large Indian,Own,0.0,3,2,7900.0,0.0,7000.0,11900.0,7700.0,Yes,11500.0,637.0,88900.0,33500.0,E-commerce Shopping EMI,137000.0,21,Not_Eligible,784.0
38.0,Male,Married,Graduate,61100.0,Private,1.8,Large Indian,Own,0.0,3,2,10400.0,0.0,4100.0,15900.0,4300.0,No,0.0,798.0,84000.0,33900.0,Vehicle EMI,417000.0,50,High_Risk,12672.0
48.0,Male,Married,Graduate,24500.0,Government,4.0,Small,Family,0.0,4,3,3900.0,13500.0,2800.0,6200.0,4100.0,Yes,2900.0,749.0,97000.0,22000.0,Home Appliances EMI,107000.0,33,Not_Eligible,500.0
32.0,Female,Married,Graduate,25900.0,Private,0.5,Mid-size,Family,0.0,4,3,7300.0,0.0,3700.0,7600.0,2500.0,Yes,5600.0,673.0,24100.0,6700.0,Vehicle EMI,216000.0,15,Not_Eligible,500.0
32.0,Female,Married,High School,55400.0,Government,0.5,MNC,Own,0.0,2,1,2200.0,0.0,3700.0,15900.0,10100.0,No,0.0,779.0,85700.0,43000.0,Personal Loan EMI,683000.0,39,Not_Eligible,11280.0
32.0,Male,Married,High School,33700.0,Private,9.4,Mid-size,Rented,8100.0,5,4,0.0,23200.0,3900.0,9900.0,6500.0,Yes,4900.0,671.0,221900.0,95500.0,E-commerce Shopping EMI,47000.0,17,Not_Eligible,500.0
32.0,Female,Single,Post Graduate,81300.0,Self-employed,0.5,Mid-size,Family,0.0,2,1,6100.0,0.0,11900.0,23700.0,8800.0,No,0.0,791.0,452000.0,103400.0,Home Appliances EMI,148000.0,24,Eligible,16632.0
32.0,Male,Single,Professional,45300.0,Private,2.0,Small,Own,0.0,2,1,0.0,0.0,5600.0,9700.0,6200.0,Yes,6700.0,591.0,360300.0,139200.0,E-commerce Shopping EMI,151000.0,7,Not_Eligible,5266.8
32.0,Male,Single,Graduate,109600.0,Self-employed,0.5,Large Indian,Own,0.0,1,0,0.0,0.0,15800.0,17500.0,18200.0,No,0.0,594.0,263000.0,81000.0,Education EMI,317000.0,36,Eligible,20916.0
38.0,Male,Married,Graduate,38000.0,Private,14.6,Large Indian,Family,0.0,5,4,13900.0,0.0,2100.0,8400.0,5700.0,No,0.0,677.0,257800.0,90900.0,E-commerce Shopping EMI,118000.0,12,Not_Eligible,4345.0
32.0,Female,Married,Graduate,29000.0,Self-employed,7.4,Large Indian,Own,0.0,4,3,10200.0,0.0,3100.0,8200.0,5300.0,Yes,4500.0,708.0,123900.0,46600.0,Home Appliances EMI,135000.0,32,Not_Eligible,500.0
48.0,Female,Married,Professional,59500.0,Private,2.2,Large Indian,Rented,9200.0,5,4,13300.0,12000.0,4100.0,11600.0,11600.0,Yes,9200.0,723.0,42400.0,9700.0,Personal Loan EMI,78000.0,12,Not_Eligible,500.0
38.0,Male,Married,Professional,52600.0,Government,5.4,Large Indian,Own,0.0,5,4,12200.0,0.0,6200.0,8200.0,3200.0,No,0.0,692.0,305000.0,117700.0,Education EMI,375000.0,27,Not_Eligible,12540.0
27.0,Female,Married,Professional,74800.0,Government,5.0,Startup,Own,0.0,2,1,0.0,0.0,9600.0,11400.0,8300.0,No,0.0,761.0,169600.0,36500.0,Personal Loan EMI,986000.0,19,Not_Eligible,30030.0
27.0,Male,Single,Graduate,64300.0,Private,0.5,Large Indian,Rented,21700.0,1,0,0.0,0.0,3500.0,14500.0,11000.0,Yes,13300.0,563.0,394300.0,133500.0,Personal Loan EMI,1e+06,32,Not_Eligible,500.0
38.0,Female,Single,Post Graduate,42600.0,Private,1.2,MNC,Rented,13000.0,2,1,4600.0,0.0,5700.0,10600.0,4500.0,No,0.0,634.0,190000.0,51400.0,Education EMI,69000.0,42,Not_Eligible,1680.0
27.0,Male,Single,Professional,40900.0,Self-employed,0.5,Large Indian,Family,0.0,2,1,0.0,0.0,3900.0,6500.0,6800.0,No,0.0,733.0,209400.0,109000.0,E-commerce Shopping EMI,185000.0,17,Not_Eligible,10665.0
32.0,Male,Married,Graduate,19300.0,Government,1.2,Large Indian,Rented,6100.0,2,1,11900.0,23700.0,2300.0,4300.0,2500.0,No,0.0,776.0,146700.0,62100.0,Home Appliances EMI,266000.0,22,Not_Eligible,500.0
48.0,Female,Married,High School,29500.0,Private,9.5,MNC,Own,0.0,4,3,2900.0,8400.0,1600.0,7100.0,2700.0,No,0.0,591.0,200700.0,120300.0,Vehicle EMI,772000.0,28,Not_Eligible,2992.0
38.0,Male,Married,High School,45200.0,Private,16.0,Large Indian,Rented,13300.0,2,1,0.0,0.0,5600.0,7900.0,5400.0,Yes,10100.0,695.0,352500.0,114300.0,Education EMI,434000.0,37,Not_Eligible,1116.5
27.0,Male,Single,Graduate,67800.0,Private,0.5,Mid-size,Own,0.0,3,2,0.0,0.0,3700.0,16100.0,13500.0,No,0.0,653.0,464600.0,227200.0,Home Appliances EMI,38000.0,15,Eligible,15180.0
32.0,Male,Single,Graduate,26700.0,Private,1.4,MNC,Own,0.0,1,0,0.0,0.0,2200.0,7100.0,5200.0,No,0.0,638.0,80100.0,28500.0,Personal Loan EMI,830000.0,56,Not_Eligible,4880.0
32.0,Male,Married,Post Graduate,70700.0,Government,2.3,Small,Rented,20200.0,4,3,8100.0,0.0,6300.0,14500.0,13200.0,No,0.0,688.0,478500.0,264900.0,Education EMI,444000.0,15,Not_Eligible,4620.0
38.0,Female,Married,High School,25200.0,Private,1.3,Large Indian,Own,0.0,3,2,0.0,0.0,1600.0,6100.0,3500.0,Yes,2600.0,673.0,192400.0,111800.0,Home Appliances EMI,227000.0,25,Not_Eligible,4389.0
32.0,Male,Married,Graduate,48500.0,Private,5.8,Mid-size,Rented,8100.0,4,3,10900.0,0.0,3000.0,12000.0,5300.0,No,0.0,733.0,379700.0,160600.0,Education EMI,298000.0,24,Not_Eligible,5060.0
48.0,Male,Married,Graduate,67900.0,Private,10.2,MNC,Own,0.0,5,4,0.0,0.0,7300.0,13600.0,8400.0,Yes,16400.0,654.0,141500.0,42800.0,Home Appliances EMI,142000.0,29,Eligible,7770.0
32.0,Female,Married,Graduate,60100.0,Private,8.7,Mid-size,Own,0.0,4,3,0.0,0.0,7200.0,9900.0,9500.0,No,0.0,763.0,340400.0,203600.0,Home Appliances EMI,247000.0,7,Not_Eligible,20100.0
38.0,Male,Single,Graduate,66200.0,Private,7.5,Large Indian,Own,10017.0,1,0,0.0,0.0,3500.0,12900.0,3500.0,Yes,14300.0,599.0,419700.0,143700.0,Vehicle EMI,810000.0,76,Not_Eligible,9856.0
58.0,Female,Married,Graduate,90400.0,Government,4.2,Mid-size,Family,0.0,2,1,0.0,0.0,13500.0,20600.0,16000.0,No,0.0,850.0,93000.0,28500.0,Education EMI,457000.0,36,Eligible,21278.4
38.0,Male,Married,Graduate,42700.0,Private,11.9,Startup,Family,0.0,2,1,10900.0,8600.0,3000.0,7000.0,4400.0,Yes,6400.0,598.0,138800.0,69400.0,Home Appliances EMI,74000.0,11,Not_Eligible,672.0
27.0,Male,Single,Professional,43000.0,Private,0.5,Startup,Own,0.0,2,1,0.0,0.0,2200.0,8100.0,8300.0,No,0.0,791.0,343100.0,135400.0,Education EMI,350000.0,44,Eligible,12883.2
27.0,Male,Single,Graduate,77000.0,Private,1.5,Large Indian,Rented,12800.0,1,0,0.0,0.0,3900.0,19900.0,6600.0,Yes,15000.0,680.0,359800.0,166700.0,Home Appliances EMI,24000.0,14,Eligible,6580.0
32.0,Male,Married,Post Graduate,49600.0,Private,0.9,Startup,Rented,13600.0,4,3,6100.0,0.0,3500.0,13500.0,4000.0,Yes,5900.0,714.0,337500.0,113900.0,Home Appliances EMI,125000.0,20,Not_Eligible,924.0
48.0,Female,Married,Post Graduate,44400.0,Private,19.8,Large Indian,Own,0.0,4,3,7800.0,0.0,5000.0,7600.0,4100.0,No,0.0,721.0,176000.0,51400.0,Home Appliances EMI,29000.0,10,Eligible,9950.0
38.0,Female,Married,Graduate,32000.0,Private,5.4,Large Indian,Family,0.0,3,2,4600.0,0.0,2400.0,7300.0,2400.0,No,0.0,649.0,107100.0,29700.0,E-commerce Shopping EMI,33000.0,21,Eligible,6120.0
32.0,Female,Married,Graduate,76400.0,Private,3.5,MNC,Own,0.0,3,2,6000.0,0.0,4900.0,18500.0,3800.0,No,0.0,806.0,568300.0,189300.0,Vehicle EMI,1.333e+06,21,Not_Eligible,28512.0
32.0,Female,Single,High School,67500.0,Private,2.0,Large Indian,Rented,13800.0,3,2,8900.0,0.0,5500.0,19900.0,12300.0,No,0.0,720.0,430100.0,181800.0,Education EMI,477000.0,6,Not_Eligible,3905.0
27.0,Female,Single,Graduate,65900.0,Private,4.6,Startup,Family,0.0,2,1,0.0,0.0,5900.0,18200.0,6700.0,No,0.0,651.0,466600.0,154700.0,Personal Loan EMI,404000.0,53,Eligible,19305.0
38.0,Female,Married,Graduate,56900.0,Private,7.9,Large Indian,Own,0.0,3,2,0.0,0.0,5100.0,9200.0,9800.0,No,0.0,768.0,257700.0,70200.0,Vehicle EMI,701000.0,60,Eligible,19680.0
58.0,Male,Single,Graduate,27000.0,Private,13.0,Startup,Own,0.0,3,2,4200.0,18100.0,1900.0,7400.0,4400.0,No,0.0,825.0,27100.0,9800.0,Personal Loan EMI,574000.0,47,Not_Eligible,500.0
38.0,Male,Married,Professional,43300.0,Private,9.1,Small,Own,0.0,3,2,0.0,0.0,2700.0,10900.0,6800.0,Yes,8600.0,659.0,272800.0,121400.0,Personal Loan EMI,890000.0,26,Not_Eligible,5505.5
38.0,Male,Married,Graduate,29800.0,Government,0.5,Startup,Family,0.0,3,2,0.0,0.0,1500.0,6000.0,4300.0,No,0.0,830.0,220500.0,88200.0,Education EMI,74000.0,40,Eligible,11880.0
38.0,Male,Married,Graduate,48700.0,Private,6.1,Large Indian,Own,0.0,3,2,0.0,0.0,6700.0,12900.0,4700.0,Yes,12400.0,671.0,269900.0,135200.0,Home Appliances EMI,195000.0,29,Not_Eligible,4200.0
38.0,Female,Married,Post Graduate,42900.0,Private,7.7,Large Indian,Own,0.0,3,2,0.0,0.0,5700.0,12300.0,7700.0,Yes,5200.0,705.0,197100.0,90600.0,Education EMI,104000.0,12,Not_Eligible,4200.0
32.0,Male,Married,High School,70400.0,Government,0.5,Mid-size,Family,0.0,4,3,13800.0,6100.0,6300.0,13300.0,4400.0,Yes,9900.0,704.0,508000.0,299200.0,Personal Loan EMI,216000.0,51,High_Risk,6391.0
38.0,Female,Married,Post Graduate,35100.0,Government,1.3,Startup,Own,0.0,3,2,0.0,0.0,4900.0,7600.0,3800.0,No,0.0,732.0,263700.0,114600.0,Education EMI,318000.0,33,Not_Eligible,10340.0
27.0,Male,Single,Post Graduate,31400.0,Private,5.0,MNC,Own,0.0,3,2,0.0,20400.0,2900.0,8400.0,4000.0,Yes,7600.0,655.0,79600.0,37500.0,Home Appliances EMI,251000.0,11,Not_Eligible,500.0
32.0,Female,Single,High School,21200.0,Private,2.5,Large Indian,Rented,6000.0,2,1,0.0,0.0,1500.0,4900.0,1600.0,Yes,4500.0,616.0,156500.0,42200.0,Vehicle EMI,411000.0,66,Not_Eligible,831.6
48.0,Male,Married,Professional,79400.0,Private,17.4,Mid-size,Own,0.0,3,2,0.0,20300.0,11200.0,19500.0,6300.0,Yes,10600.0,765.0,490100.0,284000.0,Vehicle EMI,520000.0,67,Not_Eligible,5313.0
32.0,Male,Married,Professional,149200.0,Private,1.0,Large Indian,Rented,29300.0,3,2,0.0,18700.0,7900.0,37900.0,26300.0,No,0.0,778.0,886300.0,282300.0,Education EMI,207000.0,10,Not_Eligible,17460.0
38.0,Male,Married,Post Graduate,143600.0,Government,15.0,Startup,Own,0.0,5,4,0.0,0.0,10500.0,33500.0,28200.0,No,0.0,845.0,359400.0,130300.0,Personal Loan EMI,312000.0,25,Eligible,47124.0
38.0,Male,Married,Graduate,42300.0,Government,6.0,Startup,Family,0.0,4,3,6200.0,0.0,2700.0,7400.0,5100.0,No,0.0,730.0,265900.0,75200.0,Personal Loan EMI,942000.0,33,Not_Eligible,12644.5
38.0,Male,Married,Graduate,50300.0,Self-employed,8.7,Startup,Own,0.0,2,1,2400.0,0.0,3100.0,15000.0,7000.0,No,0.0,769.0,156200.0,63600.0,E-commerce Shopping EMI,141000.0,18,Eligible,12312.0
58.0,Female,Married,Graduate,28600.0,Private,33.9,Mid-size,Rented,9300.0,5,4,13600.0,0.0,2400.0,6700.0,3800.0,No,0.0,695.0,113800.0,61700.0,Personal Loan EMI,380000.0,16,Not_Eligible,500.0
48.0,Male,Married,Post Graduate,100500.0,Self-employed,12.5,MNC,Family,0.0,3,2,0.0,13400.0,6400.0,21200.0,9300.0,No,0.0,602.0,362000.0,97400.0,Education EMI,129000.0,7,Not_Eligible,18072.0
27.0,Male,Single,Professional,134300.0,Government,0.5,Large Indian,Rented,43800.0,1,0,0.0,0.0,8800.0,37600.0,8900.0,No,0.0,733.0,1.0627e+06,272900.0,Vehicle EMI,469000.0,53,Eligible,19360.0
48.0,Male,Married,Post Graduate,60700.0,Private,10.4,Mid-size,Family,0.0,3,2,0.0,0.0,3800.0,15200.0,3300.0,Yes,15600.0,624.0,365500.0,196300.0,E-commerce Shopping EMI,106000.0,9,Not_Eligible,7022.4
27.0,Male,Single,Graduate,119600.0,Private,1.6,Mid-size,Family,0.0,1,0,0.0,0.0,15000.0,24500.0,13500.0,No,0.0,708.0,111200.0,33400.0,E-commerce Shopping EMI,163000.0,19,Eligible,26640.0
48.0,Female,Married,Post Graduate,50400.0,Private,7.2,Mid-size,Family,0.0,4,3,0.0,0.0,6200.0,8100.0,4700.0,Yes,11400.0,773.0,197300.0,79300.0,Vehicle EMI,1.236e+06,19,Not_Eligible,8400.0
32.0,Male,Married,Graduate,96400.0,Private,10.0,Large Indian,Own,0.0,4,3,0.0,0.0,6700.0,24700.0,15500.0,No,0.0,769.0,390800.0,212400.0,Vehicle EMI,1.282e+06,76,Eligible,29700.0
48.0,Female,Married,Post Graduate,38600.0,Private,12.6,Startup,Family,0.0,3,2,9500.0,0.0,3000.0,11500.0,3400.0,No,0.0,743.0,49900.0,11500.0,Vehicle EMI,694000.0,16,Not_Eligible,4480.0
38.0,Male,Married,Graduate,86500.0,Private,6.2,MNC,Rented,26300.0,3,2,6300.0,0.0,5500.0,18600.0,8700.0,Yes,9400.0,763.0,208200.0,87500.0,Personal Loan EMI,530000.0,25,Not_Eligible,4914.0
38.0,Male,Married,Graduate,18000.0,Government,6.1,Large Indian,Family,0.0,3,2,8700.0,0.0,2700.0,4500.0,1600.0,No,0.0,850.0,12700.0,3100.0,Education EMI,266000.0,38,Not_Eligible,500.0
48.0,Female,Single,Post Graduate,62700.0,Private,1.4,Large Indian,Family,0.0,1,0,0.0,0.0,3600.0,12700.0,9700.0,No,0.0,645.0,132800.0,60900.0,Personal Loan EMI,623000.0,40,Not_Eligible,14680.0
27.0,Male,Single,Graduate,75800.0,Private,0.7,Large Indian,Rented,13600.0,1,0,0.0,0.0,9800.0,14800.0,7800.0,Yes,14300.0,770.0,160300.0,42600.0,Vehicle EMI,365000.0,33,Not_Eligible,5208.0
58.0,Female,Married,Post Graduate,60600.0,Private,36.0,Mid-size,Own,0.0,3,2,0.0,24300.0,4100.0,16100.0,5400.0,No,0.0,655.0,196200.0,81300.0,Home Appliances EMI,159000.0,12,Not_Eligible,5350.0
38.0,Male,Married,High School,39000.0,Government,16.0,Mid-size,Rented,12300.0,2,1,0.0,20500.0,2700.0,9100.0,3100.0,No,0.0,645.0,263000.0,75800.0,Vehicle EMI,964000.0,57,Not_Eligible,500.0
38.0,Male,Married,High School,74600.0,Private,1.4,Small,Rented,13200.0,2,1,0.0,0.0,6900.0,21400.0,9000.0,Yes,16800.0,651.0,497200.0,208200.0,Home Appliances EMI,75000.0,36,High_Risk,2810.5
48.0,Female,Married,Professional,37100.0,Private,5.0,Large Indian,Rented,7600.0,2,1,4400.0,0.0,2700.0,10600.0,4200.0,No,0.0,678.0,184600.0,68400.0,Vehicle EMI,1.097e+06,33,Not_Eligible,3800.0
32.0,Male,Married,Post Graduate,78700.0,Private,10.0,MNC,Own,0.0,3,2,6300.0,0.0,10700.0,11800.0,10200.0,Yes,14800.0,672.0,231500.0,98800.0,Education EMI,474000.0,16,Not_Eligible,8715.0
38.0,Male,Single,High School,28000.0,Self-employed,13.6,Mid-size,Own,0.0,3,2,3200.0,0.0,2800.0,5600.0,2800.0,Yes,4800.0,611.0,209600.0,100900.0,Vehicle EMI,883000.0,81,Not_Eligible,2439.36
48.0,Male,Married,Graduate,31700.0,Private,4.8,MNC,Family,0.0,3,2,0.0,0.0,2200.0,5000.0,3300.0,Yes,6900.0,578.0,49200.0,19500.0,Vehicle EMI,611000.0,58,Not_Eligible,3203.2
32.0,Male,Single,Graduate,58000.0,Private,10.0,MNC,Own,0.0,1,0,0.0,0.0,7300.0,17100.0,7000.0,Yes,14000.0,666.0,384900.0,163900.0,Vehicle EMI,361000.0,27,Not_Eligible,4851.0
38.0,Female,Married,,44700.0,Private,0.5,Mid-size,Rented,15300.0,2,1,0.0,5800.0,3600.0,7700.0,6200.0,No,0.0,797.0,158900.0,88300.0,E-commerce Shopping EMI,199000.0,16,Not_Eligible,2928.0
38.0,Male,Married,Graduate,48600.0,Private,0.5,Mid-size,Rented,15300.0,4,3,3200.0,23900.0,6400.0,11300.0,5300.0,No,0.0,587.0,101200.0,58000.0,Vehicle EMI,1.41e+06,71,Not_Eligible,500.0
32.0,Male,Single,Graduate,57800.0,Private,10.0,MNC,Rented,19500.0,1,0,0.0,0.0,7000.0,10800.0,5700.0,No,0.0,757.0,345900.0,150900.0,Education EMI,415000.0,35,Not_Eligible,8880.0
58.0,Male,Married,Post Graduate,23400.0,Government,7.8,MNC,Rented,7900.0,5,4,6600.0,0.0,2100.0,4400.0,4500.0,Yes,3700.0,707.0,90400.0,25400.0,Vehicle EMI,419000.0,53,Not_Eligible,500.0
38.0,Male,Married,Graduate,51400.0,Government,0.7,Large Indian,Family,0.0,2,1,2600.0,23200.0,3700.0,13800.0,3400.0,Yes,12300.0,633.0,239500.0,111800.0,Vehicle EMI,252000.0,21,Not_Eligible,500.0
58.0,Female,Married,Graduate,87200.0,Private,11.3,MNC,Rented,15600.0,5,4,14000.0,0.0,8100.0,18900.0,6300.0,No,0.0,678.0,272400.0,155200.0,E-commerce Shopping EMI,33000.0,13,Eligible,12150.0
32.0,Male,Single,Professional,110200.0,Private,8.8,Startup,Family,0.0,2,1,8500.0,0.0,16400.0,17800.0,20900.0,No,0.0,850.0,150900.0,54400.0,Vehicle EMI,1.324e+06,57,Not_Eligible,22368.0
32.0,Male,Single,Professional,75200.0,Private,5.4,Large Indian,Own,0.0,2,1,0.0,0.0,5600.0,12100.0,10500.0,No,0.0,705.0,353300.0,89400.0,Personal Loan EMI,866000.0,57,High_Risk,23500.0
32.0,Female,Married,High School,78700.0,Government,10.0,Large Indian,Rented,17000.0,4,3,13600.0,0.0,9500.0,14800.0,6600.0,No,0.0,1200.0,528700.0,126000.0,E-commerce Shopping EMI,143000.0,3,Not_Eligible,12487.2
38.0,Male,Married,Professional,166400.0,Private,0.5,Startup,Own,0.0,3,2,14600.0,0.0,14400.0,38600.0,21500.0,No,0.0,769.0,152500.0,40400.0,Vehicle EMI,765000.0,61,Eligible,29683.2
58.0,Male,Married,High School,49700.0,Private,25.3,Startup,Own,0.0,4,3,11200.0,0.0,7300.0,12400.0,9000.0,No,0.0,601.0,252700.0,132600.0,Home Appliances EMI,244000.0,7,Not_Eligible,3920.0
32.0,Male,Married,High School,32300.0,Self-employed,5.7,Large Indian,Rented,11200.0,3,2,10700.0,0.0,4400.0,9000.0,2900.0,No,0.0,699.0,111000.0,50500.0,Personal Loan EMI,754000.0,18,Not_Eligible,500.0
48.0,Female,Married,Graduate,57800.0,Private,1.9,Mid-size,Rented,14600.0,3,2,4200.0,0.0,5400.0,14700.0,2900.0,Yes,13200.0,648.0,168600.0,86400.0,Education EMI,397000.0,46,Not_Eligible,784.0
48.0,Male,Married,Post Graduate,31900.0,Government,19.3,Large Indian,Own,0.0,3,2,6600.0,0.0,2000.0,8000.0,4000.0,No,0.0,684.0,,79100.0,E-commerce Shopping EMI,162000.0,11,Not_Eligible,6836.5
32.0,Male,Married,Professional,88400.0,Private,3.3,Mid-size,Own,0.0,3,2,0.0,0.0,6000.0,22200.0,13300.0,Yes,11400.0,650.0,687700.0,388400.0,Personal Loan EMI,982000.0,15,Not_Eligible,13667.5
38.0,MALE,Married,Post Graduate,44800.0,Government,7.3,MNC,Rented,13300.0,3,2,4200.0,18900.0,5600.0,7000.0,6100.0,No,0.0,726.0,174800.0,96300.0,Home Appliances EMI,213000.0,21,Not_Eligible,500.0
27.0,Male,Married,Graduate,63600.0,Private,0.8,Startup,Rented,15900.0,4,3,9300.0,0.0,4000.0,11900.0,9300.0,No,0.0,674.0,385200.0,136400.0,Home Appliances EMI,72000.0,22,Eligible,5808.0
32.0,Male,Single,Professional,75000.0,Self-employed,0.5,Mid-size,Own,0.0,3,2,12800.0,0.0,9800.0,18600.0,13500.0,No,0.0,646.0,41000.0,14400.0,Education EMI,275000.0,41,Not_Eligible,5846.4
27.0,Female,Single,Professional,105400.0,Private,0.5,MNC,Rented,19200.0,3,2,0.0,0.0,5600.0,29000.0,8200.0,No,0.0,673.0,418200.0,161300.0,Personal Loan EMI,271000.0,42,Eligible,17360.0
32.0,Male,Married,Post Graduate,53000.0,Private,7.3,Large Indian,Own,0.0,3,2,13800.0,0.0,5200.0,15200.0,3500.0,Yes,8800.0,659.0,223600.0,116000.0,Education EMI,161000.0,48,Not_Eligible,2275.0
38.0,Male,Married,High School,75800.0,Private,4.0,Mid-size,Family,0.0,4,3,0.0,0.0,5500.0,12400.0,10400.0,No,0.0,1200.0,554400.0,187500.0,Vehicle EMI,1.203e+06,65,High_Risk,26125.0
48.0,Female,Married,Graduate,97400.0,Self-employed,6.6,Mid-size,Family,0.0,3,2,3500.0,0.0,7500.0,17500.0,9900.0,Yes,28700.0,678.0,483400.0,218800.0,Home Appliances EMI,121000.0,10,Not_Eligible,9544.5
58.0,Male,Married,Post Graduate,37900.0,Private,4.6,MNC,Family,0.0,5,4,4100.0,0.0,5600.0,7600.0,2700.0,No,0.0,726.0,247300.0,76900.0,Personal Loan EMI,948000.0,55,Not_Eligible,9845.0
38.0,Male,Married,Post Graduate,20300.0,Private,0.5,Large Indian,Rented,5600.0,3,2,0.0,0.0,1200.0,3800.0,2200.0,No,0.0,698.0,147700.0,54300.0,E-commerce Shopping EMI,45000.0,11,Not_Eligible,3300.0
48.0,Female,Married,High School,63700.0,Private,3.1,Mid-size,Rented,10400.0,4,3,10800.0,13700.0,3400.0,12600.0,5100.0,No,0.0,670.0,166300.0,39200.0,Vehicle EMI,1.228e+06,77,Not_Eligible,3850.0
58.0,Female,Married,Graduate,49300.0,Private,1.4,Startup,Family,0.0,2,1,0.0,0.0,3200.0,8000.0,8800.0,No,0.0,723.0,219600.0,64400.0,Personal Loan EMI,689000.0,20,Not_Eligible,14650.0
32.0,Male,Married,Professional,87300.0,Private,10.0,Startup,Family,0.0,2,1,0.0,0.0,6700.0,16100.0,7300.0,Yes,22000.0,722.0,647700.0,355700.0,Vehicle EMI,990000.0,78,Not_Eligible,13552.0
32.0,Female,Married,High School,40300.0,Private,8.6,MNC,Family,0.0,4,3,4200.0,0.0,5200.0,7700.0,6800.0,No,0.0,734.0,305300.0,145300.0,Personal Loan EMI,922000.0,22,Not_Eligible,9020.0
38.0,Male,Married,High School,67500.0,Government,7.7,MNC,Own,0.0,4,3,14500.0,0.0,5900.0,19500.0,8100.0,Yes,11000.0,602.0,253000.0,127800.0,E-commerce Shopping EMI,40000.0,3,Not_Eligible,2618.0
32.0,Male,Married,Professional,79000.0,Government,3.0,Mid-size,Family,0.0,3,2,9300.0,19400.0,10100.0,12600.0,14900.0,No,0.0,745.0,248700.0,99700.0,Vehicle EMI,389000.0,50,Not_Eligible,6985.0
38.0,Female,Married,High School,32700.0,Government,3.7,Small,Own,0.0,3,2,3100.0,0.0,4000.0,9600.0,5600.0,Yes,9500.0,603.0,87200.0,22400.0,Vehicle EMI,366000.0,13,Not_Eligible,500.0
48.0,Male,Married,Post Graduate,61000.0,Private,6.6,Startup,Rented,14800.0,4,3,0.0,21100.0,8300.0,11100.0,4800.0,Yes,13500.0,648.0,181600.0,90800.0,Personal Loan EMI,609000.0,56,Not_Eligible,500.0
32.0,Male,Single,Professional,45400.0,Private,1.7,MNC,Rented,15900.0,2,1,0.0,0.0,5500.0,9900.0,4500.0,No,0.0,699.0,168200.0,99600.0,E-commerce Shopping EMI,104000.0,17,Not_Eligible,4800.0
27.0,Male,Married,Graduate,83700.0,Private,0.5,MNC,Rented,29300.0,4,3,0.0,0.0,9800.0,18100.0,13400.0,Yes,20800.0,658.0,614600.0,324600.0,E-commerce Shopping EMI,168000.0,9,Not_Eligible,500.0
38.0,Female,Married,Post Graduate,43300.0,Private,2.3,Mid-size,Own,0.0,4,3,12100.0,0.0,3100.0,8600.0,6400.0,No,0.0,761.0,234100.0,80300.0,Vehicle EMI,373000.0,81,High_Risk,7860.0
38.0,Female,Married,Graduate,28300.0,Government,12.1,Mid-size,Family,0.0,3,2,0.0,17900.0,2600.0,6200.0,2100.0,No,0.0,783.0,48500.0,11500.0,Home Appliances EMI,154000.0,11,Not_Eligible,500.0
27.0,Male,Single,Graduate,23600.0,Private,0.5,Large Indian,Family,0.0,1,0,0.0,0.0,2000.0,4300.0,1500.0,Yes,3400.0,778.0,28000.0,7200.0,Vehicle EMI,1.053e+06,48,Not_Eligible,3333.12
32.0,Male,Married,Graduate,32200.0,Private,7.9,MNC,Rented,5900.0,2,1,2100.0,0.0,3200.0,6300.0,3600.0,No,0.0,653.0,48900.0,16400.0,Vehicle EMI,898000.0,64,Not_Eligible,4440.0
32.0,Male,Married,Post Graduate,114100.0,Private,1.4,Startup,Family,0.0,5,4,0.0,8200.0,7500.0,20200.0,21200.0,No,0.0,590.0,72600.0,20000.0,Education EMI,148000.0,42,Eligible,18240.0
58.0,Female,Married,Post Graduate,23400.0,Private,2.8,MNC,Rented,6700.0,2,1,0.0,0.0,1400.0,5900.0,3000.0,Yes,2400.0,589.0,66300.0,23800.0,E-commerce Shopping EMI,22000.0,18,Not_Eligible,1120.0
38.0,Male,Married,Graduate,49600.0,Private,2.1,Mid-size,Rented,11100.0,4,3,4800.0,0.0,6900.0,10300.0,6100.0,No,0.0,614.0,157600.0,40500.0,Vehicle EMI,97000.0,50,Eligible,4160.0
48.0,Female,Married,Post Graduate,60700.0,Private,5.7,MNC,Family,0.0,3,2,3700.0,0.0,3400.0,14200.0,11000.0,Yes,10500.0,718.0,60400.0,20700.0,Home Appliances EMI,232000.0,32,Not_Eligible,5012.0
32.0,Male,Single,High School,48000.0,Private,0.5,Large Indian,Rented,7300.0,3,2,8800.0,0.0,4200.0,9200.0,5300.0,Yes,6700.0,636.0,359900.0,77600.0,Home Appliances EMI,169000.0,33,Not_Eligible,1601.6
27.0,Female,Single,Graduate,65200.0,Private,0.5,Large Indian,Family,0.0,3,2,0.0,0.0,6100.0,18300.0,10400.0,No,0.0,602.0,489700.0,236500.0,Personal Loan EMI,735000.0,25,Not_Eligible,10700.8
38.0,Female,Married,Graduate,50300.0,Private,0.6,Large Indian,Own,0.0,3,2,13300.0,0.0,5600.0,8100.0,7000.0,No,0.0,637.0,293800.0,151800.0,Personal Loan EMI,942000.0,55,Not_Eligible,5216.0
48.0,Male,Married,High School,16000.0,Private,5.2,Startup,Own,0.0,4,3,10000.0,0.0,1600.0,3300.0,2500.0,No,0.0,604.0,47200.0,25600.0,E-commerce Shopping EMI,114000.0,4,Not_Eligible,500.0
48.0,Male,Married,Post Graduate,55600.0,Private,0.7,Small,Own,0.0,2,1,0.0,0.0,5200.0,15800.0,4300.0,No,0.0,750.0,58600.0,32700.0,Vehicle EMI,201000.0,55,Eligible,11635.2
48.0,Female,Married,High School,59800.0,Private,26.0,MNC,Own,0.0,3,2,0.0,11100.0,8700.0,13400.0,4900.0,Yes,17100.0,547.0,375900.0,194100.0,Personal Loan EMI,729000.0,37,Not_Eligible,885.5
27.0,Female,Single,Graduate,53600.0,Private,0.5,MNC,Family,0.0,1,0,0.0,0.0,3900.0,10000.0,9600.0,No,0.0,783.0,90200.0,32700.0,E-commerce Shopping EMI,61000.0,10,Eligible,11558.4
58.0,Male,Married,Graduate,29100.0,Private,18.2,MNC,Rented,8000.0,3,2,0.0,0.0,4100.0,8500.0,2900.0,No,0.0,716.0,59900.0,26900.0,Vehicle EMI,1.048e+06,36,Not_Eligible,2800.0
48.0,Male,Married,Graduate,45700.0,Government,0.5,MNC,Family,0.0,3,2,0.0,0.0,4200.0,8200.0,7200.0,Yes,9200.0,614.0,304700.0,164200.0,Education EMI,225000.0,19,Not_Eligible,5205.2
49.0,Male,Married,High School,52661.0,Private,22.6,Mid-size,Rented,15700.0,5,4,14600.0,0.0,5000.0,10500.0,7200.0,Yes,9300.0,605.0,429600.0,108600.0,Personal Loan EMI,669000.0,40,Not_Eligible,500.0
32.0,Female,Single,Graduate,50400.0,Private,2.3,Startup,Rented,12200.0,2,1,0.0,21900.0,7500.0,13800.0,6000.0,Yes,13200.0,572.0,41700.0,15800.0,Education EMI,133000.0,11,Not_Eligible,500.0
27.0,Male,Single,High School,32500.0,Private,0.6,MNC,Family,0.0,3,2,0.0,0.0,2900.0,5400.0,5800.0,No,0.0,666.0,35800.0,13200.0,Personal Loan EMI,656000.0,26,Not_Eligible,5888.0
38.0,Male,Married,High School,65700.0,Private,9.7,MNC,Own,0.0,2,1,0.0,6700.0,8200.0,10400.0,3900.0,No,0.0,690.0,106400.0,53600.0,Vehicle EMI,696000.0,32,Not_Eligible,14600.0
38.0,Female,Married,High School,80300.0,Private,0.8,Mid-size,Family,0.0,3,2,2700.0,0.0,7500.0,18600.0,4900.0,No,0.0,746.0,562400.0,182500.0,Personal Loan EMI,756000.0,26,Not_Eligible,20504.0
38.0,Male,Married,Post Graduate,175200.0,Government,11.4,Mid-size,Own,0.0,3,2,6200.0,12800.0,11100.0,42000.0,13100.0,Yes,42000.0,797.0,137200.0,,Education EMI,329000.0,40,Eligible,17740.8
58.0,Male,Married,Graduate,32200.0,Private,1.1,Large Indian,Family,0.0,2,1,6800.0,0.0,2300.0,5400.0,4300.0,No,0.0,644.0,119100.0,63400.0,Home Appliances EMI,32000.0,8,Eligible,5360.0
58.0,Male,Married,Graduate,55500.0,Government,3.0,Mid-size,Own,0.0,5,4,11000.0,0.0,7400.0,11400.0,10200.0,Yes,8900.0,750.0,407600.0,221600.0,Personal Loan EMI,289000.0,23,Not_Eligible,3354.12
38.0,Female,Married,Graduate,45600.0,Government,1.0,Large Indian,Rented,8600.0,4,3,6100.0,17700.0,4500.0,8700.0,4800.0,Yes,8700.0,813.0,99200.0,27300.0,Vehicle EMI,760000.0,15,Not_Eligible,500.0
32.0,Male,Single,Graduate,18000.0,Private,0.7,Large Indian,Rented,5300.0,2,1,0.0,0.0,1000.0,4800.0,1700.0,No,0.0,681.0,54700.0,27900.0,E-commerce Shopping EMI,53000.0,20,Not_Eligible,2080.0
38.0,Female,Married,Graduate,21900.0,Private,1.0,Large Indian,Family,0.0,5,4,3400.0,0.0,1700.0,6400.0,2600.0,No,0.0,649.0,110200.0,41400.0,Education EMI,234000.0,8,Not_Eligible,3120.0
38.0,Male,Married,Graduate,27300.0,Private,1.9,Startup,Own,0.0,3,2,9000.0,12200.0,2400.0,7400.0,2900.0,No,0.0,760.0,111000.0,30600.0,Home Appliances EMI,34000.0,13,Not_Eligible,500.0
48.0,Female,Married,Professional,113100.0,Private,4.9,Startup,Own,0.0,4,3,14500.0,16500.0,12300.0,29500.0,22000.0,No,0.0,709.0,660500.0,293500.0,Personal Loan EMI,857000.0,56,Not_Eligible,9150.0
27.0,Male,Married,High School,48700.0,Private,2.6,Small,Own,0.0,3,2,4700.0,0.0,4100.0,8300.0,9000.0,Yes,10700.0,684.0,51800.0,23600.0,Home Appliances EMI,181000.0,18,Not_Eligible,3332.0
38.0,Female,Married,Post Graduate,84700.0,Private,0.6,Large Indian,Own,0.0,5,4,3900.0,15000.0,9600.0,19300.0,10100.0,Yes,12100.0,655.0,172300.0,62900.0,E-commerce Shopping EMI,161000.0,22,Not_Eligible,4116.0
32.0,Male,Single,Post Graduate,63300.0,Government,1.0,Large Indian,Own,0.0,1,0,0.0,0.0,4200.0,11900.0,6300.0,Yes,6500.0,703.0,32000.0,14100.0,Education EMI,243000.0,47,Eligible,9632.0
32.0,Male,Married,Professional,92000.0,Government,7.6,Mid-size,Own,0.0,4,3,7700.0,0.0,9100.0,26400.0,10400.0,Yes,14600.0,800.0,686900.0,192800.0,Home Appliances EMI,168000.0,18,High_Risk,12095.16
38.0,Female,Married,Post Graduate,117600.0,Government,7.6,MNC,Family,0.0,4,3,0.0,0.0,7000.0,32100.0,6000.0,No,0.0,683.0,682200.0,391400.0,Vehicle EMI,1.211e+06,65,Eligible,39875.0
48.0,Male,Married,Professional,111500.0,Government,7.5,Large Indian,Family,0.0,3,2,14300.0,0.0,10800.0,25500.0,9800.0,Yes,25400.0,732.0,251200.0,145000.0,Education EMI,201000.0,32,Eligible,9894.5
48.0,Female,Married,Post Graduate,146500.0,Self-employed,1.4,Mid-size,Own,0.0,5,4,0.0,16300.0,14500.0,43100.0,11700.0,Yes,33200.0,670.0,576200.0,212500.0,Home Appliances EMI,193000.0,31,High_Risk,8725.5
48.0,Female,Married,Graduate,40900.0,Private,4.3,MNC,Own,0.0,3,2,14100.0,0.0,5500.0,11000.0,3900.0,No,0.0,638.0,118700.0,49700.0,E-commerce Shopping EMI,145000.0,3,Not_Eligible,2560.0
32.0,Female,Married,Post Graduate,94800.0,Private,1.5,Large Indian,Family,0.0,5,4,11100.0,0.0,8600.0,14500.0,4800.0,Yes,10900.0,676.0,429900.0,210800.0,Home Appliances EMI,265000.0,33,Eligible,15715.0
58.0,Male,Married,Graduate,82100.0,Private,12.2,Mid-size,Family,0.0,4,3,0.0,12300.0,5900.0,23900.0,12200.0,No,0.0,748.0,179200.0,49900.0,Education EMI,63000.0,7,Eligible,13900.0
58.0,Female,Married,Graduate,54400.0,Private,26.2,Large Indian,Own,0.0,3,2,14900.0,0.0,3800.0,9800.0,8200.0,No,0.0,679.0,281400.0,138300.0,Personal Loan EMI,996000.0,39,Not_Eligible,8850.0
58.0,Male,Married,Graduate,80400.0,Private,31.3,Mid-size,Own,0.0,4,3,11400.0,9900.0,6900.0,13700.0,8800.0,Yes,14000.0,708.0,641300.0,150800.0,Education EMI,280000.0,25,Not_Eligible,6044.5
38.0,Female,Married,High School,53400.0,Private,3.7,MNC,Rented,14300.0,3,2,0.0,0.0,6000.0,15900.0,3700.0,No,0.0,695.0,200100.0,117500.0,Home Appliances EMI,187000.0,22,Not_Eligible,6750.0
38.0,Male,Married,Post Graduate,70000.0,Private,0.9,Startup,Own,0.0,4,3,12500.0,0.0,6200.0,14100.0,9500.0,No,0.0,753.0,514200.0,119000.0,Personal Loan EMI,204000.0,50,Eligible,14625.6
48.0,Male,Married,Professional,143100.0,Private,24.3,Mid-size,Own,0.0,3,2,9000.0,0.0,19700.0,30100.0,16600.0,No,0.0,849.0,1.0228e+06,613500.0,Home Appliances EMI,271000.0,17,Eligible,44682.0
38.0,Male,Married,Graduate,51400.0,Private,1.5,Startup,Family,0.0,4,3,0.0,0.0,5400.0,13800.0,9500.0,No,0.0,718.0,370200.0,77600.0,E-commerce Shopping EMI,54000.0,18,Eligible,12485.0
48.0,Male,Married,Graduate,79100.0,Government,8.3,Mid-size,Own,0.0,3,2,0.0,0.0,11400.0,23300.0,11900.0,No,0.0,792.0,436900.0,120000.0,Vehicle EMI,165000.0,57,Eligible,21450.0
58.0,Male,Married,High School,16800.0,Private,13.2,Mid-size,Rented,5600.0,3,2,0.0,7100.0,2200.0,3100.0,1400.0,Yes,2800.0,670.0,50900.0,10600.0,Personal Loan EMI,825000.0,57,Not_Eligible,500.0
32.0,Female,Married,Post Graduate,60000.0,Private,0.9,MNC,Rented,11000.0,3,2,3200.0,22500.0,5400.0,13100.0,4500.0,No,0.0,694.0,145800.0,51300.0,Personal Loan EMI,423000.0,52,Not_Eligible,500.0
38.0,Female,Married,Professional,81700.0,Private,13.7,MNC,Rented,25600.0,4,3,9100.0,0.0,10700.0,22300.0,6000.0,No,0.0,774.0,397200.0,197700.0,Education EMI,373000.0,30,Not_Eligible,4800.0
38.0,Male,Married,Graduate,57800.0,Private,7.5,Mid-size,Rented,9800.0,3,2,0.0,0.0,4100.0,15700.0,9900.0,No,0.0,751.0,437100.0,245600.0,Personal Loan EMI,257000.0,58,Eligible,12078.0
38.0,M,Married,Professional,53100.0,Private,6.6,Mid-size,Rented,11300.0,3,2,7300.0,17800.0,4200.0,10500.0,7400.0,No,0.0,706.0,282200.0,74800.0,Vehicle EMI,660000.0,53,Not_Eligible,500.0
32.0,Male,Married,Graduate,22800.0,Self-employed,2.1,Large Indian,Family,0.0,4,3,4300.0,0.0,2100.0,6000.0,2500.0,No,0.0,746.0,153400.0,31100.0,Vehicle EMI,131000.0,43,High_Risk,3910.5
48.0,Male,Married,Graduate,55600.0,Private,0.5,Startup,Own,0.0,3,2,0.0,0.0,7700.0,15200.0,9900.0,No,0.0,615.0,286000.0,102800.0,Home Appliances EMI,109000.0,35,Eligible,7296.0
37.0,Female,Married,Post Graduate,53553.0,Self-employed,4.4,Mid-size,Family,0.0,2,1,2900.0,0.0,5400.0,12000.0,6300.0,Yes,12000.0,578.0,184400.0,105700.0,Vehicle EMI,783000.0,52,Not_Eligible,4233.6
48.0,Male,Married,Post Graduate,30200.0,Private,8.0,Startup,Rented,6200.0,4,3,7000.0,5400.0,4300.0,6500.0,1600.0,Yes,4900.0,717.0,34800.0,17400.0,Education EMI,262000.0,10,Not_Eligible,500.0
32.0,Female,Single,Graduate,18000.0,Private,0.5,MNC,Rented,3400.0,1,0,0.0,0.0,1900.0,3500.0,2000.0,No,0.0,695.0,84500.0,33800.0,Home Appliances EMI,174000.0,34,Not_Eligible,2880.0
27.0,Male,Single,Graduate,18000.0,Self-employed,0.6,Mid-size,Own,0.0,2,1,8900.0,0.0,1300.0,4000.0,2900.0,No,0.0,703.0,18300.0,10100.0,Education EMI,252000.0,17,Not_Eligible,500.0
32.0,Male,Married,Post Graduate,63900.0,Private,7.0,Startup,Rented,18200.0,5,4,0.0,0.0,3200.0,18000.0,10400.0,No,0.0,676.0,129900.0,59700.0,Home Appliances EMI,112000.0,10,Not_Eligible,7050.0
58.0,Male,Married,Professional,53600.0,Private,3.3,Startup,Rented,15400.0,3,2,0.0,0.0,4700.0,9300.0,7700.0,No,0.0,668.0,414600.0,243200.0,E-commerce Shopping EMI,116000.0,16,High_Risk,9075.0
32.0,Male,Married,High School,20900.0,Private,5.8,Mid-size,Family,0.0,3,2,0.0,17400.0,1900.0,3600.0,3000.0,No,0.0,716.0,14300.0,7100.0,Education EMI,445000.0,6,Not_Eligible,500.0
58.0,Male,Single,Professional,36600.0,Private,1.1,Small,Own,0.0,3,2,12300.0,0.0,4300.0,9800.0,2700.0,No,0.0,717.0,108000.0,43600.0,Home Appliances EMI,69000.0,25,High_Risk,3750.0
58.0,Female,Married,High School,60100.0,Private,5.1,Startup,Own,0.0,2,1,0.0,0.0,6100.0,12200.0,6000.0,No,0.0,721.0,33300.0,12900.0,E-commerce Shopping EMI,175000.0,9,Not_Eligible,14320.0
38.0,Female,Married,Graduate,46400.0,Self-employed,3.9,Large Indian,Own,0.0,4,3,11400.0,0.0,3500.0,10900.0,3500.0,Yes,6600.0,635.0,190600.0,105300.0,E-commerce Shopping EMI,41000.0,23,Eligible,2646.0
48.0,Female,Married,Graduate,18000.0,Private,20.4,Large Indian,Family,0.0,2,1,12900.0,0.0,1900.0,4600.0,1700.0,Yes,4900.0,718.0,92100.0,37000.0,Personal Loan EMI,874000.0,15,Not_Eligible,500.0
32.0,Male,Single,Professional,70000.0,Private,0.6,Mid-size,Own,0.0,2,1,5700.0,0.0,8100.0,10800.0,9000.0,Yes,12600.0,674.0,486900.0,239800.0,E-commerce Shopping EMI,66000.0,6,Not_Eligible,7330.4
38.0,Male,Married,Graduate,20400.0,Private,11.0,Startup,Own,0.0,3,2,0.0,0.0,2900.0,5000.0,1200.0,No,0.0,751.0,84200.0,39200.0,E-commerce Shopping EMI,36000.0,23,Eligible,6780.0
32.0,M,Married,Graduate,16900.0,Government,0.5,MNC,Rented,5200.0,4,3,7000.0,0.0,1800.0,4700.0,2500.0,No,0.0,759.0,102800.0,20900.0,Education EMI,118000.0,37,Not_Eligible,500.0
32.0,Female,Married,High School,85100.0,Private,0.5,Mid-size,Rented,21600.0,2,1,7400.0,0.0,8100.0,24300.0,9100.0,No,0.0,767.0,476900.0,258400.0,Home Appliances EMI,125000.0,20,High_Risk,7008.0
32.0,Male,Single,High School,52300.0,Private,0.5,Startup,Rented,18000.0,1,0,0.0,0.0,7600.0,14300.0,3800.0,No,0.0,679.0,31200.0,18300.0,Home Appliances EMI,201000.0,6,Not_Eligible,2752.0
38.0,Female,Married,Graduate,108500.0,Government,5.1,Small,Rented,18200.0,2,1,5500.0,8900.0,11500.0,19100.0,16000.0,No,0.0,779.0,694900.0,187100.0,Education EMI,361000.0,32,Eligible,21271.8
58.0,Male,Married,Graduate,82800.0,Private,0.5,Mid-size,Rented,23400.0,3,2,0.0,0.0,8600.0,16900.0,6100.0,Yes,11000.0,636.0,67900.0,18400.0,E-commerce Shopping EMI,34000.0,12,Not_Eligible,3010.56
38.0,Male,Married,Graduate,20600.0,Self-employed,0.5,Startup,Family,12577.0,4,3,0.0,0.0,1600.0,4300.0,1400.0,No,0.0,762.0,18900.0,4700.0,Education EMI,291000.0,12,Not_Eligible,5745.6
32.0,Female,Married,Graduate,103400.0,Private,1.8,Large Indian,Rented,28200.0,3,2,6200.0,21200.0,12900.0,20000.0,13200.0,No,0.0,679.0,730200.0,256200.0,E-commerce Shopping EMI,27000.0,10,Not_Eligible,935.0
32.0,Male,Married,Post Graduate,63800.0,Private,0.5,Small,Own,0.0,2,1,8100.0,0.0,5800.0,9700.0,4000.0,No,0.0,656.0,168500.0,45100.0,Personal Loan EMI,596000.0,28,Not_Eligible,14480.0
38.0,Female,Married,Graduate,31400.0,Private,3.7,Mid-size,Own,0.0,5,4,10600.0,0.0,2600.0,5300.0,2600.0,Yes,7100.0,632.0,167200.0,71200.0,Vehicle EMI,801000.0,22,Not_Eligible,896.0
32.0,Male,Single,Graduate,31000.0,Private,3.0,Mid-size,Family,0.0,3,2,0.0,0.0,4000.0,9200.0,3700.0,No,0.0,691.0,145600.0,39800.0,Education EMI,422000.0,35,Not_Eligible,7050.0
32.0,Male,Married,Graduate,71500.0,Private,4.5,Mid-size,Own,0.0,4,3,11000.0,0.0,7700.0,19500.0,5700.0,Yes,20500.0,603.0,381700.0,175800.0,Home Appliances EMI,64000.0,13,Not_Eligible,1988.0
38.0,Male,Married,Post Graduate,107800.0,Private,16.0,Startup,Own,0.0,3,2,0.0,19100.0,6400.0,31600.0,12100.0,No,0.0,697.0,213700.0,68600.0,Vehicle EMI,1.427e+06,54,Not_Eligible,15440.0
32.0,Female,Single,Post Graduate,50000.0,Private,0.7,Startup,Own,0.0,2,1,3500.0,8700.0,2600.0,13500.0,8800.0,No,0.0,775.0,375400.0,137500.0,Home Appliances EMI,240000.0,7,Not_Eligible,6811.2
38.0,Male,Married,High School,42200.0,Government,10.8,Mid-size,Own,0.0,3,2,0.0,20600.0,5400.0,11800.0,7700.0,No,0.0,682.0,187800.0,41300.0,Home Appliances EMI,184000.0,36,Not_Eligible,500.0
48.0,Male,Married,Post Graduate,49700.0,Private,1.2,Small,Rented,11100.0,3,2,12600.0,0.0,6000.0,11900.0,3900.0,No,0.0,719.0,130000.0,71100.0,Vehicle EMI,1.163e+06,21,Not_Eligible,2100.0
38.0,Male,Married,Graduate,38300.0,Government,2.5,MNC,Rented,10700.0,3,2,11100.0,0.0,3800.0,10800.0,4400.0,No,0.0,712.0,92500.0,35700.0,Education EMI,414000.0,24,Not_Eligible,500.0
27.0,Male,Single,Graduate,15000.0,Private,5.0,MNC,Rented,3200.0,2,1,10300.0,0.0,900.0,3400.0,1500.0,Yes,4000.0,619.0,35500.0,17500.0,Personal Loan EMI,906000.0,13,Not_Eligible,500.0
38.0,Female,Married,Graduate,89000.0,Private,5.0,MNC,Own,0.0,4,3,0.0,0.0,10600.0,20700.0,14200.0,No,0.0,850.0,535800.0,174700.0,Vehicle EMI,921000.0,76,Eligible,28710.0
38.0,Male,Single,Professional,27000.0,Government,4.1,Mid-size,Family,0.0,1,0,0.0,0.0,2800.0,4300.0,3100.0,No,0.0,725.0,189800.0,46600.0,Vehicle EMI,1.474e+06,79,Not_Eligible,10164.0
27.0,Male,Single,Professional,28900.0,Private,1.5,Startup,Family,0.0,3,2,2600.0,0.0,2600.0,7600.0,4600.0,No,0.0,760.0,79700.0,28200.0,Home Appliances EMI,25000.0,27,Eligible,6900.0
48.0,Female,Married,Graduate,37800.0,Government,6.2,MNC,Own,0.0,4,3,13200.0,0.0,2800.0,9000.0,7500.0,Yes,10600.0,778.0,134500.0,68400.0,Education EMI,99000.0,47,Not_Eligible,500.0
38.0,Male,Married,Professional,115500.0,Private,0.5,MNC,Own,0.0,2,1,14100.0,0.0,10200.0,25600.0,18200.0,Yes,17800.0,624.0,867900.0,205300.0,Personal Loan EMI,610000.0,43,Not_Eligible,7293.44
38.0,Female,Married,Professional,62600.0,Private,9.0,Large Indian,Rented,16700.0,4,3,10800.0,0.0,7600.0,12400.0,9800.0,No,0.0,726.0,71600.0,42000.0,Personal Loan EMI,849000.0,35,Not_Eligible,2120.0
27.0,Female,Single,Graduate,18300.0,Government,0.5,MNC,Rented,4300.0,2,1,0.0,0.0,2000.0,5400.0,2700.0,No,0.0,750.0,12500.0,5100.0,Home Appliances EMI,122000.0,28,Not_Eligible,1872.0
32.0,Male,Single,Post Graduate,95600.0,Self-employed,0.6,Large Indian,Family,0.0,2,1,14000.0,0.0,11600.0,19400.0,13600.0,No,0.0,704.0,364000.0,169300.0,E-commerce Shopping EMI,125000.0,15,Eligible,16650.0
38.0,Male,Single,Professional,67200.0,Private,3.6,MNC,Rented,23100.0,2,1,8600.0,0.0,7600.0,16300.0,3600.0,No,0.0,658.0,55100.0,29400.0,Home Appliances EMI,272000.0,30,Not_Eligible,3200.0
38.0,Male,Married,Professional,85800.0,Private,2.0,Mid-size,Own,0.0,4,3,3800.0,10900.0,12600.0,21600.0,12700.0,Yes,19400.0,715.0,555900.0,125500.0,Vehicle EMI,499000.0,23,Not_Eligible,1848.0
58.0,Female,Married,Graduate,38300.0,Self-employed,32.2,Mid-size,Rented,11700.0,4,3,0.0,0.0,4100.0,6900.0,7200.0,No,0.0,794.0,295400.0,167100.0,E-commerce Shopping EMI,169000.0,13,Not_Eligible,4989.6
48.0,Female,Married,High School,36600.0,Private,1.1,Large Indian,Rented,12100.0,2,1,0.0,12700.0,5000.0,7300.0,4600.0,Yes,3900.0,639.0,264700.0,95400.0,Home Appliances EMI,112000.0,17,Not_Eligible,500.0
38.0,Female,Married,Graduate,63700.0,Private,6.2,MNC,Rented,20800.0,3,2,7400.0,0.0,7700.0,14300.0,6200.0,No,0.0,678.0,51300.0,25300.0,Education EMI,410000.0,24,Not_Eligible,2920.0
32.0,Male,Married,Graduate,33000.0,Government,0.5,Mid-size,Own,0.0,4,3,14100.0,0.0,4200.0,9700.0,2900.0,No,0.0,647.0,57700.0,12000.0,Vehicle EMI,1.486e+06,68,Not_Eligible,672.0
58.0,Male,Married,High School,50400.0,Private,1.9,Startup,Rented,13600.0,2,1,4900.0,18300.0,2500.0,11400.0,9800.0,Yes,11400.0,632.0,380500.0,100000.0,Personal Loan EMI,692000.0,15,Not_Eligible,500.0
32.0,Male,Married,Graduate,46700.0,Government,7.1,Small,Rented,7600.0,3,2,7000.0,0.0,6600.0,8900.0,8300.0,Yes,12400.0,722.0,192500.0,87900.0,E-commerce Shopping EMI,172000.0,16,Not_Eligible,500.0
38.0,Male,Married,Graduate,59000.0,Private,16.0,Mid-size,Family,0.0,4,3,6400.0,0.0,8700.0,12000.0,3400.0,No,0.0,740.0,73100.0,21600.0,Home Appliances EMI,180000.0,31,Eligible,11400.0
38.0,Female,Married,Graduate,15000.0,Private,2.1,Mid-size,Rented,4500.0,4,3,12200.0,12900.0,1000.0,4300.0,2800.0,No,0.0,644.0,12800.0,3000.0,E-commerce Shopping EMI,158000.0,18,Not_Eligible,500.0
32.0,Male,Married,Graduate,28600.0,Government,0.5,Large Indian,Own,17406.0,4,3,8600.0,0.0,3500.0,7500.0,1800.0,Yes,4100.0,770.0,106300.0,51400.0,Personal Loan EMI,169000.0,12,Not_Eligible,1302.0
58.0,Male,Married,Graduate,45900.0,Private,6.7,Large Indian,Own,0.0,5,4,0.0,0.0,5500.0,9300.0,3300.0,Yes,11200.0,698.0,91800.0,44700.0,Home Appliances EMI,127000.0,35,Eligible,5810.0
38.0,Male,Married,Post Graduate,112100.0,Private,3.9,Large Indian,Family,0.0,3,2,13400.0,0.0,7600.0,20100.0,22200.0,No,0.0,756.0,247800.0,95200.0,E-commerce Shopping EMI,50000.0,7,Eligible,29280.0
48.0,Female,Married,Graduate,62300.0,Government,9.3,Small,Family,0.0,3,2,8800.0,5500.0,4900.0,13500.0,8000.0,Yes,18100.0,819.0,251900.0,95500.0,E-commerce Shopping EMI,47000.0,15,Not_Eligible,1617.0
27.0,Female,Married,Graduate,50900.0,Private,0.5,Large Indian,Own,0.0,3,2,3000.0,9200.0,7000.0,15300.0,4700.0,No,0.0,636.0,286000.0,159800.0,Home Appliances EMI,234000.0,6,Not_Eligible,3744.0
27.0,Male,Single,Post Graduate,55800.0,Private,3.9,Small,Rented,14300.0,2,1,0.0,10300.0,8200.0,13500.0,9400.0,Yes,14200.0,640.0,71100.0,,Vehicle EMI,1.479e+06,13,Not_Eligible,500.0
32.0,Male,Married,Graduate,21600.0,Private,3.6,Large Indian,Own,0.0,3,2,0.0,23000.0,1700.0,4700.0,2900.0,No,0.0,682.0,168000.0,81500.0,Personal Loan EMI,948000.0,12,Not_Eligible,500.0
38.0,Male,Single,Graduate,70800.0,Government,3.9,Startup,Family,0.0,1,0,0.0,0.0,4800.0,19100.0,5000.0,Yes,17700.0,762.0,198500.0,57800.0,Vehicle EMI,576000.0,83,High_Risk,11180.4
58.0,Male,Married,Graduate,40500.0,Private,7.6,Large Indian,Own,0.0,3,2,8800.0,0.0,6000.0,7900.0,7500.0,Yes,8200.0,669.0,22000.0,9600.0,Education EMI,393000.0,25,Not_Eligible,588.0
32.0,Female,Married,Graduate,28600.0,Private,5.0,Startup,Rented,7900.0,3,2,9000.0,0.0,4000.0,7200.0,4100.0,Yes,5500.0,644.0,52300.0,18600.0,Education EMI,272000.0,48,Not_Eligible,500.0
27.0,Female,Married,Graduate,105900.0,Private,2.2,Mid-size,Own,0.0,3,2,10200.0,0.0,6700.0,16200.0,11200.0,No,0.0,748.0,432600.0,156700.0,Home Appliances EMI,66000.0,25,Eligible,30800.0
32.0,Male,Married,Professional,76700.0,Private,3.5,Startup,Rented,22500.0,5,4,12500.0,0.0,11200.0,17500.0,6300.0,No,0.0,776.0,604500.0,161500.0,Personal Loan EMI,866000.0,24,Not_Eligible,4422.0
32.0,Female,Married,Professional,68500.0,Private,1.8,Startup,Own,0.0,4,3,6000.0,0.0,9500.0,14000.0,3700.0,Yes,18400.0,637.0,240300.0,83400.0,Vehicle EMI,733000.0,63,Not_Eligible,4732.0
58.0,Female,Married,Post Graduate,104300.0,Private,3.1,MNC,Rented,19300.0,3,2,11000.0,5400.0,8500.0,26700.0,9600.0,No,0.0,713.0,268400.0,98800.0,Personal Loan EMI,413000.0,33,Not_Eligible,11900.0
27.0,Male,Single,Professional,74900.0,Private,4.4,Startup,Own,0.0,1,0,0.0,0.0,11100.0,12100.0,5200.0,Yes,18200.0,597.0,574000.0,203200.0,Education EMI,463000.0,10,Not_Eligible,8716.4
27.0,Male,Married,Graduate,34900.0,Private,1.0,MNC,Rented,,3,2,11600.0,0.0,4700.0,8700.0,3800.0,Yes,9900.0,659.0,133200.0,51200.0,Personal Loan EMI,935000.0,17,Not_Eligible,500.0
48.0,Female,Married,Graduate,53300.0,Private,0.7,Mid-size,Own,0.0,2,1,14700.0,0.0,7700.0,12100.0,2900.0,No,0.0,688.0,165300.0,38300.0,Education EMI,352000.0,13,Not_Eligible,6360.0
38.0,Female,Single,Post Graduate,37500.0,Private,10.2,Mid-size,Rented,11300.0,1,0,0.0,0.0,5300.0,7900.0,5400.0,No,0.0,758.0,22300.0,6000.0,Personal Loan EMI,155000.0,58,Not_Eligible,3648.0
48.0,Male,Married,Graduate,29200.0,Private,4.2,Large Indian,Rented,7500.0,3,2,0.0,0.0,4300.0,5800.0,1900.0,No,0.0,557.0,107200.0,62300.0,Personal Loan EMI,721000.0,39,Not_Eligible,3880.0
28.0,Female,Married,Professional,73163.0,Government,5.0,Startup,Own,0.0,2,1,0.0,0.0,9600.0,11400.0,8300.0,No,0.0,1200.0,169600.0,36500.0,Personal Loan EMI,986000.0,19,Not_Eligible,30030.0
32.0,Male,Married,Graduate,26300.0,Government,2.1,MNC,Family,0.0,4,3,0.0,18400.0,2200.0,7000.0,5100.0,No,0.0,732.0,173800.0,53400.0,Home Appliances EMI,208000.0,10,Not_Eligible,500.0
32.0,Male,Married,Professional,5278.0,Private,2.2,Mid-size,Own,0.0,3,2,5400.0,0.0,12800.0,23900.0,15700.0,Yes,26000.0,677.0,124800.0,58900.0,Personal Loan EMI,363000.0,46,Not_Eligible,1792.0
32.0,Female,Married,Post Graduate,40800.0,Government,4.0,MNC,Rented,10200.0,4,3,0.0,0.0,5800.0,9200.0,4100.0,Yes,11600.0,617.0,138900.0,67800.0,Personal Loan EMI,491000.0,59,Not_Eligible,500.0
48.0,Male,Married,Graduate,68500.0,Private,10.6,Mid-size,Own,0.0,3,2,0.0,0.0,7100.0,15000.0,13000.0,Yes,19400.0,759.0,219000.0,93100.0,Home Appliances EMI,264000.0,19,Not_Eligible,5880.0
38.0,Female,Married,High School,25900.0,Private,2.1,Mid-size,Rented,5400.0,4,3,14100.0,0.0,2400.0,4100.0,4600.0,No,0.0,592.0,54700.0,17600.0,Education EMI,187000.0,6,Not_Eligible,500.0
38.0,Female,Married,Graduate,28800.0,Private,0.7,Large Indian,Rented,6600.0,3,2,4800.0,21500.0,1900.0,6400.0,4400.0,No,0.0,599.0,58500.0,23700.0,Vehicle EMI,396000.0,66,Not_Eligible,500.0
48.0,Female,Married,Post Graduate,107400.0,Private,4.7,Small,Rented,24200.0,4,3,0.0,0.0,10400.0,24400.0,18800.0,No,0.0,749.0,305700.0,160200.0,Vehicle EMI,1.161e+06,43,Not_Eligible,14800.0
58.0,Male,Married,Post Graduate,69900.0,Private,8.6,Small,Family,0.0,4,3,0.0,10000.0,9300.0,11900.0,12300.0,Yes,8500.0,714.0,103700.0,57600.0,Education EMI,427000.0,43,Not_Eligible,5012.0
38.0,Female,Married,Graduate,27600.0,Private,10.4,Mid-size,Rented,4500.0,5,4,0.0,0.0,1600.0,5000.0,2300.0,No,0.0,721.0,198800.0,60700.0,Education EMI,133000.0,44,Eligible,7810.0
38.0,Male,Married,Graduate,46400.0,Government,7.2,Large Indian,Own,0.0,3,2,2900.0,0.0,3300.0,9600.0,9300.0,No,0.0,729.0,316400.0,133100.0,Personal Loan EMI,837000.0,41,Not_Eligible,12886.5
38.0,Female,Married,High School,60600.0,Government,1.3,Mid-size,Own,0.0,4,3,0.0,5500.0,7200.0,13600.0,8300.0,No,0.0,676.0,370800.0,176900.0,E-commerce Shopping EMI,159000.0,13,High_Risk,14300.0
38.0,Male,Married,Post Graduate,98200.0,Government,5.9,Large Indian,Own,0.0,4,3,0.0,0.0,8100.0,27200.0,13200.0,No,0.0,769.0,,211100.0,Education EMI,54000.0,38,Eligible,32802.0
58.0,Male,Married,Post Graduate,91700.0,Government,16.1,Small,Own,0.0,2,1,10800.0,0.0,7800.0,14700.0,13900.0,Yes,25700.0,731.0,599300.0,238700.0,Vehicle EMI,554000.0,59,Not_Eligible,7961.8
32.0,Female,Married,Graduate,64400.0,Private,5.5,MNC,Rented,21700.0,3,2,0.0,0.0,5000.0,13800.0,11000.0,No,0.0,786.0,333100.0,113600.0,Education EMI,298000.0,20,Not_Eligible,7740.0
58.0,Male,Married,Post Graduate,113000.0,Government,5.6,Mid-size,Family,0.0,4,3,6800.0,0.0,10500.0,17900.0,9100.0,No,0.0,761.0,893700.0,361100.0,Vehicle EMI,514000.0,60,Eligible,49876.2
38.0,Male,Married,Graduate,52800.0,Private,3.4,Large Indian,Rented,8600.0,3,2,0.0,0.0,5400.0,10800.0,10500.0,Yes,10500.0,745.0,46900.0,9500.0,Home Appliances EMI,67000.0,29,Not_Eligible,1960.0
48.0,Male,Married,Graduate,50000.0,Private,0.8,Large Indian,Rented,8300.0,4,3,0.0,0.0,2900.0,14500.0,9600.0,Yes,13700.0,588.0,309500.0,178000.0,Education EMI,357000.0,31,Not_Eligible,500.0
32.0,Male,Married,Post Graduate,46400.0,Private,8.0,Mid-size,Family,0.0,3,2,4500.0,5900.0,4400.0,7500.0,5200.0,Yes,6500.0,752.0,166500.0,42100.0,E-commerce Shopping EMI,125000.0,19,Not_Eligible,5208.0
48.0,Female,Married,Graduate,26300.0,Private,3.3,Startup,Own,0.0,4,3,0.0,0.0,1600.0,4800.0,3300.0,No,0.0,651.0,71100.0,38700.0,Personal Loan EMI,703000.0,58,Not_Eligible,8300.0
27.0,Female,Married,,35400.0,Private,0.5,Startup,Own,0.0,3,2,9600.0,14800.0,5000.0,6400.0,5100.0,Yes,10200.0,550.0,82400.0,31900.0,Vehicle EMI,1.272e+06,67,Not_Eligible,500.0
32.0,Male,Single,Graduate,55500.0,Private,0.5,Mid-size,Own,0.0,2,1,0.0,8700.0,3300.0,10600.0,2800.0,No,0.0,691.0,62500.0,14400.0,Education EMI,242000.0,16,Not_Eligible,9632.0
48.0,Male,Married,Graduate,44600.0,Government,17.5,Small,Own,0.0,2,1,10300.0,0.0,6600.0,8600.0,7500.0,No,0.0,770.0,35700.0,8100.0,Personal Loan EMI,217000.0,41,Not_Eligible,6124.8
58.0,Male,Married,Professional,65900.0,Private,21.8,Mid-size,Own,0.0,5,4,0.0,0.0,4900.0,13400.0,11700.0,Yes,19600.0,634.0,259800.0,121800.0,Education EMI,161000.0,13,Not_Eligible,4564.0
38.0,Male,Married,Professional,68300.0,Self-employed,7.3,MNC,Rented,16000.0,3,2,0.0,0.0,6500.0,15000.0,8900.0,No,0.0,655.0,404000.0,139200.0,Education EMI,329000.0,44,High_Risk,9855.0
48.0,Female,Married,High School,52600.0,Private,6.4,Mid-size,Rented,10700.0,2,1,0.0,21100.0,4600.0,15700.0,7400.0,No,0.0,708.0,259400.0,116600.0,E-commerce Shopping EMI,163000.0,9,Not_Eligible,500.0
38.0,Male,Single,Graduate,37100.0,Private,10.6,Startup,Own,0.0,2,1,6400.0,5300.0,3300.0,8300.0,5800.0,Yes,10500.0,666.0,147600.0,33000.0,Education EMI,350000.0,26,Not_Eligible,500.0
32.0,Male,Single,Graduate,20000.0,Private,2.9,Large Indian,Rented,3300.0,2,1,8100.0,12300.0,1700.0,5100.0,2600.0,Yes,3200.0,686.0,149800.0,62100.0,Vehicle EMI,819000.0,17,Not_Eligible,500.0
48.0,Female,Married,Post Graduate,95700.0,Private,3.9,Large Indian,Family,0.0,3,2,0.0,0.0,5900.0,15300.0,8900.0,No,0.0,662.0,569900.0,129800.0,Home Appliances EMI,133000.0,25,Eligible,32800.0
38.0,Male,Married,Graduate,71600.0,Private,0.5,Large Indian,Rented,19800.0,3,2,0.0,22600.0,7900.0,10700.0,11800.0,No,0.0,783.0,119800.0,53800.0,Education EMI,73000.0,24,Not_Eligible,500.0
27.0,Male,Single,Post Graduate,119500.0,Government,0.6,Startup,Own,0.0,3,2,0.0,6500.0,14100.0,21600.0,22900.0,Yes,17900.0,788.0,890600.0,178100.0,Personal Loan EMI,692000.0,32,Not_Eligible,16863.0
38.0,Female,Married,Graduate,46900.0,Private,0.8,MNC,Own,0.0,3,2,0.0,0.0,4200.0,10200.0,6900.0,No,0.0,693.0,141700.0,41500.0,Education EMI,145000.0,22,Eligible,10240.0
38.0,Male,Married,Post Graduate,78600.0,Private,1.7,Mid-size,Family,0.0,2,1,0.0,24300.0,9300.0,15100.0,11800.0,No,0.0,790.0,488800.0,223700.0,Home Appliances EMI,158000.0,7,Not_Eligible,11946.0
32.0,Male,Married,Graduate,25700.0,Private,10.0,MNC,Own,0.0,2,1,9600.0,0.0,1500.0,6600.0,4200.0,No,0.0,697.0,63300.0,27300.0,Vehicle EMI,1.429e+06,30,Not_Eligible,1900.0
38.0,Female,Married,Graduate,60500.0,Private,6.8,Mid-size,Rented,20600.0,4,3,7100.0,0.0,8100.0,16400.0,11800.0,Yes,6800.0,711.0,227600.0,128600.0,E-commerce Shopping EMI,111000.0,20,Not_Eligible,500.0
32.0,Male,Married,Professional,43300.0,Private,1.8,MNC,Rented,12900.0,4,3,4800.0,6100.0,4900.0,6700.0,7400.0,Yes,7000.0,649.0,263800.0,71900.0,Personal Loan EMI,396000.0,54,Not_Eligible,500.0
27.0,Female,Single,Graduate,38900.0,Private,1.0,MNC,Own,0.0,1,0,0.0,0.0,2600.0,10300.0,2600.0,No,0.0,714.0,245800.0,82900.0,Vehicle EMI,966000.0,62,Not_Eligible,12870.0
48.0,Female,Married,Graduate,20000.0,Government,23.3,Large Indian,Family,0.0,4,3,13200.0,0.0,2900.0,5500.0,2400.0,No,0.0,720.0,41000.0,15600.0,Personal Loan EMI,709000.0,23,Not_Eligible,500.0
48.0,Female,Single,Graduate,45100.0,Private,21.1,Startup,Family,0.0,2,1,2600.0,0.0,2700.0,8900.0,6300.0,No,0.0,667.0,174800.0,52000.0,Education EMI,55000.0,32,Eligible,12300.0
48.0,Male,Married,Professional,78900.0,Government,2.8,Large Indian,Own,0.0,2,1,3900.0,0.0,9800.0,14000.0,6300.0,Yes,18400.0,765.0,292700.0,91800.0,E-commerce Shopping EMI,21000.0,9,Eligible,11130.0
38.0,Male,Married,High School,42500.0,Private,10.6,MNC,Family,0.0,5,4,3700.0,19700.0,4700.0,12200.0,6600.0,No,0.0,789.0,94100.0,23800.0,Education EMI,231000.0,31,Not_Eligible,500.0
27.0,Male,Married,Graduate,51300.0,Private,1.2,MNC,Family,0.0,5,4,7700.0,21700.0,3000.0,11100.0,7400.0,No,0.0,639.0,319600.0,148800.0,Vehicle EMI,497000.0,37,Not_Eligible,500.0
27.0,Male,Single,Post Graduate,98300.0,Self-employed,2.4,MNC,Own,0.0,2,1,0.0,0.0,14500.0,24700.0,16600.0,No,0.0,689.0,433200.0,168900.0,Personal Loan EMI,832000.0,43,Not_Eligible,19125.0
38.0,Male,Married,Graduate,79800.0,Private,9.0,Mid-size,Own,0.0,4,3,0.0,0.0,9000.0,21200.0,9500.0,No,0.0,741.0,74000.0,29300.0,Home Appliances EMI,223000.0,9,Not_Eligible,16040.0
38.0,Male,Married,Professional,135900.0,Private,1.6,Mid-size,Own,0.0,3,2,0.0,0.0,10300.0,24600.0,11500.0,Yes,26300.0,707.0,793600.0,316700.0,Education EMI,389000.0,17,Not_Eligible,22120.0
32.0,Female,Single,Professional,192000.0,Government,7.8,MNC,Family,0.0,3,2,14700.0,0.0,27000.0,56900.0,22900.0,No,0.0,747.0,403500.0,188100.0,Vehicle EMI,1.415e+06,78,Eligible,38775.0
38.0,Male,Single,High School,25100.0,Private,9.6,Mid-size,Rented,5300.0,2,1,0.0,25000.0,3100.0,4600.0,4000.0,Yes,3200.0,613.0,118600.0,65200.0,E-commerce Shopping EMI,36000.0,14,Not_Eligible,500.0
32.0,Male,Married,Post Graduate,86800.0,Private,0.5,Large Indian,Own,0.0,2,1,8500.0,0.0,9800.0,15900.0,13000.0,Yes,9500.0,750.0,617900.0,359400.0,Home Appliances EMI,285000.0,20,Not_Eligible,11124.96
58.0,Male,Single,Graduate,75700.0,Private,8.7,Startup,Family,0.0,2,1,5100.0,0.0,8700.0,22100.0,8200.0,No,0.0,617.0,562300.0,202500.0,Personal Loan EMI,623000.0,14,Not_Eligible,13904.0
58.0,Male,Married,Graduate,25400.0,Private,10.8,MNC,Rented,,3,2,11300.0,0.0,1800.0,6000.0,2700.0,No,0.0,616.0,187700.0,109600.0,Home Appliances EMI,169000.0,28,Not_Eligible,500.0
48.0,Male,Married,Graduate,26700.0,Private,1.0,Large Indian,Own,0.0,5,4,5400.0,0.0,3200.0,4000.0,2200.0,No,0.0,754.0,36600.0,16800.0,Vehicle EMI,98000.0,14,Not_Eligible,5712.0
48.0,Female,Married,Graduate,49600.0,Private,7.2,MNC,Rented,15200.0,3,2,3700.0,0.0,3200.0,9900.0,8700.0,No,0.0,821.0,180700.0,76700.0,Education EMI,395000.0,48,Not_Eligible,5340.0
48.0,Male,Married,Post Graduate,79800.0,Private,23.4,MNC,Rented,22700.0,5,4,3000.0,7900.0,8300.0,12800.0,15900.0,Yes,19700.0,705.0,550900.0,269500.0,E-commerce Shopping EMI,65000.0,8,Not_Eligible,500.0
58.0,Male,Married,Graduate,95200.0,Private,12.8,Large Indian,Own,0.0,5,4,8300.0,0.0,9100.0,21900.0,13900.0,No,0.0,652.0,654900.0,179100.0,Vehicle EMI,990000.0,59,High_Risk,23100.0
48.0,Male,Married,Graduate,45000.0,Private,10.2,Startup,Own,0.0,3,2,12400.0,0.0,4600.0,9800.0,6000.0,Yes,7800.0,712.0,34700.0,7000.0,Education EMI,146000.0,43,Not_Eligible,1232.0
38.0,Female,Married,Graduate,56100.0,Private,1.0,Small,Own,0.0,2,1,6200.0,0.0,2900.0,10800.0,9200.0,Yes,11100.0,703.0,307100.0,122100.0,Home Appliances EMI,140000.0,11,Not_Eligible,5565.0
38.0,Male,Single,Post Graduate,122700.0,Private,3.6,Startup,Rented,36100.0,2,1,0.0,20000.0,7800.0,19400.0,9600.0,No,0.0,727.0,300100.0,117800.0,Education EMI,198000.0,48,Eligible,14900.0
32.0,F,Married,Professional,38700.0,Private,2.1,Mid-size,Family,0.0,2,1,12700.0,0.0,4200.0,6900.0,4500.0,Yes,5600.0,718.0,150900.0,34800.0,Home Appliances EMI,192000.0,31,Not_Eligible,1680.0
38.0,Male,Married,Graduate,83700.0,Private,0.5,Mid-size,Rented,24100.0,2,1,0.0,0.0,9700.0,24900.0,5400.0,Yes,9600.0,723.0,563700.0,285700.0,Personal Loan EMI,510000.0,34,Not_Eligible,3080.0
58.0,Female,Married,Graduate,32200.0,Private,22.1,Startup,Family,0.0,2,1,0.0,14400.0,2700.0,6300.0,4500.0,Yes,3400.0,669.0,142700.0,64300.0,Home Appliances EMI,146000.0,25,Not_Eligible,500.0
38.0,Male,Married,Post Graduate,64800.0,Private,6.9,Large Indian,Own,0.0,4,3,0.0,0.0,5700.0,14600.0,10000.0,Yes,16600.0,651.0,425600.0,144800.0,Education EMI,480000.0,16,Not_Eligible,6891.5
38.0,Male,Married,Graduate,81300.0,Private,4.1,Startup,Rented,18400.0,4,3,0.0,0.0,8600.0,24300.0,9000.0,Yes,10600.0,721.0,423700.0,175000.0,Education EMI,248000.0,34,Not_Eligible,3640.0
58.0,Female,Married,High School,41400.0,Private,13.7,Mid-size,Rented,8900.0,3,2,0.0,0.0,4300.0,8200.0,4200.0,No,0.0,714.0,52200.0,29900.0,E-commerce Shopping EMI,75000.0,24,Eligible,6320.0
27.0,Male,Single,Graduate,34500.0,Private,0.5,Large Indian,Own,0.0,3,2,3700.0,0.0,4900.0,8500.0,2600.0,Yes,5600.0,685.0,80800.0,34600.0,Vehicle EMI,1.4e+06,50,Not_Eligible,2576.0
48.0,Female,Married,Graduate,93700.0,Self-employed,0.5,Mid-size,Own,0.0,3,2,13500.0,0.0,10800.0,23600.0,8700.0,No,0.0,,581200.0,174300.0,Personal Loan EMI,135000.0,34,Eligible,22037.4
32.0,Female,Married,Professional,22500.0,Private,3.1,MNC,Rented,6400.0,3,2,10700.0,0.0,2700.0,4300.0,1400.0,No,0.0,679.0,144000.0,68500.0,Vehicle EMI,1.135e+06,64,Not_Eligible,500.0
32.0,Male,Married,Post Graduate,102900.0,Private,2.5,Mid-size,Rented,23500.0,3,2,3100.0,0.0,12400.0,20600.0,10900.0,Yes,25400.0,734.0,151700.0,91000.0,Personal Loan EMI,652000.0,19,Not_Eligible,1960.0
38.0,Female,Married,Professional,121800.0,Private,4.1,Large Indian,Rented,20200.0,3,2,0.0,0.0,8200.0,24800.0,7700.0,Yes,15700.0,683.0,920400.0,302200.0,Personal Loan EMI,52000.0,13,Eligible,17402.0
48.0,Male,Married,Graduate,40100.0,Private,3.1,Startup,Family,0.0,4,3,14100.0,14300.0,3200.0,6100.0,2800.0,No,0.0,759.0,34600.0,13900.0,E-commerce Shopping EMI,121000.0,13,Not_Eligible,500.0
37.0,Female,Married,Graduate,57125.0,Private,3.0,Large Indian,Own,0.0,3,2,5100.0,0.0,7700.0,14700.0,6900.0,No,0.0,760.0,383400.0,219100.0,Vehicle EMI,97000.0,19,Eligible,14256.0
31.0,Female,Married,Post Graduate,36070.0,Government,1.7,Large Indian,Family,0.0,2,1,13900.0,0.0,2500.0,9300.0,5900.0,No,0.0,767.0,250900.0,53200.0,E-commerce Shopping EMI,151000.0,7,Not_Eligible,3828.0
48.0,Male,Married,Professional,57300.0,Government,1.2,Mid-size,Rented,15500.0,3,2,9500.0,0.0,3000.0,14500.0,4700.0,No,0.0,655.0,434300.0,109600.0,Personal Loan EMI,766000.0,58,Not_Eligible,5555.0
48.0,Female,Married,Graduate,95600.0,Private,0.7,Large Indian,Own,0.0,5,4,0.0,22200.0,7000.0,25600.0,15100.0,Yes,16600.0,613.0,672700.0,313000.0,Vehicle EMI,1.207e+06,25,Not_Eligible,2242.24
58.0,Female,Single,High School,70400.0,Private,6.0,Large Indian,Own,0.0,2,1,6400.0,0.0,9900.0,19300.0,4600.0,No,0.0,714.0,140200.0,31000.0,Personal Loan EMI,678000.0,47,Not_Eligible,12080.0
58.0,Male,Married,Graduate,51700.0,Private,4.7,MNC,Own,0.0,2,1,5200.0,0.0,4200.0,14900.0,6700.0,No,0.0,549.0,311500.0,176600.0,Education EMI,281000.0,30,Not_Eligible,5692.5
38.0,Female,Married,Graduate,52900.0,Self-employed,0.6,Large Indian,Rented,11300.0,3,2,14100.0,24600.0,5100.0,11000.0,8200.0,Yes,9000.0,665.0,207200.0,112000.0,Education EMI,468000.0,23,Not_Eligible,500.0
27.0,Male,Single,Graduate,34500.0,Government,1.4,Mid-size,Family,0.0,1,0,0.0,0.0,3500.0,7900.0,2700.0,No,0.0,767.0,272400.0,81100.0,Vehicle EMI,565000.0,78,Eligible,13464.0
48.0,Male,Married,Graduate,33400.0,Self-employed,21.0,Startup,Family,0.0,5,4,0.0,13800.0,4200.0,7100.0,6100.0,Yes,4700.0,665.0,125200.0,25400.0,Home Appliances EMI,90000.0,23,Not_Eligible,500.0
38.0,Male,Married,Post Graduate,22200.0,Private,2.7,Mid-size,Family,0.0,3,2,4300.0,0.0,1700.0,6300.0,3800.0,No,0.0,674.0,142000.0,34100.0,Personal Loan EMI,714000.0,12,Not_Eligible,3355.0
38.0,Female,Married,High School,48000.0,Private,7.3,Mid-size,Own,0.0,2,1,0.0,0.0,5500.0,7900.0,9100.0,No,0.0,686.0,122100.0,30100.0,Personal Loan EMI,724000.0,25,Not_Eligible,12750.0
48.0,Female,Married,Professional,69900.0,Government,1.0,Large Indian,Rented,16400.0,2,1,0.0,0.0,6000.0,19200.0,6700.0,No,0.0,766.0,390700.0,218100.0,Home Appliances EMI,186000.0,33,Eligible,12960.0
38.0,Male,Married,Post Graduate,43000.0,Private,4.2,Startup,Family,0.0,5,4,11500.0,0.0,3700.0,10700.0,4500.0,No,0.0,707.0,177300.0,40500.0,E-commerce Shopping EMI,98000.0,19,High_Risk,6300.0
38.0,Male,Married,Post Graduate,85500.0,Government,0.8,MNC,Rented,27900.0,2,1,0.0,0.0,10000.0,22000.0,12000.0,No,0.0,761.0,656000.0,323000.0,Education EMI,205000.0,20,Not_Eligible,8976.0
27.0,Female,Single,High School,61700.0,Private,0.5,Startup,Own,0.0,2,1,14500.0,0.0,5600.0,9400.0,4900.0,No,0.0,688.0,141300.0,29000.0,Home Appliances EMI,213000.0,28,High_Risk,10920.0
32.0,Male,Married,Graduate,69800.0,Self-employed,1.8,Mid-size,Rented,15700.0,4,3,0.0,17600.0,9700.0,15000.0,4600.0,No,0.0,692.0,68900.0,29200.0,Home Appliances EMI,51000.0,29,Eligible,2592.0
38.0,Female,Married,High School,37400.0,Private,4.3,MNC,Rented,10700.0,4,3,0.0,0.0,4400.0,5800.0,6400.0,Yes,7300.0,554.0,103600.0,55800.0,E-commerce Shopping EMI,136000.0,10,Not_Eligible,784.0
32.0,Female,Married,Post Graduate,51600.0,Private,4.1,MNC,Rented,9200.0,3,2,5700.0,0.0,4400.0,15400.0,6800.0,No,0.0,731.0,129000.0,35200.0,Home Appliances EMI,265000.0,27,Not_Eligible,5050.0
27.0,Male,Single,Graduate,68300.0,Private,1.4,Mid-size,Own,0.0,1,0,0.0,0.0,4000.0,13000.0,4100.0,Yes,18400.0,666.0,365500.0,160200.0,Education EMI,297000.0,43,High_Risk,10080.0
32.0,Male,Married,Graduate,18000.0,Private,2.1,Large Indian,Rented,6300.0,3,2,0.0,0.0,2500.0,4200.0,3500.0,No,0.0,754.0,30300.0,13400.0,Education EMI,475000.0,27,Not_Eligible,720.0
48.0,Male,Married,Graduate,99400.0,Private,17.7,Large Indian,Own,0.0,4,3,12000.0,0.0,9700.0,29000.0,14700.0,Yes,10100.0,664.0,51800.0,20300.0,Vehicle EMI,488000.0,71,Not_Eligible,6692.0
27.0,Male,Married,Graduate,42600.0,Private,3.7,Mid-size,Rented,8700.0,3,2,0.0,0.0,5300.0,10200.0,7500.0,Yes,11600.0,596.0,335000.0,170300.0,Vehicle EMI,479000.0,25,Not_Eligible,500.0
48.0,Male,Married,Post Graduate,35900.0,Private,1.3,MNC,Rented,8700.0,3,2,5100.0,0.0,4500.0,7500.0,2900.0,Yes,6700.0,533.0,98200.0,27400.0,Home Appliances EMI,148000.0,14,Not_Eligible,500.0
27.0,Female,Single,Post Graduate,52000.0,Private,2.7,Large Indian,Family,0.0,2,1,3000.0,0.0,6900.0,10100.0,7400.0,Yes,5300.0,621.0,53600.0,25900.0,Home Appliances EMI,38000.0,11,High_Risk,4323.2
48.0,Male,Married,Post Graduate,23400.0,Private,13.9,Large Indian,Rented,7100.0,3,2,0.0,10200.0,3500.0,4700.0,2600.0,Yes,6300.0,711.0,174200.0,101100.0,Personal Loan EMI,110000.0,56,Not_Eligible,500.0
32.0,Male,Married,Graduate,85000.0,Self-employed,8.1,Large Indian,Family,0.0,3,2,13800.0,0.0,10300.0,19800.0,9700.0,Yes,23800.0,0.0,491000.0,293500.0,Education EMI,187000.0,15,Not_Eligible,2394.0
38.0,Female,Married,Graduate,73600.0,Government,5.5,Mid-size,Own,0.0,3,2,0.0,0.0,5400.0,19700.0,3800.0,No,0.0,850.0,562700.0,136600.0,Vehicle EMI,1.152e+06,39,Not_Eligible,32452.2
38.0,Female,Married,Post Graduate,111300.0,Private,9.4,Mid-size,Rented,21900.0,3,2,0.0,0.0,14700.0,25100.0,18700.0,Yes,31600.0,734.0,459400.0,243600.0,E-commerce Shopping EMI,184000.0,4,Not_Eligible,500.0
38.0,Male,Married,Graduate,46200.0,Private,5.1,Large Indian,Own,0.0,3,2,0.0,20100.0,4000.0,9200.0,2700.0,Yes,7700.0,676.0,316500.0,161300.0,Home Appliances EMI,100000.0,30,Not_Eligible,962.5
48.0,Male,Married,Professional,39800.0,Private,2.3,Large Indian,Family,18629.0,4,3,0.0,0.0,5100.0,7000.0,7300.0,No,0.0,644.0,92200.0,53700.0,E-commerce Shopping EMI,155000.0,13,Not_Eligible,8160.0
38.0,Male,Married,Graduate,87900.0,Private,0.8,Mid-size,Family,0.0,4,3,11900.0,0.0,12700.0,24000.0,7800.0,No,0.0,850.0,479800.0,266500.0,Vehicle EMI,1.108e+06,31,Not_Eligible,15120.0
27.0,Female,Single,Graduate,91500.0,Private,3.1,Mid-size,Rented,28500.0,2,1,0.0,13200.0,8400.0,22500.0,11900.0,Yes,22800.0,629.0,324300.0,137800.0,Personal Loan EMI,69000.0,44,Not_Eligible,500.0
32.0,Male,Married,Graduate,49300.0,Self-employed,2.8,Mid-size,Family,0.0,2,1,7900.0,24500.0,4600.0,8000.0,4200.0,Yes,14100.0,721.0,197200.0,45900.0,Personal Loan EMI,903000.0,50,Not_Eligible,500.0
48.0,Female,Married,Post Graduate,86100.0,Private,1.3,Large Indian,Own,0.0,2,1,4500.0,0.0,11000.0,21100.0,6400.0,No,0.0,746.0,206300.0,91200.0,Vehicle EMI,1.295e+06,21,Not_Eligible,21550.0
38.0,Male,Single,Post Graduate,43100.0,Private,1.1,Mid-size,Rented,8600.0,2,1,10700.0,0.0,5800.0,12800.0,7100.0,Yes,9600.0,557.0,338700.0,135700.0,Personal Loan EMI,633000.0,51,Not_Eligible,500.0
32.0,Male,Single,Graduate,86100.0,Private,1.7,Mid-size,Rented,26800.0,2,1,11000.0,5500.0,12400.0,15200.0,12300.0,No,0.0,802.0,151600.0,59700.0,Home Appliances EMI,171000.0,20,Not_Eligible,1392.0
48.0,Male,Married,Graduate,78400.0,Government,3.8,Large Indian,Family,0.0,5,4,9100.0,7600.0,7200.0,23400.0,6100.0,No,0.0,850.0,448400.0,162100.0,Home Appliances EMI,294000.0,21,High_Risk,16500.0
32.0,Male,Married,Graduate,47900.0,Private,2.0,MNC,Family,0.0,3,2,0.0,0.0,5800.0,14300.0,8300.0,Yes,11200.0,638.0,143000.0,69000.0,Home Appliances EMI,94000.0,9,Not_Eligible,2324.0
48.0,Male,Married,Post Graduate,71100.0,Government,3.1,Mid-size,Own,0.0,4,3,8000.0,0.0,7100.0,20300.0,12400.0,Yes,19300.0,734.0,240400.0,63700.0,Home Appliances EMI,184000.0,28,Not_Eligible,1540.0
38.0,Female,Married,Post Graduate,26000.0,Private,2.3,Startup,Own,0.0,5,4,5700.0,0.0,1500.0,5900.0,5100.0,Yes,7100.0,701.0,198100.0,69000.0,Home Appliances EMI,189000.0,28,Not_Eligible,500.0
58.0,Male,Married,High School,25800.0,Private,14.4,Mid-size,Family,0.0,3,2,0.0,19600.0,3500.0,5900.0,3100.0,No,0.0,836.0,136800.0,62700.0,Personal Loan EMI,886000.0,40,Not_Eligible,500.0
48.0,Male,Married,Graduate,63400.0,Private,21.5,Mid-size,Family,0.0,2,1,0.0,0.0,5300.0,14300.0,6500.0,No,0.0,724.0,352300.0,84900.0,Personal Loan EMI,898000.0,25,Not_Eligible,18650.0
58.0,Female,Married,Post Graduate,26000.0,Self-employed,3.1,Mid-size,Own,0.0,3,2,4800.0,0.0,2900.0,4100.0,3000.0,Yes,4000.0,629.0,63000.0,16300.0,Education EMI,483000.0,10,Not_Eligible,1814.4
27.0,Female,Single,Professional,27000.0,Government,0.5,Mid-size,Rented,9300.0,3,2,6500.0,0.0,3400.0,6500.0,5200.0,No,0.0,764.0,213700.0,95400.0,Personal Loan EMI,789000.0,52,Not_Eligible,500.0
48.0,Female,Married,High School,21100.0,Private,3.8,Mid-size,Family,0.0,4,3,10700.0,0.0,2500.0,3300.0,2600.0,Yes,5700.0,671.0,25600.0,10500.0,E-commerce Shopping EMI,123000.0,19,Not_Eligible,500.0
38.0,Male,Married,Post Graduate,94200.0,Private,4.7,Large Indian,Family,0.0,4,3,0.0,0.0,10800.0,26000.0,15200.0,No,0.0,733.0,684900.0,378500.0,Education EMI,174000.0,33,Eligible,23210.0
48.0,Male,Married,Graduate,43800.0,Government,15.1,Startup,Rented,8200.0,2,1,0.0,0.0,2200.0,13000.0,3100.0,Yes,5100.0,648.0,187200.0,91900.0,Personal Loan EMI,877000.0,54,Not_Eligible,3757.6
32.0,Male,Married,Graduate,92000.0,Private,10.0,Mid-size,Family,0.0,4,3,4200.0,7600.0,8900.0,22500.0,15600.0,No,0.0,814.0,281500.0,110400.0,Vehicle EMI,1.312e+06,54,Not_Eligible,19920.0
32.0,Female,Single,Graduate,62000.0,Private,2.0,Large Indian,Rented,15800.0,3,2,0.0,0.0,6700.0,17100.0,7100.0,No,0.0,716.0,191500.0,44600.0,Personal Loan EMI,544000.0,32,Not_Eligible,7650.0
32.0,Male,Single,High School,35300.0,Private,0.5,Large Indian,Rented,10800.0,3,2,12500.0,0.0,4500.0,9700.0,2100.0,No,0.0,783.0,203600.0,83000.0,Vehicle EMI,545000.0,77,Not_Eligible,500.0
32.0,Male,Single,Professional,41500.0,Government,10.0,Small,Own,0.0,2,1,14900.0,0.0,3200.0,11400.0,6900.0,No,0.0,781.0,41800.0,12200.0,Vehicle EMI,1.467e+06,19,Not_Eligible,2692.8
27.0,Female,Single,Post Graduate,47200.0,Self-employed,2.8,Mid-size,Rented,8000.0,1,0,0.0,0.0,2600.0,12600.0,9400.0,No,0.0,702.0,100400.0,45700.0,Home Appliances EMI,176000.0,24,Not_Eligible,6570.0
32.0,male,Single,Post Graduate,93000.0,Private,2.8,Mid-size,Own,0.0,1,0,0.0,0.0,10400.0,18700.0,11000.0,No,0.0,713.0,180600.0,95600.0,Personal Loan EMI,184000.0,41,Eligible,21160.0
38.0,Male,Married,Graduate,56000.0,Self-employed,4.0,Large Indian,Own,0.0,5,4,4600.0,12700.0,3700.0,14000.0,10500.0,No,0.0,683.0,145500.0,33200.0,Home Appliances EMI,23000.0,28,Eligible,4725.0
38.0,Male,Married,High School,41700.0,Private,9.9,Mid-size,Rented,13200.0,3,2,0.0,0.0,2900.0,9200.0,3900.0,No,0.0,735.0,286800.0,148800.0,Home Appliances EMI,43000.0,17,Eligible,6875.0
58.0,Female,Married,Post Graduate,116600.0,Private,22.2,MNC,Rented,39000.0,2,1,6100.0,15400.0,13400.0,27900.0,8000.0,No,0.0,718.0,729500.0,148100.0,Personal Loan EMI,459000.0,46,Not_Eligible,3740.0
38.0,Male,Married,Graduate,57400.0,Government,2.9,Large Indian,Family,0.0,4,3,0.0,13500.0,5800.0,10600.0,3100.0,No,0.0,850.0,64900.0,22300.0,Vehicle EMI,1.497e+06,20,Not_Eligible,11712.0
48.0,Female,Single,Graduate,31500.0,Private,5.0,Large Indian,Rented,9700.0,3,2,4400.0,0.0,2400.0,9200.0,4300.0,Yes,4000.0,612.0,190800.0,60300.0,Personal Loan EMI,805000.0,42,Not_Eligible,500.0
38.0,Female,Married,High School,25400.0,Self-employed,9.7,Mid-size,Family,0.0,4,3,0.0,0.0,2300.0,7000.0,1400.0,No,0.0,714.0,175400.0,75500.0,Personal Loan EMI,758000.0,32,Not_Eligible,7276.5
32.0,Male,Married,Graduate,66400.0,Private,10.0,MNC,Rented,13700.0,5,4,0.0,0.0,6000.0,19300.0,6200.0,No,0.0,698.0,279200.0,126500.0,Personal Loan EMI,999000.0,20,Not_Eligible,10600.0
27.0,Female,Single,Graduate,33600.0,Private,0.6,Mid-size,Own,0.0,3,2,0.0,0.0,4600.0,6300.0,2800.0,No,0.0,496.0,121400.0,37100.0,Home Appliances EMI,139000.0,18,Not_Eligible,3980.0
27.0,Male,Single,High School,46500.0,Government,0.7,MNC,Rented,7300.0,1,0,0.0,0.0,4600.0,9000.0,6500.0,No,0.0,736.0,127100.0,29400.0,Personal Loan EMI,194000.0,22,Not_Eligible,9550.0
38.0,Male,Married,Post Graduate,65700.0,Private,0.9,Large Indian,Own,0.0,5,4,0.0,0.0,3500.0,13900.0,9200.0,No,0.0,736.0,55300.0,25700.0,E-commerce Shopping EMI,30000.0,16,Eligible,12512.0
32.0,Male,Married,Graduate,71000.0,Private,0.8,Mid-size,Own,0.0,4,3,0.0,0.0,10100.0,19900.0,12200.0,No,0.0,738.0,462700.0,204100.0,E-commerce Shopping EMI,74000.0,22,Eligible,12672.0
38.0,Male,Married,Professional,74400.0,Private,5.2,MNC,Rented,25800.0,3,2,12400.0,0.0,7300.0,18200.0,9500.0,Yes,15600.0,739.0,149900.0,38600.0,Vehicle EMI,389000.0,72,Not_Eligible,500.0
32.0,Male,Married,High School,7077.0,Government,4.4,Large Indian,Rented,7200.0,3,2,0.0,0.0,4400.0,8100.0,1600.0,No,0.0,783.0,45200.0,23800.0,Home Appliances EMI,57000.0,6,Not_Eligible,5385.6
38.0,Male,Single,Graduate,436973.0,Private,1.9,Large Indian,Own,0.0,2,1,0.0,21700.0,5100.0,18700.0,7600.0,No,0.0,687.0,258100.0,77700.0,Personal Loan EMI,819000.0,44,Not_Eligible,6150.0
32.0,Male,Married,High School,20300.0,Private,1.0,Large Indian,Family,0.0,3,2,11100.0,0.0,1600.0,5900.0,3000.0,Yes,4000.0,703.0,150200.0,65800.0,E-commerce Shopping EMI,197000.0,11,Not_Eligible,500.0
27.0,Male,Single,Graduate,33400.0,Government,0.6,Large Indian,Rented,5600.0,1,0,0.0,0.0,5000.0,9000.0,5400.0,Yes,6700.0,785.0,242700.0,145200.0,Personal Loan EMI,927000.0,42,Not_Eligible,785.4
38.0,Male,Married,Graduate,33500.0,Government,1.4,MNC,Rented,8700.0,4,3,8200.0,16200.0,3800.0,7400.0,4100.0,No,0.0,794.0,179700.0,37800.0,Vehicle EMI,588000.0,27,Not_Eligible,500.0
32.0,Female,Married,Post Graduate,30300.0,Private,7.4,Mid-size,Rented,5200.0,3,2,3900.0,7500.0,2100.0,5500.0,4500.0,No,0.0,666.0,134000.0,37700.0,Vehicle EMI,627000.0,75,Not_Eligible,800.0
48.0,Male,Single,Graduate,44800.0,Private,8.3,Large Indian,Own,0.0,2,1,12700.0,23600.0,6300.0,9200.0,8600.0,No,0.0,850.0,300600.0,72200.0,Home Appliances EMI,123000.0,21,Not_Eligible,500.0
38.0,Male,Married,Graduate,26200.0,Private,2.0,Mid-size,Own,0.0,4,3,0.0,0.0,1800.0,6400.0,4200.0,Yes,6200.0,579.0,60000.0,34300.0,Personal Loan EMI,315000.0,54,Not_Eligible,2128.0
32.0,Male,Married,Post Graduate,78300.0,Private,9.4,MNC,Rented,19600.0,3,2,0.0,0.0,10800.0,20300.0,5500.0,No,0.0,687.0,128200.0,48800.0,Education EMI,197000.0,32,High_Risk,8840.0
27.0,Male,Single,Professional,79800.0,Private,0.5,Startup,Rented,26100.0,3,2,8200.0,15000.0,9600.0,17200.0,15700.0,No,0.0,609.0,513900.0,295800.0,Personal Loan EMI,607000.0,21,Not_Eligible,500.0
58.0,Male,Married,Graduate,38500.0,Government,10.0,MNC,Rented,11200.0,2,1,0.0,0.0,2600.0,6300.0,2700.0,No,0.0,777.0,222400.0,63900.0,Personal Loan EMI,984000.0,28,Not_Eligible,10362.0
32.0,Male,Married,Post Graduate,78600.0,Self-employed,1.4,Mid-size,Rented,25300.0,4,3,14800.0,0.0,5100.0,13600.0,7400.0,Yes,17800.0,659.0,550900.0,276600.0,E-commerce Shopping EMI,138000.0,18,Not_Eligible,500.0
38.0,Male,Married,Professional,70000.0,Private,11.3,MNC,Own,0.0,3,2,12400.0,0.0,5600.0,16900.0,11500.0,Yes,17000.0,728.0,329100.0,145500.0,Vehicle EMI,943000.0,54,Not_Eligible,2310.0
27.0,Female,Single,Graduate,31700.0,Private,1.1,Large Indian,Rented,10300.0,3,2,9300.0,0.0,4000.0,9300.0,5000.0,Yes,6400.0,752.0,97000.0,26000.0,Home Appliances EMI,101000.0,26,Not_Eligible,500.0
48.0,Female,Single,Post Graduate,119500.0,Private,12.8,MNC,Rented,21600.0,1,0,0.0,0.0,16700.0,28700.0,8300.0,Yes,31500.0,792.0,206500.0,69400.0,Education EMI,412000.0,20,Not_Eligible,4267.2
48.0,Female,Married,High School,37800.0,Private,8.3,Large Indian,Own,0.0,5,4,0.0,0.0,4100.0,8100.0,3300.0,Yes,5300.0,786.0,42800.0,10200.0,Personal Loan EMI,701000.0,50,Not_Eligible,5712.0
38.0,Male,Married,Graduate,81300.0,Private,16.0,Mid-size,Rented,12500.0,5,4,0.0,0.0,10600.0,12900.0,5500.0,Yes,15000.0,734.0,,133700.0,Vehicle EMI,1.307e+06,64,Not_Eligible,8680.0
58.0,Male,Married,Post Graduate,51600.0,Private,16.7,Startup,Rented,16500.0,3,2,0.0,0.0,3700.0,10800.0,9400.0,No,0.0,726.0,299100.0,172800.0,Home Appliances EMI,87000.0,21,High_Risk,5600.0
38.0,Female,Married,Graduate,57100.0,Private,0.5,MNC,Own,0.0,3,2,0.0,0.0,7500.0,13900.0,7800.0,Yes,11400.0,644.0,248800.0,132400.0,Vehicle EMI,222000.0,82,Not_Eligible,3696.0
27.0,Male,Single,High School,50600.0,Private,0.7,Large Indian,Family,0.0,2,1,0.0,15200.0,7400.0,11900.0,9500.0,No,0.0,756.0,371700.0,115300.0,Home Appliances EMI,280000.0,27,Not_Eligible,3484.8
38.0,Male,Single,Graduate,28600.0,Private,0.5,MNC,Own,0.0,1,0,0.0,0.0,1500.0,4800.0,1600.0,No,0.0,787.0,137500.0,69800.0,E-commerce Shopping EMI,94000.0,24,Eligible,9936.0
32.0,Female,Married,High School,27500.0,Private,3.9,Startup,Family,0.0,3,2,2500.0,0.0,3400.0,4400.0,4000.0,Yes,3600.0,641.0,86000.0,42700.0,E-commerce Shopping EMI,164000.0,10,Not_Eligible,2688.0
38.0,Female,Married,Graduate,47800.0,Self-employed,3.4,Large Indian,Rented,11800.0,4,3,7800.0,0.0,3800.0,9600.0,6800.0,No,0.0,705.0,341600.0,109300.0,Home Appliances EMI,167000.0,24,Not_Eligible,3960.0
27.0,Female,Single,Graduate,32600.0,Private,0.5,MNC,Rented,5500.0,1,0,0.0,0.0,2500.0,8400.0,5200.0,Yes,7500.0,591.0,169300.0,78300.0,Education EMI,354000.0,17,Not_Eligible,784.0
32.0,Female,Married,Graduate,18000.0,Private,3.1,Startup,Own,0.0,3,2,10800.0,0.0,2400.0,3300.0,3500.0,No,0.0,625.0,52500.0,19200.0,Education EMI,245000.0,9,Not_Eligible,500.0
38.0,Male,Married,Professional,56900.0,Self-employed,8.3,Large Indian,Own,0.0,2,1,9500.0,0.0,4000.0,9100.0,6100.0,No,0.0,739.0,69400.0,39400.0,E-commerce Shopping EMI,78000.0,8,Not_Eligible,10152.0
48.0,Male,Single,Graduate,22600.0,Private,26.0,Startup,Rented,4300.0,1,0,0.0,0.0,2900.0,3500.0,2500.0,No,0.0,648.0,82900.0,27900.0,Personal Loan EMI,110000.0,51,High_Risk,3760.0
38.0,Male,Single,Post Graduate,95200.0,Private,3.3,MNC,Family,0.0,2,1,14900.0,12400.0,7400.0,18100.0,14700.0,No,0.0,716.0,300700.0,67500.0,Home Appliances EMI,60000.0,34,Eligible,13850.0
32.0,Male,Married,Post Graduate,64200.0,Private,8.2,Mid-size,Own,0.0,3,2,0.0,20000.0,7500.0,11700.0,12300.0,Yes,16700.0,679.0,497300.0,166600.0,Personal Loan EMI,868000.0,52,Not_Eligible,500.0
38.0,Female,Married,Graduate,60600.0,Self-employed,7.4,Startup,Own,0.0,5,4,0.0,6800.0,8500.0,11200.0,5900.0,No,0.0,686.0,453700.0,131400.0,Education EMI,435000.0,39,High_Risk,13959.0
27.0,male,Single,Graduate,76500.0,Government,0.9,MNC,Rented,20600.0,1,0,0.0,0.0,7400.0,22800.0,7500.0,No,0.0,655.0,519700.0,285000.0,Education EMI,125000.0,35,Eligible,10010.0
38.0,Male,Single,Graduate,45100.0,Government,1.1,Mid-size,Family,0.0,3,2,0.0,0.0,6300.0,9800.0,6800.0,No,0.0,805.0,180600.0,57500.0,Personal Loan EMI,769000.0,19,Not_Eligible,13320.0
38.0,Female,Single,Post Graduate,52900.0,Government,1.7,Mid-size,Rented,10500.0,3,2,11500.0,0.0,3600.0,9800.0,5000.0,No,0.0,795.0,257100.0,81200.0,E-commerce Shopping EMI,136000.0,21,High_Risk,7500.0
38.0,Female,Married,Graduate,56500.0,Private,1.9,Large Indian,Own,0.0,2,1,0.0,15200.0,6700.0,12200.0,10100.0,No,0.0,660.0,72500.0,25500.0,E-commerce Shopping EMI,28000.0,24,Eligible,4920.0
48.0,Female,Married,High School,67400.0,Private,0.6,Mid-size,Family,0.0,4,3,0.0,0.0,7000.0,13800.0,4200.0,No,0.0,726.0,95700.0,45700.0,Education EMI,274000.0,14,Not_Eligible,13568.0
27.0,Female,Married,Professional,8464.0,Private,0.5,Large Indian,Own,0.0,4,3,8800.0,15200.0,10900.0,13900.0,6500.0,Yes,15600.0,746.0,528300.0,210000.0,Home Appliances EMI,149000.0,16,Not_Eligible,616.0
27.0,Male,Single,Post Graduate,95300.0,Private,1.1,Mid-size,Own,0.0,1,0,0.0,0.0,7500.0,28500.0,11700.0,Yes,25400.0,732.0,187700.0,110700.0,Home Appliances EMI,25000.0,31,Eligible,6216.0
32.0,Female,Single,Post Graduate,81800.0,Self-employed,1.3,Mid-size,Own,0.0,2,1,13600.0,17100.0,9700.0,21800.0,15400.0,No,0.0,714.0,581600.0,292600.0,E-commerce Shopping EMI,160000.0,5,Not_Eligible,2079.0
48.0,Male,Married,Graduate,61800.0,Self-employed,1.3,MNC,Own,0.0,3,2,0.0,0.0,3100.0,13100.0,12200.0,No,0.0,649.0,392200.0,191100.0,E-commerce Shopping EMI,145000.0,13,High_Risk,13226.4
27.0,Male,Married,Post Graduate,37700.0,Self-employed,1.0,MNC,Rented,8100.0,3,2,11100.0,0.0,3500.0,5900.0,6900.0,No,0.0,649.0,36300.0,7300.0,Vehicle EMI,370000.0,74,Not_Eligible,633.6
38.0,Male,Single,Graduate,62700.0,Private,3.1,Startup,Own,0.0,1,0,0.0,0.0,5200.0,18600.0,9700.0,Yes,6400.0,653.0,45800.0,13000.0,Personal Loan EMI,316000.0,60,Not_Eligible,6384.0
48.0,Female,Married,Post Graduate,77800.0,Private,6.7,Mid-size,Own,0.0,3,2,14600.0,20900.0,9600.0,16500.0,12400.0,No,0.0,714.0,310400.0,183400.0,E-commerce Shopping EMI,172000.0,14,Not_Eligible,1900.0
38.0,Male,Married,Graduate,59400.0,Private,1.3,Startup,Family,0.0,3,2,9000.0,22400.0,5700.0,14200.0,10000.0,Yes,7400.0,660.0,168900.0,79400.0,E-commerce Shopping EMI,139000.0,24,Not_Eligible,500.0
32.0,Female,Single,Post Graduate,35000.0,Private,2.6,Large Indian,Rented,9700.0,3,2,4900.0,0.0,2700.0,6400.0,2400.0,No,0.0,704.0,140000.0,45900.0,Personal Loan EMI,597000.0,33,Not_Eligible,4450.0
38.0,Male,Single,Graduate,61500.0,Private,4.9,Mid-size,Own,0.0,3,2,3900.0,0.0,8200.0,18100.0,7700.0,Yes,16300.0,602.0,98400.0,36500.0,Vehicle EMI,1.224e+06,73,Not_Eligible,1635.2
32.0,Male,Married,Post Graduate,74700.0,Government,1.4,MNC,Rented,15900.0,3,2,0.0,0.0,5800.0,15600.0,8900.0,Yes,19200.0,693.0,209100.0,65600.0,Education EMI,106000.0,17,Not_Eligible,3255.0
38.0,Male,Single,High School,35500.0,Government,1.9,Startup,Rented,7500.0,1,0,0.0,0.0,3600.0,8900.0,6900.0,No,0.0,741.0,236200.0,123900.0,Home Appliances EMI,140000.0,32,Not_Eligible,4730.0
48.0,Female,Married,Graduate,82200.0,Private,2.8,Mid-size,Own,0.0,3,2,0.0,0.0,6400.0,14600.0,14800.0,No,0.0,759.0,600500.0,156300.0,E-commerce Shopping EMI,137000.0,20,Eligible,30624.0
32.0,Male,Single,Graduate,35700.0,Private,0.8,Large Indian,Own,0.0,2,1,0.0,6600.0,4700.0,8500.0,7000.0,No,0.0,775.0,58500.0,29800.0,Home Appliances EMI,107000.0,17,Not_Eligible,3417.6
58.0,Male,Married,,49700.0,Private,15.7,Large Indian,Own,0.0,3,2,12900.0,22700.0,6500.0,13700.0,7100.0,No,0.0,778.0,393300.0,138500.0,Education EMI,69000.0,19,Not_Eligible,500.0
27.0,Male,Single,High School,67600.0,Self-employed,2.6,MNC,Own,0.0,2,1,0.0,8400.0,8700.0,19900.0,7600.0,No,0.0,682.0,435600.0,246300.0,Vehicle EMI,1.47e+06,78,Not_Eligible,11385.0
27.0,Female,Single,Professional,96000.0,Self-employed,1.7,Large Indian,Own,0.0,2,1,9100.0,0.0,6200.0,15700.0,8800.0,Yes,15200.0,624.0,393000.0,206800.0,Personal Loan EMI,852000.0,53,Not_Eligible,10332.0
38.0,Male,Married,High School,48900.0,Private,5.1,Startup,Rented,10600.0,3,2,10300.0,22900.0,5300.0,7500.0,6600.0,No,0.0,778.0,354900.0,103600.0,E-commerce Shopping EMI,36000.0,17,Not_Eligible,500.0
38.0,Male,Married,High School,50800.0,Private,8.4,Mid-size,Rented,14000.0,2,1,5800.0,22200.0,7000.0,11900.0,6500.0,No,0.0,795.0,83700.0,49900.0,Home Appliances EMI,253000.0,24,Not_Eligible,500.0
32.0,Female,Married,Professional,46600.0,Private,4.0,MNC,Own,0.0,3,2,6000.0,0.0,2600.0,12300.0,5400.0,Yes,4800.0,579.0,177800.0,86400.0,Personal Loan EMI,895000.0,38,Not_Eligible,4340.0
38.0,Female,Married,Post Graduate,77900.0,Private,0.5,Large Indian,Family,0.0,2,1,5000.0,0.0,7100.0,18500.0,9900.0,Yes,12100.0,774.0,507400.0,296600.0,Education EMI,211000.0,22,Not_Eligible,9350.88
48.0,Female,Married,Professional,110719.0,Government,0.5,Mid-size,Own,0.0,2,1,14900.0,14600.0,15200.0,31300.0,20000.0,Yes,31500.0,661.0,467100.0,260800.0,Vehicle EMI,984000.0,12,Not_Eligible,500.0
27.0,Female,Single,Graduate,49900.0,Private,2.0,MNC,Family,0.0,1,0,0.0,0.0,3400.0,9100.0,3500.0,Yes,10400.0,679.0,201500.0,115500.0,Personal Loan EMI,567000.0,32,Not_Eligible,8225.0
38.0,Male,Married,Post Graduate,27400.0,Private,2.9,Large Indian,Family,0.0,3,2,12200.0,22300.0,2100.0,6600.0,3100.0,Yes,4500.0,717.0,214400.0,55900.0,Personal Loan EMI,99000.0,37,Not_Eligible,500.0
38.0,Male,Married,Professional,82300.0,Private,3.7,Startup,Own,0.0,4,3,0.0,6300.0,6400.0,21900.0,9300.0,No,0.0,775.0,367000.0,168900.0,Education EMI,96000.0,39,Eligible,23040.0
32.0,Female,Single,Professional,84900.0,Private,3.5,Mid-size,Family,0.0,1,0,0.0,0.0,11300.0,17100.0,14500.0,No,0.0,731.0,305500.0,118300.0,E-commerce Shopping EMI,56000.0,20,Eligible,21000.0
38.0,Female,Married,Graduate,45100.0,Private,4.4,Startup,Family,0.0,3,2,3900.0,0.0,6100.0,9500.0,6700.0,Yes,5500.0,554.0,57000.0,14900.0,Personal Loan EMI,704000.0,46,Not_Eligible,3001.6
48.0,Male,Married,Graduate,79700.0,Private,2.8,Mid-size,Rented,22600.0,4,3,4700.0,0.0,10900.0,17200.0,12100.0,Yes,20700.0,636.0,296800.0,119700.0,Education EMI,264000.0,45,Not_Eligible,500.0
32.0,Male,Married,Graduate,53000.0,Private,0.5,Startup,Own,0.0,5,4,0.0,17900.0,4500.0,10500.0,6600.0,Yes,15700.0,497.0,197500.0,40800.0,Home Appliances EMI,81000.0,22,Not_Eligible,500.0
58.0,Male,Married,Graduate,20000.0,Private,16.3,Startup,Family,0.0,4,3,10600.0,0.0,2400.0,4800.0,2900.0,No,0.0,739.0,60200.0,13700.0,Home Appliances EMI,36000.0,27,Not_Eligible,500.0
48.0,Male,Married,Post Graduate,53700.0,Government,16.7,Mid-size,Own,16256.0,4,3,3000.0,0.0,5200.0,12500.0,2700.0,Yes,15100.0,768.0,220200.0,120700.0,Personal Loan EMI,720000.0,32,Not_Eligible,7022.4
48.0,Male,Married,Graduate,84100.0,Private,5.4,Mid-size,Family,0.0,3,2,0.0,13400.0,10600.0,17200.0,9600.0,Yes,15500.0,783.0,205500.0,93900.0,Education EMI,466000.0,33,Not_Eligible,7476.0
48.0,Male,Married,High School,46000.0,Private,4.5,Mid-size,Own,0.0,2,1,3000.0,0.0,6700.0,11300.0,7800.0,No,0.0,760.0,267500.0,130700.0,Personal Loan EMI,338000.0,37,Not_Eligible,10320.0
32.0,Male,Single,Graduate,37400.0,Self-employed,1.3,MNC,Rented,9900.0,1,0,0.0,0.0,3600.0,11100.0,5400.0,No,0.0,999.0,37200.0,15400.0,Vehicle EMI,1.133e+06,81,Not_Eligible,2664.0
58.0,Male,Married,Graduate,18000.0,Private,3.8,Small,Rented,5400.0,3,2,14100.0,0.0,2500.0,4500.0,3000.0,No,0.0,673.0,128100.0,65900.0,Personal Loan EMI,696000.0,49,Not_Eligible,500.0
27.0,Male,Single,Post Graduate,105700.0,Private,1.2,Large Indian,Own,0.0,2,1,7300.0,20200.0,6700.0,22500.0,16000.0,No,0.0,716.0,504500.0,194700.0,Education EMI,78000.0,41,Eligible,16500.0
38.0,Male,Married,Graduate,18000.0,Private,0.9,MNC,Family,0.0,2,1,7700.0,0.0,2300.0,3200.0,1100.0,No,0.0,719.0,89500.0,35200.0,E-commerce Shopping EMI,102000.0,6,Not_Eligible,1480.0
48.0,Female,Married,High School,45600.0,Government,4.0,Mid-size,Own,0.0,4,3,10000.0,0.0,4700.0,7800.0,2500.0,Yes,8000.0,1200.0,261700.0,75200.0,Home Appliances EMI,276000.0,7,Not_Eligible,5821.2
38.0,Female,Married,Graduate,67300.0,Private,7.3,Large Indian,Family,0.0,4,3,4400.0,0.0,9100.0,13300.0,10100.0,Yes,7700.0,609.0,72300.0,26500.0,E-commerce Shopping EMI,156000.0,6,Not_Eligible,5084.8
27.0,Male,Single,Professional,55500.0,Private,3.3,Large Indian,Rented,16200.0,1,0,0.0,0.0,8000.0,11400.0,4900.0,No,0.0,665.0,40800.0,22400.0,Education EMI,249000.0,12,Not_Eligible,6000.0
32.0,Male,Single,Graduate,60400.0,Private,1.7,MNC,Family,0.0,3,2,0.0,0.0,8700.0,12300.0,8800.0,Yes,6800.0,644.0,155800.0,55800.0,Personal Loan EMI,518000.0,45,Not_Eligible,6664.0
38.0,Male,Married,Graduate,36300.0,Government,7.3,MNC,Family,0.0,2,1,12300.0,21400.0,3700.0,7900.0,4100.0,No,0.0,764.0,244500.0,50300.0,Personal Loan EMI,605000.0,42,Not_Eligible,500.0
27.0,Female,Married,High School,17800.0,Private,1.6,Mid-size,Rented,3800.0,4,3,12200.0,23600.0,1100.0,5100.0,3000.0,Yes,4900.0,662.0,11800.0,7100.0,E-commerce Shopping EMI,159000.0,21,Not_Eligible,500.0
38.0,Female,Married,Graduate,62300.0,Private,9.9,MNC,Own,0.0,2,1,0.0,8700.0,6900.0,11500.0,11400.0,No,0.0,694.0,74200.0,26100.0,Vehicle EMI,122000.0,63,Eligible,9520.0
32.0,Male,Single,Graduate,53500.0,Private,0.5,MNC,Rented,9000.0,1,0,0.0,0.0,7400.0,9800.0,3200.0,Yes,7000.0,578.0,200400.0,96400.0,Vehicle EMI,718000.0,83,Not_Eligible,3830.4
38.0,Male,Married,Graduate,42400.0,Private,7.8,Large Indian,Own,0.0,5,4,9200.0,0.0,5900.0,6400.0,4400.0,Yes,9800.0,719.0,81700.0,20900.0,Personal Loan EMI,800000.0,34,Not_Eligible,1876.0
27.0,Male,Single,Professional,439393.0,Self-employed,1.2,Large Indian,Rented,12200.0,3,2,13300.0,0.0,5200.0,15300.0,13700.0,No,0.0,711.0,477400.0,197100.0,Personal Loan EMI,296000.0,50,Not_Eligible,7672.5
38.0,Female,Married,Graduate,41700.0,Private,16.0,Startup,Rented,6400.0,2,1,4500.0,0.0,5200.0,7000.0,5600.0,No,0.0,686.0,232800.0,100300.0,E-commerce Shopping EMI,98000.0,13,Not_Eligible,6500.0
38.0,Male,Married,Post Graduate,39900.0,Private,1.8,Large Indian,Family,0.0,5,4,0.0,0.0,3300.0,6700.0,5800.0,No,0.0,701.0,235400.0,75900.0,Personal Loan EMI,862000.0,16,Not_Eligible,12050.0
38.0,Female,Married,Graduate,69400.0,Self-employed,2.0,Mid-size,Family,0.0,4,3,10600.0,0.0,7700.0,12200.0,11200.0,Yes,11200.0,652.0,267800.0,139400.0,Personal Loan EMI,160000.0,42,High_Risk,5197.5
38.0,Male,Married,Post Graduate,46100.0,Private,4.1,Startup,Family,0.0,2,1,0.0,0.0,4300.0,11700.0,7200.0,Yes,5600.0,633.0,157200.0,53000.0,Education EMI,237000.0,47,Not_Eligible,4844.0
38.0,Female,Married,Graduate,28700.0,Private,11.2,Startup,Family,0.0,4,3,0.0,0.0,1700.0,6800.0,5200.0,No,0.0,704.0,84500.0,34900.0,Personal Loan EMI,580000.0,16,Not_Eligible,7500.0
38.0,Male,Married,Professional,82600.0,Private,1.6,MNC,Family,0.0,5,4,0.0,0.0,9900.0,24700.0,9200.0,No,0.0,722.0,43700.0,16300.0,E-commerce Shopping EMI,155000.0,3,Not_Eligible,15520.0
27.0,Male,Single,Post Graduate,70800.0,Private,2.9,Mid-size,Rented,14000.0,1,0,0.0,0.0,8800.0,20500.0,4400.0,No,0.0,766.0,91200.0,38600.0,Home Appliances EMI,285000.0,30,High_Risk,11088.0
27.0,Male,Single,Graduate,40500.0,Private,0.5,MNC,Own,0.0,2,1,7200.0,0.0,3800.0,10100.0,4700.0,Yes,9500.0,1200.0,302400.0,144500.0,Personal Loan EMI,108000.0,55,Not_Eligible,1601.6
38.0,Female,Married,Graduate,32800.0,Private,0.5,Large Indian,Family,0.0,3,2,11500.0,0.0,1800.0,7000.0,5800.0,No,0.0,605.0,69600.0,22500.0,Personal Loan EMI,770000.0,23,Not_Eligible,2144.0
38.0,Female,Married,Graduate,49700.0,Government,7.6,MNC,Rented,12500.0,3,2,0.0,0.0,3100.0,7900.0,7900.0,Yes,11900.0,681.0,176800.0,66500.0,Personal Loan EMI,899000.0,24,Not_Eligible,2464.0
38.0,Male,Married,Graduate,19600.0,Government,10.7,Large Indian,Own,0.0,3,2,14100.0,0.0,2200.0,5200.0,3700.0,Yes,2900.0,666.0,30200.0,7100.0,Education EMI,491000.0,31,Not_Eligible,500.0
32.0,Male,Single,Post Graduate,31000.0,Private,4.3,Mid-size,Family,0.0,3,2,7000.0,0.0,1900.0,6200.0,6200.0,Yes,4100.0,683.0,130100.0,66500.0,Home Appliances EMI,243000.0,11,Not_Eligible,1960.0
38.0,Male,Married,Post Graduate,54000.0,Private,5.9,Startup,Family,0.0,2,1,14600.0,0.0,6300.0,9200.0,6200.0,No,0.0,607.0,252300.0,133300.0,Vehicle EMI,920000.0,37,Not_Eligible,7080.0
32.0,Male,Married,Graduate,73200.0,Private,1.6,Large Indian,Family,0.0,4,3,0.0,6500.0,4500.0,12700.0,9500.0,No,0.0,710.0,232700.0,135800.0,E-commerce Shopping EMI,17000.0,7,Eligible,20000.0
32.0,Male,Married,Graduate,32900.0,Private,10.0,Large Indian,Family,0.0,4,3,3900.0,9500.0,1700.0,5500.0,1900.0,No,0.0,827.0,78300.0,42500.0,Personal Loan EMI,565000.0,37,Not_Eligible,6240.0
38.0,Male,Married,Graduate,50500.0,Private,6.5,Mid-size,Family,0.0,2,1,0.0,21200.0,4300.0,8800.0,2900.0,Yes,14700.0,593.0,131000.0,28000.0,Personal Loan EMI,454000.0,44,Not_Eligible,500.0
48.0,Female,Married,Graduate,26100.0,Private,2.1,Mid-size,Rented,7700.0,5,4,0.0,0.0,3100.0,5400.0,3100.0,No,0.0,745.0,25800.0,6800.0,Vehicle EMI,1.274e+06,52,Not_Eligible,2720.0
48.0,Male,Married,Graduate,37300.0,Private,7.8,Large Indian,Family,,2,1,0.0,0.0,4700.0,8800.0,3300.0,No,0.0,779.0,265300.0,105500.0,Home Appliances EMI,31000.0,29,Eligible,13530.0
48.0,Male,Married,Post Graduate,73800.0,Private,12.6,MNC,Rented,23600.0,4,3,0.0,7300.0,10900.0,21700.0,7400.0,No,0.0,750.0,41800.0,22200.0,Vehicle EMI,965000.0,25,Not_Eligible,1392.0
58.0,Male,Single,High School,46200.0,Private,0.8,Large Indian,Rented,12200.0,2,1,0.0,0.0,2800.0,7400.0,7500.0,No,0.0,708.0,148500.0,33200.0,Home Appliances EMI,202000.0,32,Not_Eligible,6520.0
32.0,Male,Married,Graduate,42900.0,Private,0.5,Large Indian,Own,24756.0,4,3,0.0,0.0,4900.0,12800.0,6000.0,No,0.0,606.0,157800.0,85300.0,Vehicle EMI,1.464e+06,57,Not_Eligible,6144.0
38.0,Male,Married,High School,11912.0,Private,1.1,MNC,Family,0.0,3,2,2000.0,0.0,2200.0,5600.0,6200.0,No,0.0,822.0,243600.0,70400.0,Home Appliances EMI,79000.0,27,Eligible,13860.0
58.0,MALE,Married,High School,50000.0,Self-employed,6.9,MNC,Rented,13300.0,5,4,9700.0,0.0,6800.0,9600.0,3300.0,No,0.0,633.0,61300.0,28300.0,Home Appliances EMI,76000.0,30,Not_Eligible,2102.4
32.0,Male,Married,Graduate,62400.0,Private,1.5,Mid-size,Family,0.0,4,3,0.0,0.0,5500.0,10300.0,11400.0,No,0.0,715.0,37200.0,13500.0,Personal Loan EMI,987000.0,52,Not_Eligible,14080.0
38.0,Female,Married,Post Graduate,87200.0,Private,4.3,MNC,Family,0.0,3,2,0.0,16100.0,8800.0,17300.0,14400.0,No,0.0,661.0,62100.0,36000.0,Vehicle EMI,1.158e+06,12,Not_Eligible,12240.0
32.0,Male,Single,Post Graduate,48000.0,Private,1.8,Large Indian,Own,0.0,2,1,2400.0,12200.0,6200.0,9100.0,8000.0,Yes,12600.0,772.0,326500.0,120800.0,Home Appliances EMI,109000.0,33,Not_Eligible,500.0
38.0,Female,Married,Post Graduate,19500.0,Private,0.8,Mid-size,Family,0.0,3,2,12700.0,5900.0,2700.0,3700.0,3400.0,No,0.0,657.0,123600.0,44900.0,E-commerce Shopping EMI,135000.0,17,Not_Eligible,500.0
38.0,Female,Married,Post Graduate,81800.0,Private,0.6,Large Indian,Rented,23400.0,2,1,13500.0,0.0,5800.0,23800.0,8000.0,Yes,9200.0,753.0,394000.0,217700.0,Personal Loan EMI,373000.0,34,Not_Eligible,500.0
32.0,Male,Married,Graduate,48900.0,Private,0.6,Large Indian,Rented,15900.0,3,2,6000.0,0.0,5000.0,11500.0,9100.0,Yes,10500.0,730.0,46400.0,10200.0,Education EMI,267000.0,14,Not_Eligible,500.0
32.0,Male,Married,Graduate,46100.0,Private,1.7,MNC,Rented,9700.0,3,2,0.0,17200.0,6800.0,9000.0,3200.0,Yes,6500.0,604.0,140100.0,82300.0,E-commerce Shopping EMI,178000.0,22,Not_Eligible,500.0
48.0,Female,Single,High School,20700.0,Private,17.2,Large Indian,Own,0.0,1,0,0.0,0.0,2900.0,6100.0,2000.0,No,0.0,790.0,57700.0,20700.0,Home Appliances EMI,46000.0,19,Eligible,5820.0
57.0,Male,Married,Post Graduate,149632.0,Private,36.0,Startup,Own,0.0,2,1,0.0,0.0,11800.0,36000.0,20400.0,Yes,24800.0,715.0,250500.0,54400.0,Vehicle EMI,245000.0,18,High_Risk,16408.0
48.0,Male,Married,Post Graduate,65400.0,Private,6.7,Mid-size,Own,,3,2,0.0,0.0,8900.0,16900.0,12400.0,Yes,13200.0,681.0,229800.0,129000.0,Home Appliances EMI,91000.0,17,Not_Eligible,4900.0
38.0,Female,Married,Professional,99400.0,Private,3.9,Startup,Rented,21200.0,5,4,14400.0,22600.0,6600.0,25400.0,10200.0,Yes,26800.0,738.0,782100.0,311700.0,Education EMI,499000.0,37,Not_Eligible,500.0
32.0,Male,Single,Professional,84700.0,Government,0.5,MNC,Rented,22300.0,1,0,0.0,0.0,4700.0,13100.0,5500.0,No,0.0,791.0,538900.0,206000.0,E-commerce Shopping EMI,197000.0,9,High_Risk,25806.0
48.0,Female,Married,Professional,80200.0,Private,24.1,Mid-size,Rented,24500.0,5,4,6900.0,0.0,6500.0,14300.0,9900.0,No,0.0,827.0,383500.0,122200.0,E-commerce Shopping EMI,180000.0,20,High_Risk,10860.0
38.0,Female,Married,High School,15000.0,Self-employed,15.2,MNC,Rented,2700.0,2,1,8300.0,0.0,2000.0,3000.0,2400.0,No,0.0,751.0,113900.0,38100.0,Education EMI,334000.0,35,Not_Eligible,500.0
38.0,Male,Married,High School,14400.0,Private,6.8,Large Indian,Rented,4200.0,4,3,14200.0,15900.0,1200.0,2900.0,1800.0,No,0.0,734.0,57700.0,24500.0,E-commerce Shopping EMI,167000.0,21,Not_Eligible,500.0
32.0,Female,Single,Post Graduate,23400.0,Private,2.3,MNC,Rented,6900.0,2,1,12100.0,0.0,1200.0,5700.0,3000.0,Yes,3600.0,652.0,19700.0,11500.0,Vehicle EMI,116000.0,69,Not_Eligible,500.0
38.0,Male,Married,Professional,72600.0,Private,1.1,MNC,Own,0.0,4,3,0.0,0.0,5400.0,13400.0,11000.0,No,0.0,617.0,81200.0,36600.0,Personal Loan EMI,832000.0,13,Not_Eligible,13696.0
38.0,Female,Married,Graduate,57100.0,Government,1.7,Startup,Family,0.0,5,4,9600.0,0.0,7300.0,11700.0,5300.0,No,0.0,726.0,342700.0,74500.0,Education EMI,59000.0,25,Eligible,12760.0
38.0,Male,Married,Post Graduate,41600.0,Private,1.3,MNC,Own,0.0,4,3,5400.0,0.0,6200.0,9800.0,2500.0,Yes,8100.0,685.0,323000.0,167200.0,Vehicle EMI,1.443e+06,73,Not_Eligible,3696.0
38.0,Male,Married,Post Graduate,68100.0,Private,0.8,MNC,Family,0.0,2,1,0.0,0.0,6600.0,14100.0,10800.0,No,0.0,697.0,56200.0,24000.0,Education EMI,101000.0,32,Eligible,11712.0
32.0,Male,Married,,37200.0,Private,4.1,Startup,Family,0.0,3,2,0.0,23000.0,2700.0,6800.0,6500.0,Yes,6900.0,720.0,123400.0,45800.0,Vehicle EMI,138000.0,84,Not_Eligible,500.0
38.0,Female,Married,Graduate,27400.0,Government,3.9,Small,Family,0.0,3,2,13500.0,23800.0,1900.0,7500.0,1500.0,No,0.0,691.0,127100.0,56700.0,Home Appliances EMI,161000.0,36,Not_Eligible,500.0
32.0,Female,Married,Professional,61500.0,Government,7.5,Mid-size,Family,0.0,2,1,11300.0,0.0,7800.0,16200.0,7300.0,Yes,8800.0,684.0,444600.0,142400.0,Personal Loan EMI,839000.0,55,Not_Eligible,4277.35
48.0,Female,Married,Graduate,105900.0,Private,26.0,Mid-size,Own,0.0,3,2,0.0,0.0,5600.0,21200.0,8700.0,No,0.0,738.0,331200.0,90900.0,Personal Loan EMI,882000.0,15,Not_Eligible,35200.0
38.0,Female,Married,Graduate,20500.0,Private,3.9,Mid-size,Own,5448.0,3,2,9600.0,22400.0,2200.0,4700.0,3300.0,No,0.0,758.0,67600.0,34900.0,E-commerce Shopping EMI,78000.0,21,Not_Eligible,500.0
38.0,Male,Married,Professional,64100.0,Government,2.3,MNC,Rented,12300.0,3,2,0.0,0.0,9100.0,11700.0,3900.0,No,0.0,738.0,261800.0,120400.0,Home Appliances EMI,40000.0,26,Eligible,13550.0
58.0,Male,Married,Graduate,57000.0,Government,5.0,Mid-size,Family,0.0,2,1,7100.0,20300.0,3300.0,14400.0,3900.0,Yes,7600.0,691.0,190800.0,113300.0,Personal Loan EMI,841000.0,19,Not_Eligible,500.0
27.0,Male,Married,Professional,66100.0,Private,5.0,MNC,Family,0.0,2,1,2200.0,0.0,7100.0,15700.0,11200.0,Yes,11600.0,543.0,373900.0,176200.0,Personal Loan EMI,151000.0,44,Not_Eligible,3202.5
38.0,Male,Married,Graduate,80300.0,Private,5.2,MNC,Own,0.0,4,3,0.0,0.0,8100.0,17500.0,11200.0,No,0.0,714.0,374500.0,164600.0,Personal Loan EMI,240000.0,60,Eligible,21750.0
38.0,Female,Married,High School,32400.0,Private,9.0,Large Indian,Own,0.0,2,1,2100.0,24500.0,3400.0,8700.0,5000.0,No,0.0,707.0,238700.0,86400.0,E-commerce Shopping EMI,75000.0,17,Not_Eligible,500.0
38.0,Female,Married,Graduate,21600.0,Government,4.7,Mid-size,Rented,5800.0,3,2,7400.0,10500.0,2100.0,6200.0,1600.0,No,0.0,736.0,146700.0,,E-commerce Shopping EMI,141000.0,13,Not_Eligible,500.0
38.0,Male,Married,Post Graduate,110700.0,Private,3.7,Large Indian,Own,0.0,2,1,0.0,0.0,13100.0,19100.0,21700.0,No,0.0,645.0,554300.0,326200.0,Vehicle EMI,1.324e+06,39,Not_Eligible,22720.0
32.0,Male,Married,Post Graduate,30400.0,Private,0.5,MNC,Own,0.0,4,3,0.0,0.0,4100.0,7500.0,3300.0,Yes,7000.0,613.0,118200.0,69800.0,Education EMI,345000.0,11,Not_Eligible,1904.0
38.0,Female,Married,,75200.0,Self-employed,3.3,Startup,Family,0.0,3,2,0.0,0.0,5600.0,20200.0,7600.0,No,0.0,655.0,381200.0,98200.0,Home Appliances EMI,58000.0,11,Eligible,18810.0
38.0,Female,Married,Post Graduate,49900.0,Government,11.3,Large Indian,Own,0.0,4,3,0.0,0.0,3400.0,13700.0,3300.0,No,0.0,806.0,389300.0,199900.0,Personal Loan EMI,704000.0,34,Not_Eligible,21417.0
32.0,Female,Married,Post Graduate,64800.0,Private,1.0,Mid-size,Own,0.0,3,2,10000.0,7900.0,4700.0,17700.0,3500.0,No,0.0,762.0,129300.0,68700.0,Personal Loan EMI,931000.0,12,Not_Eligible,10080.0
27.0,Female,Single,Graduate,79100.0,Government,0.5,Large Indian,Rented,17200.0,2,1,0.0,0.0,10100.0,14200.0,9200.0,No,0.0,624.0,148400.0,76600.0,Vehicle EMI,407000.0,25,Not_Eligible,9088.0
38.0,Female,Married,Graduate,48300.0,Self-employed,2.6,Mid-size,Own,0.0,4,3,0.0,0.0,6100.0,13100.0,5100.0,No,0.0,610.0,26800.0,12800.0,Home Appliances EMI,23000.0,18,Eligible,6912.0
32.0,Male,Married,High School,34700.0,Private,2.2,Large Indian,Rented,7400.0,3,2,4900.0,9000.0,2700.0,6400.0,5300.0,Yes,4500.0,681.0,23000.0,7600.0,Personal Loan EMI,193000.0,45,Not_Eligible,500.0
38.0,Male,Married,Graduate,71000.0,Private,0.5,Large Indian,Rented,12500.0,3,2,14700.0,0.0,4200.0,14600.0,4900.0,Yes,10100.0,684.0,196200.0,101100.0,Personal Loan EMI,383000.0,14,Not_Eligible,2800.0
38.0,Male,Married,Post Graduate,23400.0,Private,9.2,Large Indian,Family,0.0,3,2,0.0,0.0,3200.0,3800.0,3500.0,Yes,2400.0,626.0,16900.0,5600.0,Personal Loan EMI,294000.0,41,Not_Eligible,2352.0
38.0,Male,Married,Graduate,85300.0,Self-employed,7.1,Large Indian,Rented,16300.0,3,2,0.0,0.0,9000.0,22600.0,14800.0,No,0.0,757.0,412300.0,85000.0,Personal Loan EMI,191000.0,47,Eligible,12204.0
32.0,Male,Single,Post Graduate,27300.0,Private,2.1,Large Indian,Rented,7900.0,3,2,8500.0,0.0,3600.0,6600.0,3200.0,No,0.0,646.0,32300.0,12000.0,Home Appliances EMI,24000.0,36,Not_Eligible,500.0
32.0,Male,Single,Professional,67700.0,Private,4.7,Startup,Own,0.0,2,1,0.0,0.0,8100.0,19900.0,7600.0,No,0.0,649.0,201600.0,115000.0,Home Appliances EMI,119000.0,28,Eligible,12840.0
48.0,Female,Married,Professional,64100.0,Self-employed,3.9,Small,Rented,10600.0,4,3,0.0,7000.0,4000.0,14000.0,6500.0,No,0.0,740.0,314300.0,72100.0,Personal Loan EMI,318000.0,45,High_Risk,9900.0
38.0,Male,Married,High School,44200.0,Government,5.2,MNC,Own,0.0,4,3,6000.0,0.0,4300.0,11200.0,3200.0,Yes,13200.0,760.0,298500.0,103700.0,Home Appliances EMI,272000.0,11,Not_Eligible,3201.66
48.0,Female,Married,Graduate,54800.0,Private,12.4,Mid-size,Own,0.0,4,3,0.0,0.0,3500.0,15200.0,6900.0,No,0.0,648.0,125300.0,63100.0,Education EMI,189000.0,12,Not_Eligible,11680.0
48.0,Male,Married,Post Graduate,55700.0,Private,12.3,Large Indian,Rented,16900.0,3,2,0.0,0.0,4300.0,10200.0,3600.0,No,0.0,784.0,412400.0,227900.0,Vehicle EMI,1.284e+06,52,Not_Eligible,13662.0
58.0,Female,Married,Graduate,18200.0,Private,1.0,Startup,Rented,4500.0,5,4,0.0,0.0,2400.0,4100.0,2600.0,Yes,3100.0,697.0,39200.0,23100.0,E-commerce Shopping EMI,82000.0,18,Not_Eligible,525.0
27.0,Male,Single,Graduate,33200.0,Private,2.2,Startup,Family,0.0,2,1,14000.0,22300.0,3500.0,9500.0,1800.0,No,0.0,616.0,30200.0,10700.0,Personal Loan EMI,85000.0,40,Not_Eligible,500.0
27.0,Male,Single,Post Graduate,78700.0,Private,0.8,Large Indian,Rented,20200.0,3,2,5700.0,0.0,4500.0,13600.0,11000.0,Yes,17200.0,653.0,139100.0,75500.0,Personal Loan EMI,838000.0,58,Not_Eligible,1456.0
27.0,Male,Married,High School,38600.0,Private,0.5,Large Indian,Rented,8300.0,3,2,6600.0,0.0,3700.0,8500.0,7200.0,Yes,5600.0,697.0,187300.0,70900.0,Education EMI,239000.0,45,Not_Eligible,500.0
48.0,Male,Married,Professional,94600.0,Private,13.1,Large Indian,Own,0.0,2,1,2900.0,7800.0,10200.0,27900.0,13500.0,Yes,9700.0,711.0,702100.0,325400.0,Vehicle EMI,369000.0,63,High_Risk,8701.0
32.0,Male,Married,Graduate,52300.0,Government,1.0,Large Indian,Own,,4,3,2200.0,0.0,2900.0,11100.0,4500.0,No,0.0,829.0,391400.0,176600.0,Home Appliances EMI,188000.0,14,Eligible,20856.0
48.0,Female,Married,High School,34400.0,Self-employed,2.7,MNC,Own,0.0,2,1,2900.0,0.0,1800.0,9500.0,1800.0,No,0.0,668.0,212800.0,87600.0,Vehicle EMI,335000.0,31,Not_Eligible,9108.0
47.0,Male,Married,Post Graduate,34000.0,Government,1.2,Startup,Family,0.0,2,1,8200.0,20800.0,2100.0,8300.0,4900.0,No,0.0,823.0,248600.0,131400.0,E-commerce Shopping EMI,99000.0,8,Not_Eligible,500.0
48.0,Male,Married,Post Graduate,30000.0,Private,19.0,MNC,Own,0.0,4,3,13000.0,0.0,4100.0,8300.0,3800.0,Yes,8900.0,546.0,78500.0,29500.0,E-commerce Shopping EMI,173000.0,20,Not_Eligible,500.0
32.0,Female,Married,Post Graduate,79900.0,Private,1.9,Large Indian,Family,0.0,2,1,6100.0,20700.0,9100.0,16900.0,13900.0,Yes,16700.0,787.0,169400.0,41600.0,Personal Loan EMI,202000.0,57,Not_Eligible,500.0
38.0,Female,Married,Graduate,62400.0,Private,5.9,Startup,Rented,21600.0,2,1,0.0,0.0,6800.0,17900.0,5700.0,No,0.0,770.0,484600.0,114400.0,Vehicle EMI,1.449e+06,39,Not_Eligible,6864.0
38.0,Male,Married,Graduate,28900.0,Private,13.4,Startup,Own,0.0,2,1,0.0,0.0,3900.0,6100.0,1600.0,Yes,5700.0,689.0,57300.0,28200.0,Personal Loan EMI,712000.0,41,Not_Eligible,3248.0
27.0,M,Married,High School,15300.0,Private,1.4,Startup,Own,0.0,4,3,7100.0,0.0,2100.0,2600.0,2600.0,No,0.0,638.0,62800.0,17800.0,Education EMI,50000.0,8,Not_Eligible,500.0
32.0,Female,Married,Post Graduate,28300.0,Private,2.3,MNC,Rented,9000.0,3,2,0.0,0.0,3800.0,4400.0,4500.0,No,0.0,669.0,142300.0,63800.0,Education EMI,171000.0,37,Not_Eligible,3300.0
32.0,Female,Married,Post Graduate,47300.0,Private,5.2,Small,Own,0.0,4,3,6200.0,0.0,3900.0,13700.0,6600.0,Yes,8700.0,719.0,248500.0,135400.0,Home Appliances EMI,109000.0,24,Not_Eligible,2870.0
38.0,Male,Married,Graduate,50500.0,Private,3.3,Mid-size,Family,0.0,5,4,0.0,8500.0,7100.0,15000.0,3500.0,No,0.0,731.0,88300.0,31400.0,E-commerce Shopping EMI,167000.0,17,Not_Eligible,6560.0
58.0,Female,Married,High School,12200.0,Self-employed,12.5,Mid-size,Family,0.0,5,4,8700.0,0.0,600.0,3100.0,2000.0,No,0.0,694.0,80900.0,29100.0,Education EMI,84000.0,14,Not_Eligible,500.0
38.0,Female,Married,Post Graduate,84595.0,Private,1.4,Large Indian,Rented,25500.0,2,1,5300.0,0.0,12400.0,24200.0,16500.0,No,0.0,722.0,427200.0,86700.0,E-commerce Shopping EMI,112000.0,15,Not_Eligible,1250.0
38.0,Male,Married,Graduate,44800.0,Self-employed,1.6,MNC,Rented,14200.0,3,2,0.0,22300.0,4400.0,13400.0,2400.0,Yes,5200.0,744.0,165500.0,66700.0,Education EMI,91000.0,29,Not_Eligible,500.0
32.0,Female,Married,Graduate,61700.0,Private,3.1,Mid-size,Rented,21400.0,4,3,10800.0,16300.0,9100.0,17900.0,8200.0,Yes,14900.0,646.0,389400.0,168100.0,Education EMI,259000.0,40,Not_Eligible,500.0
48.0,Female,Married,Graduate,38100.0,Private,4.1,Large Indian,Own,0.0,2,1,0.0,17800.0,4900.0,11200.0,7100.0,Yes,6400.0,658.0,276800.0,128600.0,Vehicle EMI,1.024e+06,26,Not_Eligible,500.0
32.0,Male,Married,Graduate,63300.0,Private,5.9,MNC,Family,0.0,4,3,10600.0,0.0,5800.0,12600.0,4600.0,No,0.0,684.0,400900.0,221300.0,Education EMI,137000.0,26,Eligible,16335.0
32.0,Female,Married,Post Graduate,69200.0,Private,1.4,MNC,Rented,18200.0,4,3,8900.0,0.0,8400.0,12100.0,3500.0,No,0.0,732.0,540700.0,278200.0,Personal Loan EMI,653000.0,32,Not_Eligible,9955.0
27.0,Female,Single,Graduate,61900.0,Private,3.3,Large Indian,Rented,13200.0,2,1,5000.0,11900.0,7500.0,10700.0,10100.0,No,0.0,744.0,341600.0,94000.0,Education EMI,132000.0,34,Not_Eligible,1750.0
38.0,F,Married,Post Graduate,56000.0,Private,1.1,Mid-size,Own,0.0,4,3,3700.0,21800.0,8000.0,8600.0,10800.0,No,0.0,591.0,49600.0,17700.0,Home Appliances EMI,150000.0,36,Not_Eligible,992.0
27.0,Male,Single,Professional,169400.0,Government,2.3,Startup,Own,0.0,1,0,0.0,0.0,24200.0,38700.0,23300.0,No,0.0,813.0,259900.0,93400.0,Vehicle EMI,785000.0,31,Eligible,39936.0
32.0,Female,Married,Post Graduate,67900.0,Government,2.6,Large Indian,Own,0.0,3,2,10000.0,0.0,8000.0,11400.0,9800.0,No,0.0,686.0,213700.0,49000.0,Personal Loan EMI,460000.0,51,High_Risk,14350.0
48.0,Male,Married,Post Graduate,50000.0,Government,0.7,Mid-size,Own,0.0,2,1,14700.0,12700.0,5500.0,14800.0,2800.0,No,0.0,728.0,323300.0,134200.0,Education EMI,292000.0,15,Not_Eligible,500.0
27.0,Male,Single,Post Graduate,108900.0,Private,0.5,Mid-size,Rented,34200.0,1,0,0.0,0.0,7100.0,17800.0,16100.0,Yes,28600.0,647.0,547000.0,213600.0,Personal Loan EMI,665000.0,12,Not_Eligible,1142.4
38.0,Male,Married,Graduate,84900.0,Private,3.1,Large Indian,Own,0.0,5,4,8500.0,0.0,7000.0,16500.0,13200.0,Yes,19600.0,667.0,490200.0,266600.0,E-commerce Shopping EMI,23000.0,8,Eligible,7035.0
38.0,Male,Married,High School,44300.0,Self-employed,4.7,Large Indian,Rented,8400.0,5,4,12100.0,23800.0,5900.0,8000.0,8600.0,Yes,7000.0,619.0,62600.0,17100.0,Home Appliances EMI,119000.0,17,Not_Eligible,500.0
48.0,Female,Single,Graduate,42500.0,Private,1.7,Large Indian,Own,0.0,1,0,0.0,0.0,2500.0,6700.0,7700.0,No,0.0,674.0,241100.0,87600.0,Vehicle EMI,897000.0,37,Not_Eligible,12800.0
32.0,Male,Married,Graduate,44100.0,Private,1.3,Large Indian,Rented,7700.0,4,3,0.0,0.0,4800.0,6800.0,3900.0,Yes,5300.0,652.0,186600.0,54500.0,Education EMI,123000.0,48,Eligible,5460.0
48.0,Female,Married,High School,72800.0,Private,3.9,Large Indian,Family,0.0,3,2,0.0,0.0,9900.0,15200.0,13100.0,Yes,17900.0,581.0,349200.0,73100.0,Vehicle EMI,1.172e+06,35,Not_Eligible,4676.0
38.0,Female,Married,Professional,139400.0,Private,3.6,Large Indian,Family,0.0,4,3,5800.0,0.0,15700.0,34400.0,14700.0,No,0.0,696.0,561100.0,310100.0,Vehicle EMI,136000.0,45,Eligible,34400.0
38.0,Male,Married,Post Graduate,47900.0,Private,2.0,Startup,Own,0.0,3,2,3800.0,17700.0,6600.0,8600.0,6900.0,No,0.0,624.0,333100.0,120600.0,Vehicle EMI,454000.0,43,Not_Eligible,1892.0
32.0,Male,Married,Graduate,31100.0,Private,10.0,Large Indian,Own,0.0,3,2,9400.0,0.0,3900.0,6600.0,5100.0,No,0.0,559.0,225400.0,112600.0,E-commerce Shopping EMI,69000.0,7,Not_Eligible,2684.0
32.0,Male,Married,Post Graduate,81400.0,Private,2.1,Large Indian,Own,0.0,3,2,5900.0,0.0,6600.0,20700.0,6100.0,Yes,21900.0,697.0,150900.0,34500.0,Personal Loan EMI,177000.0,43,High_Risk,5656.0
32.0,Female,Single,Post Graduate,85600.0,Government,0.8,MNC,Rented,23000.0,1,0,0.0,0.0,10600.0,13900.0,15500.0,No,0.0,780.0,636700.0,295500.0,Vehicle EMI,1.337e+06,37,Not_Eligible,14916.0
38.0,Male,Married,Graduate,8756.0,Private,3.4,Large Indian,Own,0.0,2,1,13000.0,0.0,2600.0,5600.0,5500.0,No,0.0,638.0,157300.0,79700.0,E-commerce Shopping EMI,22000.0,5,Not_Eligible,2840.0
27.0,Female,Single,Graduate,76600.0,Self-employed,4.3,Mid-size,Family,0.0,1,0,0.0,0.0,11400.0,21600.0,8600.0,No,0.0,718.0,153300.0,89500.0,Education EMI,467000.0,45,High_Risk,15750.0
38.0,Male,Married,Professional,72300.0,Private,0.5,Large Indian,Rented,22200.0,4,3,9300.0,0.0,3800.0,12600.0,3800.0,No,0.0,616.0,272800.0,87100.0,E-commerce Shopping EMI,94000.0,6,Not_Eligible,6592.0
38.0,Male,Single,Post Graduate,35700.0,Private,3.0,Large Indian,Rented,6700.0,2,1,7600.0,0.0,4000.0,6000.0,3600.0,No,0.0,662.0,123000.0,53000.0,Vehicle EMI,250000.0,42,Not_Eligible,3900.0
27.0,Male,Single,Graduate,74800.0,Private,5.0,Startup,Own,0.0,3,2,7400.0,24900.0,8000.0,14900.0,10400.0,Yes,13200.0,449.0,407800.0,171200.0,Home Appliances EMI,113000.0,15,Not_Eligible,500.0
48.0,Female,Married,Post Graduate,75400.0,Private,6.9,Large Indian,Own,0.0,3,2,0.0,10000.0,6800.0,11800.0,6400.0,Yes,20400.0,999.0,443900.0,197700.0,Vehicle EMI,1.38e+06,80,Not_Eligible,7000.0
39.0,Female,Single,Post Graduate,38741.0,Private,0.5,Large Indian,Rented,11300.0,1,0,0.0,0.0,3100.0,11100.0,6600.0,Yes,5100.0,672.0,212600.0,112800.0,Personal Loan EMI,392000.0,22,Not_Eligible,500.0
32.0,Male,Single,Professional,30000.0,Private,5.0,MNC,Family,0.0,2,1,8600.0,8400.0,3900.0,4900.0,3600.0,No,0.0,728.0,58200.0,18400.0,Education EMI,412000.0,31,Not_Eligible,500.0
38.0,Male,Married,Graduate,76600.0,Private,1.3,Mid-size,Family,0.0,5,4,2900.0,0.0,4100.0,18200.0,5000.0,No,0.0,610.0,551600.0,129600.0,Education EMI,270000.0,26,Eligible,20416.0
48.0,Male,Married,Professional,27000.0,Private,9.8,Large Indian,Own,0.0,4,3,0.0,11800.0,1500.0,7200.0,3300.0,No,0.0,619.0,172000.0,93200.0,Home Appliances EMI,131000.0,17,Not_Eligible,1408.0
48.0,Male,Married,High School,12400.0,Private,24.9,Large Indian,Rented,2400.0,2,1,3800.0,0.0,1000.0,3500.0,2000.0,Yes,2400.0,644.0,13400.0,4600.0,Vehicle EMI,863000.0,57,Not_Eligible,500.0
32.0,Male,Married,Graduate,61600.0,Private,0.5,MNC,Rented,15900.0,4,3,0.0,0.0,8100.0,16600.0,7000.0,No,0.0,707.0,338200.0,97700.0,Education EMI,78000.0,31,Eligible,5600.0
38.0,Female,Married,Graduate,37200.0,Private,0.9,Startup,Own,0.0,2,1,5600.0,0.0,1900.0,7600.0,6000.0,No,0.0,647.0,246300.0,109600.0,Home Appliances EMI,54000.0,20,Eligible,5667.2
38.0,Male,Married,,72500.0,Private,2.8,Mid-size,Rented,14500.0,4,3,0.0,6400.0,4200.0,18700.0,11600.0,No,0.0,687.0,271400.0,111800.0,Home Appliances EMI,69000.0,35,Eligible,8550.0
38.0,Female,Married,Graduate,59000.0,Private,0.5,Large Indian,Own,0.0,4,3,0.0,22700.0,4700.0,16600.0,11700.0,Yes,9000.0,472.0,223000.0,104900.0,Vehicle EMI,1.325e+06,31,Not_Eligible,500.0
27.0,Male,Single,Graduate,15000.0,Private,0.5,Small,Own,0.0,1,0,0.0,0.0,1100.0,4200.0,2600.0,Yes,1700.0,593.0,37900.0,14900.0,Education EMI,391000.0,7,Not_Eligible,1209.6
32.0,Male,Married,Graduate,63400.0,Private,3.6,MNC,Rented,11700.0,4,3,4900.0,0.0,6700.0,15400.0,10900.0,No,0.0,632.0,329900.0,144600.0,E-commerce Shopping EMI,29000.0,20,Eligible,5520.0
58.0,Female,Married,High School,43100.0,Private,0.5,Large Indian,Rented,9200.0,2,1,4200.0,6700.0,5000.0,11100.0,6200.0,Yes,4800.0,612.0,161500.0,66000.0,Personal Loan EMI,417000.0,17,Not_Eligible,500.0
32.0,Male,Married,Post Graduate,68300.0,Private,10.0,Large Indian,Own,0.0,3,2,14300.0,0.0,5000.0,16900.0,4900.0,No,0.0,700.0,303600.0,73300.0,Education EMI,230000.0,7,Not_Eligible,13600.0
38.0,Male,Married,Graduate,36900.0,Self-employed,11.9,Mid-size,Family,0.0,5,4,6900.0,0.0,5000.0,9600.0,5200.0,No,0.0,645.0,83500.0,43000.0,Vehicle EMI,222000.0,31,Not_Eligible,3672.0
32.0,Male,Married,Professional,118700.0,Private,4.4,Large Indian,Rented,18900.0,3,2,0.0,0.0,15400.0,18700.0,7500.0,No,0.0,729.0,670200.0,218900.0,E-commerce Shopping EMI,44000.0,24,Eligible,29100.0
27.0,Female,Single,Post Graduate,81400.0,Private,0.5,Mid-size,Own,0.0,2,1,0.0,0.0,5800.0,15800.0,5500.0,No,0.0,830.0,407200.0,169400.0,E-commerce Shopping EMI,49000.0,20,Eligible,26064.0
27.0,Male,Single,Post Graduate,88400.0,Private,0.7,MNC,Rented,22300.0,1,0,0.0,0.0,13000.0,13700.0,15400.0,Yes,18700.0,710.0,151400.0,61300.0,Education EMI,350000.0,42,Not_Eligible,1187.2
38.0,Male,Single,Graduate,85100.0,Private,5.5,Large Indian,Own,0.0,3,2,0.0,0.0,7200.0,20200.0,13600.0,Yes,18300.0,743.0,635000.0,146700.0,Home Appliances EMI,298000.0,18,Not_Eligible,9933.0
32.0,Female,Married,Graduate,37000.0,Private,2.6,MNC,Own,0.0,3,2,0.0,0.0,2000.0,6100.0,7200.0,Yes,4600.0,641.0,123900.0,62800.0,Personal Loan EMI,111000.0,58,Eligible,4788.0
48.0,Male,Married,Graduate,35600.0,Self-employed,26.0,MNC,Rented,8700.0,3,2,8100.0,0.0,2900.0,6400.0,5100.0,No,0.0,739.0,258500.0,135100.0,E-commerce Shopping EMI,37000.0,12,Not_Eligible,2178.0
38.0,Male,Married,High School,26900.0,Private,1.3,MNC,Family,0.0,3,2,2300.0,0.0,2100.0,7500.0,3300.0,Yes,3100.0,646.0,159600.0,55700.0,Personal Loan EMI,644000.0,52,Not_Eligible,2408.0
48.0,Female,Single,Graduate,45100.0,Government,5.0,Mid-size,Rented,8100.0,3,2,10400.0,0.0,4700.0,11400.0,6800.0,No,0.0,746.0,307100.0,117800.0,Vehicle EMI,1.08e+06,38,Not_Eligible,2238.5
32.0,Female,Married,Graduate,36500.0,Self-employed,0.5,Mid-size,Family,0.0,5,4,8900.0,0.0,3800.0,7300.0,5300.0,No,0.0,641.0,82500.0,39100.0,Personal Loan EMI,679000.0,42,Not_Eligible,4032.0
27.0,Female,Single,High School,23400.0,Private,1.8,Mid-size,Own,0.0,2,1,0.0,0.0,2800.0,6000.0,4600.0,Yes,5100.0,579.0,68200.0,23500.0,Home Appliances EMI,126000.0,19,Not_Eligible,1372.0
48.0,Male,Married,Graduate,78300.0,Government,3.0,MNC,Own,0.0,4,3,4600.0,0.0,8700.0,16200.0,10000.0,Yes,17200.0,723.0,496100.0,218200.0,Education EMI,462000.0,19,Not_Eligible,9147.6
58.0,Female,Married,High School,28700.0,Self-employed,4.8,Startup,Rented,8100.0,4,3,12000.0,0.0,2800.0,8000.0,2900.0,No,0.0,624.0,130600.0,,E-commerce Shopping EMI,108000.0,9,Not_Eligible,500.0
48.0,Male,Married,Post Graduate,60721.0,Private,14.1,Mid-size,Own,0.0,3,2,5400.0,0.0,4400.0,17200.0,6700.0,No,0.0,657.0,375800.0,208600.0,Education EMI,75000.0,32,Eligible,14850.0
38.0,Male,Married,Graduate,41900.0,Government,0.6,Mid-size,Own,0.0,4,3,12700.0,0.0,3500.0,6500.0,7400.0,Yes,8300.0,698.0,199000.0,99000.0,E-commerce Shopping EMI,91000.0,4,Not_Eligible,1225.0
58.0,Female,Married,High School,24100.0,Private,3.8,Mid-size,Own,0.0,4,3,14300.0,0.0,2700.0,4300.0,3800.0,No,0.0,633.0,112200.0,49700.0,Personal Loan EMI,644000.0,27,Not_Eligible,500.0
48.0,Male,Married,Graduate,29800.0,Government,15.6,MNC,Rented,4500.0,5,4,13100.0,7400.0,4100.0,4600.0,1900.0,No,0.0,749.0,77800.0,37600.0,Personal Loan EMI,100000.0,48,Not_Eligible,500.0
38.0,Male,Married,Professional,69000.0,Government,1.5,Large Indian,Own,0.0,3,2,0.0,0.0,8000.0,18700.0,5200.0,Yes,15000.0,661.0,,194300.0,Personal Loan EMI,141000.0,48,Eligible,7735.0
58.0,Female,Married,Post Graduate,125300.0,Self-employed,5.4,Mid-size,Rented,33500.0,3,2,0.0,0.0,16300.0,25000.0,23300.0,No,0.0,636.0,569200.0,274000.0,Education EMI,443000.0,24,Not_Eligible,9792.0
38.0,Male,Married,Graduate,18000.0,Self-employed,0.5,MNC,Family,0.0,4,3,0.0,0.0,2200.0,4000.0,1500.0,No,0.0,663.0,58300.0,12000.0,Education EMI,389000.0,46,Not_Eligible,4635.0
32.0,Male,Married,High School,17400.0,Private,0.7,Large Indian,Own,0.0,4,3,0.0,24500.0,2400.0,4700.0,3400.0,No,0.0,639.0,57100.0,15200.0,Vehicle EMI,808000.0,19,Not_Eligible,500.0
32.0,Female,Single,Graduate,59300.0,Private,3.8,MNC,Family,0.0,2,1,13400.0,0.0,8300.0,15300.0,10300.0,No,0.0,661.0,274200.0,157200.0,Personal Loan EMI,94000.0,48,Eligible,6000.0
32.0,Male,Single,Graduate,18000.0,Private,0.5,Small,Own,0.0,2,1,0.0,0.0,2600.0,4300.0,1900.0,Yes,2700.0,673.0,56400.0,17200.0,E-commerce Shopping EMI,168000.0,19,Not_Eligible,1820.0
38.0,Male,Married,Post Graduate,46900.0,Government,2.2,Mid-size,Family,0.0,4,3,5900.0,0.0,2500.0,8000.0,5000.0,No,0.0,703.0,324700.0,158000.0,E-commerce Shopping EMI,178000.0,17,High_Risk,14025.0
32.0,Male,Married,Post Graduate,56800.0,Government,6.9,Mid-size,Own,0.0,2,1,0.0,0.0,6400.0,12600.0,8400.0,No,0.0,709.0,244800.0,139700.0,Vehicle EMI,773000.0,25,Not_Eligible,16170.0
27.0,Female,Single,Graduate,11063.0,Private,4.6,Large Indian,Own,0.0,1,0,0.0,0.0,10700.0,21100.0,15600.0,Yes,12000.0,744.0,489500.0,289700.0,E-commerce Shopping EMI,161000.0,18,High_Risk,12285.0
32.0,F,Married,Graduate,55900.0,Private,1.7,Large Indian,Family,0.0,4,3,9900.0,11900.0,6300.0,12600.0,5900.0,Yes,6500.0,672.0,268800.0,74800.0,Home Appliances EMI,45000.0,11,Not_Eligible,980.0
32.0,Female,Single,High School,26500.0,Private,4.1,Large Indian,Rented,6600.0,2,1,0.0,0.0,1700.0,7500.0,2600.0,Yes,6300.0,606.0,35700.0,13100.0,Personal Loan EMI,158000.0,39,Not_Eligible,500.0
32.0,Male,Single,High School,36900.0,Government,1.0,MNC,Own,0.0,2,1,7800.0,0.0,1900.0,8100.0,7100.0,No,0.0,797.0,239600.0,110400.0,Personal Loan EMI,655000.0,13,Not_Eligible,7920.0
32.0,M,Married,Graduate,57500.0,Private,4.5,Mid-size,Family,0.0,3,2,6500.0,0.0,2900.0,13000.0,10500.0,No,0.0,796.0,439600.0,89000.0,Education EMI,446000.0,39,High_Risk,16236.0
32.0,Female,Married,Post Graduate,47100.0,Government,5.3,Startup,Family,0.0,4,3,0.0,0.0,6400.0,12500.0,4400.0,Yes,10200.0,838.0,172100.0,64000.0,Personal Loan EMI,233000.0,53,Not_Eligible,6283.2
38.0,Male,Married,Graduate,60300.0,Private,1.3,Mid-size,Rented,19700.0,5,4,0.0,0.0,3300.0,11400.0,3700.0,Yes,10900.0,1200.0,49600.0,27100.0,Education EMI,334000.0,31,Not_Eligible,2531.2
58.0,Male,Married,Graduate,92000.0,Self-employed,0.5,Large Indian,Own,0.0,3,2,13400.0,22800.0,12800.0,18400.0,10200.0,No,0.0,723.0,431400.0,170300.0,E-commerce Shopping EMI,166000.0,19,Not_Eligible,6480.0
27.0,Male,Single,High School,71700.0,Private,3.1,Startup,Own,0.0,3,2,12200.0,0.0,9900.0,21000.0,12400.0,Yes,17500.0,670.0,534100.0,180000.0,Home Appliances EMI,83000.0,21,Not_Eligible,500.0
48.0,Female,Married,Graduate,38900.0,Private,4.7,Mid-size,Own,0.0,4,3,3200.0,20400.0,5300.0,9300.0,2400.0,No,0.0,695.0,163400.0,83600.0,Personal Loan EMI,174000.0,41,Not_Eligible,500.0
38.0,Female,Single,High School,52400.0,Government,0.5,Startup,Own,0.0,1,0,0.0,0.0,6100.0,14200.0,4700.0,No,0.0,772.0,250700.0,66000.0,Education EMI,475000.0,30,Not_Eligible,16440.0
38.0,Male,Married,Graduate,55500.0,Private,10.8,MNC,Rented,16200.0,4,3,0.0,0.0,2900.0,12600.0,5800.0,Yes,12600.0,588.0,258500.0,147100.0,Education EMI,97000.0,35,Not_Eligible,1512.0
27.0,Male,Single,Professional,49700.0,Private,4.6,Startup,Rented,14200.0,1,0,0.0,0.0,6400.0,8900.0,9900.0,Yes,9000.0,706.0,136300.0,37000.0,Education EMI,154000.0,42,Not_Eligible,500.0
32.0,Male,Single,High School,69900.0,Private,10.0,Mid-size,Own,0.0,1,0,0.0,0.0,5900.0,19500.0,7400.0,No,0.0,826.0,513700.0,242300.0,Vehicle EMI,460000.0,75,Eligible,24486.0
48.0,Male,Married,Post Graduate,97900.0,Self-employed,10.4,Mid-size,Own,0.0,4,3,0.0,0.0,10600.0,19900.0,12100.0,No,0.0,699.0,54700.0,30700.0,Home Appliances EMI,37000.0,19,Eligible,19908.0
32.0,Male,Single,High School,36200.0,Government,3.8,Large Indian,Rented,10000.0,1,0,0.0,0.0,3400.0,7300.0,5600.0,Yes,4800.0,751.0,74600.0,30100.0,Home Appliances EMI,272000.0,25,Not_Eligible,2356.2
32.0,Male,Married,Graduate,51800.0,Private,3.1,Large Indian,Rented,9600.0,3,2,7000.0,0.0,5000.0,11800.0,7300.0,No,0.0,728.0,318300.0,160600.0,Education EMI,238000.0,22,Not_Eligible,6105.0
32.0,Male,Single,High School,27200.0,Private,10.0,MNC,Family,0.0,1,0,0.0,0.0,2700.0,6500.0,4200.0,No,0.0,725.0,135000.0,46700.0,Vehicle EMI,896000.0,66,Not_Eligible,6900.0
38.0,Male,Married,Professional,46700.0,Government,4.1,Mid-size,Family,0.0,5,4,0.0,0.0,4700.0,8100.0,2600.0,No,0.0,683.0,252600.0,63300.0,Personal Loan EMI,450000.0,12,Not_Eligible,17215.0
27.0,Female,Single,High School,30600.0,Private,3.6,MNC,Own,0.0,1,0,0.0,0.0,4000.0,8000.0,4300.0,Yes,3100.0,704.0,206800.0,80900.0,Home Appliances EMI,217000.0,18,Not_Eligible,4312.0
32.0,Male,Married,Post Graduate,94700.0,Private,0.5,Large Indian,Family,0.0,4,3,14600.0,21100.0,13800.0,18400.0,5900.0,Yes,20500.0,666.0,240900.0,142100.0,Education EMI,259000.0,30,Not_Eligible,500.0
38.0,Female,Married,Graduate,20000.0,Private,6.4,Mid-size,Rented,5700.0,3,2,13000.0,0.0,1000.0,4100.0,3700.0,No,0.0,681.0,77500.0,35400.0,Home Appliances EMI,51000.0,16,Not_Eligible,500.0
38.0,Female,Married,Post Graduate,61600.0,Private,16.0,Mid-size,Rented,17800.0,2,1,0.0,0.0,5300.0,9600.0,9700.0,Yes,12900.0,678.0,143100.0,84200.0,Personal Loan EMI,254000.0,26,Not_Eligible,2205.0
48.0,Female,Married,High School,52400.0,Private,6.1,MNC,Own,0.0,3,2,0.0,8300.0,6800.0,12400.0,9600.0,Yes,9700.0,591.0,119500.0,61700.0,Personal Loan EMI,454000.0,12,Not_Eligible,1568.0
48.0,Male,Married,Graduate,31700.0,Private,1.1,Mid-size,Own,0.0,4,3,11100.0,6300.0,1700.0,8100.0,2700.0,Yes,4500.0,594.0,234800.0,130300.0,E-commerce Shopping EMI,183000.0,4,Not_Eligible,500.0
32.0,Male,Single,Professional,63200.0,Private,1.5,Startup,Rented,20600.0,1,0,0.0,0.0,4100.0,9800.0,10400.0,No,0.0,697.0,178900.0,92700.0,Vehicle EMI,203000.0,62,Eligible,9150.0
48.0,Female,Married,Graduate,49500.0,Government,0.7,Startup,Family,0.0,2,1,8500.0,0.0,2700.0,9500.0,8000.0,No,0.0,787.0,288800.0,167300.0,Vehicle EMI,608000.0,36,Not_Eligible,12480.0
38.0,Female,Married,High School,14400.0,Private,5.5,Large Indian,Family,0.0,3,2,10100.0,0.0,700.0,4300.0,900.0,No,0.0,741.0,29000.0,10600.0,Home Appliances EMI,228000.0,29,Not_Eligible,500.0
38.0,Male,Married,Post Graduate,51000.0,Private,0.7,MNC,Rented,7700.0,3,2,9200.0,0.0,7600.0,7800.0,7800.0,No,0.0,719.0,81700.0,23400.0,Personal Loan EMI,576000.0,57,Not_Eligible,3488.0
32.0,Female,Married,Graduate,72200.0,Government,1.8,MNC,Rented,21100.0,4,3,7700.0,0.0,5800.0,13100.0,7400.0,Yes,21600.0,766.0,121800.0,59000.0,E-commerce Shopping EMI,14000.0,7,Not_Eligible,500.0
38.0,Female,Single,Professional,35600.0,Government,8.3,Mid-size,Rented,6700.0,1,0,0.0,0.0,2100.0,6700.0,6300.0,No,0.0,812.0,283500.0,103300.0,E-commerce Shopping EMI,129000.0,23,Eligible,10018.8
48.0,Male,Married,Graduate,45700.0,Private,1.0,MNC,Rented,13700.0,3,2,13700.0,0.0,5800.0,9000.0,3400.0,No,0.0,1200.0,176300.0,47300.0,Personal Loan EMI,787000.0,26,Not_Eligible,500.0
38.0,Female,Married,Post Graduate,33500.0,Private,1.7,Mid-size,Rented,7100.0,5,4,0.0,0.0,2000.0,8400.0,3300.0,Yes,5900.0,752.0,113400.0,23800.0,Home Appliances EMI,237000.0,31,Not_Eligible,2856.0
38.0,Male,Married,Graduate,37500.0,Private,1.5,Large Indian,Rented,10800.0,2,1,4700.0,22200.0,4200.0,6600.0,2400.0,Yes,10300.0,1200.0,61500.0,14000.0,Vehicle EMI,319000.0,84,Not_Eligible,500.0
32.0,Male,Married,Graduate,45300.0,Private,4.4,Large Indian,Rented,13900.0,3,2,0.0,0.0,2800.0,7700.0,8800.0,No,0.0,741.0,44100.0,25300.0,Personal Loan EMI,392000.0,21,Not_Eligible,4840.0
32.0,Male,Married,Graduate,56900.0,Private,2.0,MNC,Own,0.0,3,2,0.0,0.0,4700.0,10800.0,7800.0,Yes,11700.0,1200.0,263300.0,70200.0,Vehicle EMI,620000.0,48,Not_Eligible,3832.5
48.0,Male,Married,Post Graduate,113800.0,Private,0.6,Mid-size,Family,0.0,3,2,10100.0,0.0,11100.0,28300.0,8500.0,No,0.0,697.0,446800.0,170800.0,Education EMI,149000.0,7,High_Risk,22320.0
27.0,Male,Married,Post Graduate,78700.0,Private,2.3,Startup,Rented,18900.0,3,2,3900.0,0.0,4000.0,14200.0,5700.0,No,0.0,590.0,160500.0,79700.0,Vehicle EMI,638000.0,40,Not_Eligible,12800.0
38.0,Male,Married,Graduate,36700.0,Private,0.8,Large Indian,Rented,10600.0,4,3,13600.0,0.0,5500.0,10100.0,5100.0,Yes,6700.0,634.0,269100.0,106400.0,Home Appliances EMI,91000.0,8,Not_Eligible,500.0
32.0,Male,Married,Graduate,38000.0,Self-employed,0.5,Mid-size,Rented,12500.0,4,3,5200.0,0.0,5700.0,6300.0,7100.0,Yes,6400.0,572.0,298800.0,109700.0,E-commerce Shopping EMI,32000.0,14,Not_Eligible,500.0
38.0,male,Married,Graduate,84300.0,Private,10.4,Mid-size,Rented,21700.0,2,1,0.0,0.0,12100.0,25100.0,10300.0,Yes,13100.0,698.0,629700.0,229100.0,Home Appliances EMI,169000.0,27,Not_Eligible,770.0
32.0,Female,Single,Post Graduate,33400.0,Private,4.8,Mid-size,Family,0.0,1,0,0.0,0.0,4800.0,6300.0,6200.0,Yes,6700.0,693.0,117500.0,48200.0,Education EMI,90000.0,23,Not_Eligible,3290.0
38.0,Male,Married,High School,57100.0,Government,1.6,Large Indian,Family,0.0,3,2,9300.0,9700.0,7700.0,13600.0,3700.0,Yes,10000.0,653.0,211100.0,51500.0,Vehicle EMI,310000.0,22,Not_Eligible,1085.0
38.0,Male,Married,Post Graduate,23400.0,Government,2.8,Startup,Own,0.0,2,1,0.0,21000.0,2300.0,3600.0,1700.0,Yes,5800.0,734.0,160600.0,56400.0,E-commerce Shopping EMI,45000.0,24,Not_Eligible,500.0
38.0,Male,Married,Professional,32800.0,Self-employed,4.1,MNC,Own,0.0,3,2,0.0,15400.0,3300.0,6400.0,1600.0,No,0.0,744.0,145400.0,57800.0,E-commerce Shopping EMI,62000.0,5,Not_Eligible,2745.0
38.0,Male,Married,Graduate,60200.0,Private,1.3,Mid-size,Family,0.0,3,2,13000.0,0.0,6700.0,14100.0,3500.0,Yes,10800.0,610.0,258500.0,62200.0,Personal Loan EMI,239000.0,15,Not_Eligible,3388.0
48.0,Male,Married,Post Graduate,70400.0,Government,6.0,Mid-size,Family,0.0,2,1,0.0,0.0,5100.0,19900.0,4500.0,No,0.0,849.0,464400.0,253200.0,Personal Loan EMI,540000.0,54,Eligible,29693.4
32.0,Male,Single,Post Graduate,92500.0,Self-employed,2.8,Startup,Rented,31400.0,1,0,0.0,0.0,10500.0,20300.0,16300.0,No,0.0,726.0,736400.0,193600.0,Vehicle EMI,839000.0,47,Not_Eligible,6930.0
48.0,Male,Married,Graduate,58900.0,Private,12.9,Large Indian,Own,0.0,4,3,0.0,0.0,4200.0,14100.0,8200.0,No,0.0,716.0,184800.0,106200.0,E-commerce Shopping EMI,47000.0,23,Eligible,16200.0
27.0,Female,Single,High School,53600.0,Private,1.5,Startup,Family,0.0,3,2,0.0,0.0,3500.0,11300.0,3400.0,Yes,14900.0,694.0,427000.0,187900.0,Education EMI,397000.0,33,Not_Eligible,7892.5
27.0,Female,Married,Post Graduate,50500.0,Self-employed,1.7,Mid-size,Rented,17400.0,2,1,10900.0,0.0,3800.0,14000.0,5700.0,Yes,8600.0,717.0,35500.0,20000.0,Personal Loan EMI,957000.0,57,Not_Eligible,500.0
27.0,Female,Single,High School,401350.0,Self-employed,4.9,Mid-size,Rented,21600.0,3,2,0.0,14400.0,5300.0,14300.0,7900.0,Yes,12900.0,610.0,128700.0,51100.0,Vehicle EMI,252000.0,45,Not_Eligible,500.0
27.0,Female,Married,Post Graduate,36800.0,Private,0.5,Startup,Family,0.0,3,2,0.0,0.0,4300.0,7100.0,4900.0,No,0.0,653.0,162200.0,34200.0,Education EMI,95000.0,39,Eligible,8200.0
48.0,Male,Married,Graduate,61500.0,Private,9.1,Mid-size,Family,0.0,2,1,0.0,0.0,9100.0,12300.0,7100.0,No,0.0,698.0,41600.0,15500.0,Home Appliances EMI,62000.0,24,Eligible,13200.0
48.0,Male,Married,Graduate,68500.0,Private,12.8,Mid-size,Own,0.0,3,2,0.0,0.0,4600.0,10600.0,10700.0,No,0.0,799.0,41500.0,22200.0,E-commerce Shopping EMI,189000.0,15,Eligible,20448.0
48.0,Male,Single,Graduate,73900.0,Private,0.5,MNC,Family,0.0,1,0,0.0,0.0,10200.0,12000.0,13600.0,Yes,7600.0,657.0,439500.0,157000.0,Education EMI,417000.0,31,Not_Eligible,8540.0
32.0,Female,Single,Post Graduate,71400.0,Private,3.7,Mid-size,Own,0.0,2,1,0.0,0.0,6200.0,20300.0,13500.0,Yes,11700.0,617.0,245400.0,105800.0,Education EMI,127000.0,23,Not_Eligible,5516.0
32.0,Male,Married,Post Graduate,111000.0,Private,0.5,MNC,Own,0.0,3,2,3100.0,0.0,9300.0,30900.0,19200.0,No,0.0,725.0,248400.0,91000.0,E-commerce Shopping EMI,51000.0,24,Eligible,19400.0
38.0,Male,Married,Graduate,40700.0,Private,4.4,Mid-size,Own,0.0,2,1,2500.0,14800.0,5800.0,7400.0,6400.0,No,0.0,652.0,65800.0,16800.0,Vehicle EMI,1.156e+06,41,Not_Eligible,1520.0
58.0,Male,Married,Graduate,49300.0,Private,12.5,Mid-size,Family,0.0,2,1,7300.0,0.0,3500.0,13400.0,9500.0,Yes,8800.0,737.0,84200.0,46200.0,E-commerce Shopping EMI,58000.0,15,Not_Eligible,1904.0
48.0,Male,Married,Post Graduate,38800.0,Government,4.4,Large Indian,Own,0.0,3,2,0.0,22700.0,4600.0,6700.0,3800.0,Yes,8800.0,768.0,56500.0,19400.0,Education EMI,285000.0,10,Not_Eligible,500.0
58.0,Male,Married,Graduate,46900.0,Private,10.6,Large Indian,Family,0.0,3,2,12800.0,0.0,3300.0,11400.0,7200.0,No,0.0,765.0,103500.0,30800.0,Home Appliances EMI,185000.0,18,Not_Eligible,7320.0
27.0,Male,Single,Professional,62800.0,Government,2.1,Large Indian,Rented,14400.0,1,0,0.0,0.0,3900.0,11500.0,4500.0,No,0.0,811.0,467800.0,108200.0,Personal Loan EMI,725000.0,59,High_Risk,18810.0
48.0,Male,Married,Graduate,25200.0,Private,20.3,Startup,Family,0.0,4,3,12500.0,0.0,2800.0,6700.0,3700.0,No,0.0,697.0,134700.0,39800.0,Education EMI,412000.0,6,Not_Eligible,500.0
38.0,Male,Married,Post Graduate,61400.0,Private,4.2,Large Indian,Own,0.0,3,2,0.0,0.0,3500.0,15200.0,5400.0,No,0.0,711.0,128400.0,49300.0,Vehicle EMI,778000.0,45,Not_Eligible,18650.0
38.0,Male,Married,Graduate,44700.0,Government,2.7,Large Indian,Rented,8600.0,4,3,0.0,0.0,2500.0,13300.0,8800.0,No,0.0,753.0,285900.0,162200.0,Education EMI,281000.0,37,Not_Eligible,7590.0
48.0,Female,Married,Post Graduate,76900.0,Government,0.5,Startup,Own,8746.0,4,3,3500.0,8900.0,11300.0,11800.0,6200.0,No,0.0,697.0,228600.0,100000.0,Vehicle EMI,952000.0,53,Not_Eligible,17600.0
32.0,Female,Married,Post Graduate,40500.0,Private,0.5,MNC,Rented,7400.0,3,2,3100.0,0.0,5600.0,9900.0,6400.0,No,0.0,728.0,197200.0,84500.0,Personal Loan EMI,136000.0,24,Not_Eligible,3240.0
32.0,Female,Married,High School,35900.0,Private,4.3,Large Indian,Rented,9100.0,2,1,0.0,0.0,4300.0,6500.0,5400.0,No,0.0,771.0,63400.0,36100.0,Education EMI,57000.0,16,Eligible,5088.0
48.0,Male,Married,Graduate,46200.0,Private,17.6,Mid-size,Own,0.0,3,2,14700.0,0.0,5800.0,9000.0,5300.0,No,0.0,719.0,124100.0,60000.0,Home Appliances EMI,117000.0,21,Not_Eligible,5700.0
27.0,Male,Single,Post Graduate,21500.0,Self-employed,0.5,Startup,Family,0.0,1,0,0.0,0.0,2400.0,6200.0,3800.0,Yes,3100.0,575.0,32400.0,7900.0,Education EMI,110000.0,25,Not_Eligible,1209.6
38.0,Female,Single,High School,31400.0,Private,0.5,Startup,Family,0.0,2,1,9600.0,9500.0,3900.0,8300.0,4600.0,No,0.0,730.0,23500.0,7400.0,Vehicle EMI,466000.0,52,Not_Eligible,500.0
48.0,Female,Married,High School,83400.0,Private,19.8,Mid-size,Own,0.0,5,4,4200.0,0.0,8200.0,15600.0,6500.0,No,0.0,797.0,595800.0,347000.0,E-commerce Shopping EMI,18000.0,6,Eligible,32274.0
38.0,Male,Married,Graduate,42500.0,Self-employed,3.3,Startup,Rented,7200.0,4,3,0.0,0.0,2700.0,10700.0,2800.0,Yes,4600.0,569.0,82800.0,26500.0,Personal Loan EMI,137000.0,50,Not_Eligible,2923.2
27.0,Female,Married,High School,54400.0,Private,0.7,Large Indian,Family,0.0,4,3,0.0,0.0,5400.0,12300.0,3100.0,Yes,10100.0,703.0,124900.0,26200.0,Personal Loan EMI,854000.0,52,Not_Eligible,6580.0
38.0,Male,Married,Graduate,64300.0,Self-employed,1.8,Mid-size,Own,0.0,2,1,0.0,19400.0,4800.0,14100.0,12300.0,Yes,9300.0,558.0,350800.0,152000.0,Vehicle EMI,1.174e+06,79,Not_Eligible,1108.8
38.0,Male,Married,Post Graduate,79400.0,Private,3.6,MNC,Own,0.0,2,1,8500.0,0.0,5400.0,14900.0,6700.0,No,0.0,750.0,514200.0,285500.0,E-commerce Shopping EMI,156000.0,7,High_Risk,28974.0
32.0,Male,Married,Professional,67800.0,Government,1.5,Mid-size,Own,10607.0,4,3,14600.0,0.0,6500.0,19900.0,5500.0,No,0.0,842.0,165300.0,66700.0,Education EMI,50000.0,39,Eligible,12780.0
38.0,Female,Married,Graduate,90600.0,Self-employed,8.7,Mid-size,Family,0.0,3,2,14000.0,0.0,5000.0,17000.0,14800.0,No,0.0,841.0,580900.0,176200.0,Home Appliances EMI,189000.0,6,Not_Eligible,23641.2
27.0,Male,Single,High School,26500.0,Private,2.3,MNC,Rented,4700.0,1,0,0.0,0.0,1600.0,4400.0,5000.0,No,0.0,673.0,48600.0,19000.0,Vehicle EMI,1.459e+06,73,Not_Eligible,4320.0
32.0,Male,Married,Graduate,45600.0,Private,0.5,MNC,Rented,7100.0,2,1,7000.0,0.0,6600.0,11900.0,4500.0,No,0.0,686.0,339700.0,137700.0,Vehicle EMI,1.197e+06,47,Not_Eligible,3740.0
32.0,Male,Single,Graduate,78200.0,Government,1.2,Large Indian,Own,0.0,2,1,2500.0,20400.0,6700.0,18300.0,6400.0,No,0.0,827.0,169100.0,47500.0,Education EMI,302000.0,13,Not_Eligible,14340.0
32.0,Male,Married,Post Graduate,94400.0,Private,2.2,Large Indian,Own,0.0,2,1,7000.0,0.0,6300.0,17100.0,15300.0,No,0.0,823.0,165300.0,97900.0,Home Appliances EMI,149000.0,25,Eligible,23376.0
48.0,Female,Married,Post Graduate,28200.0,Government,1.3,Large Indian,Family,0.0,5,4,2500.0,0.0,2400.0,8100.0,2200.0,No,0.0,750.0,17000.0,6400.0,Personal Loan EMI,655000.0,38,Not_Eligible,6240.0
38.0,Female,Married,Post Graduate,65900.0,Private,11.6,MNC,Own,0.0,3,2,14000.0,0.0,6500.0,18400.0,9800.0,No,0.0,691.0,299300.0,,Education EMI,177000.0,31,Eligible,8600.0
48.0,Female,Married,Post Graduate,35300.0,Private,5.1,Mid-size,Own,0.0,5,4,12400.0,0.0,3700.0,6200.0,4900.0,No,0.0,729.0,145800.0,40900.0,Education EMI,244000.0,19,Not_Eligible,4050.0
27.0,Male,Single,Graduate,75200.0,Private,5.0,Large Indian,Family,0.0,2,1,6100.0,0.0,6900.0,20700.0,8100.0,No,0.0,704.0,278900.0,130800.0,Personal Loan EMI,579000.0,39,Not_Eligible,16700.0
27.0,Male,Single,Graduate,64200.0,Self-employed,2.5,Large Indian,Own,0.0,2,1,4200.0,0.0,8300.0,11400.0,10100.0,Yes,14800.0,586.0,87800.0,48800.0,Personal Loan EMI,637000.0,55,Not_Eligible,3104.64
58.0,Male,Married,High School,43000.0,Private,36.0,Mid-size,Family,0.0,2,1,7500.0,0.0,6100.0,7400.0,7300.0,Yes,5500.0,599.0,123200.0,71600.0,Education EMI,232000.0,31,Not_Eligible,2576.0
48.0,Female,Married,Graduate,38600.0,Private,9.6,Large Indian,Rented,9700.0,3,2,9300.0,6300.0,3400.0,6100.0,2900.0,No,0.0,707.0,98100.0,19800.0,Personal Loan EMI,467000.0,22,Not_Eligible,500.0
32.0,Male,Married,Graduate,30000.0,Private,4.3,MNC,Rented,5800.0,3,2,14600.0,0.0,2500.0,5800.0,2100.0,No,0.0,708.0,161100.0,40900.0,Vehicle EMI,158000.0,71,Not_Eligible,500.0
32.0,Male,Married,Graduate,50100.0,Private,5.4,Large Indian,Rented,16100.0,3,2,12700.0,5600.0,3200.0,14600.0,7800.0,No,0.0,775.0,42600.0,21700.0,Personal Loan EMI,198000.0,34,Not_Eligible,500.0
48.0,Male,Married,Graduate,76500.0,Private,0.5,Mid-size,Family,0.0,3,2,0.0,0.0,8700.0,22700.0,12600.0,No,0.0,706.0,586600.0,274500.0,Home Appliances EMI,255000.0,10,Not_Eligible,14300.0
48.0,Male,Single,Graduate,44300.0,Private,3.2,MNC,Own,0.0,2,1,0.0,0.0,3600.0,10200.0,8700.0,No,0.0,762.0,298900.0,93500.0,Personal Loan EMI,570000.0,36,Not_Eligible,14388.0
38.0,Female,Single,Professional,60900.0,Private,2.6,Large Indian,Own,0.0,1,0,0.0,0.0,4600.0,11400.0,11700.0,Yes,8000.0,625.0,418100.0,195500.0,Education EMI,140000.0,29,Eligible,7761.6
38.0,Male,Married,Graduate,18000.0,Private,2.7,Large Indian,Family,0.0,4,3,0.0,0.0,1600.0,3300.0,3000.0,Yes,4700.0,590.0,10900.0,2500.0,Home Appliances EMI,93000.0,17,Not_Eligible,1209.6
38.0,Female,Married,Graduate,44100.0,Self-employed,3.8,Mid-size,Family,0.0,4,3,0.0,0.0,4400.0,9100.0,7900.0,No,0.0,611.0,256600.0,127900.0,Education EMI,426000.0,23,Not_Eligible,8172.0
38.0,Male,Married,Professional,87100.0,Self-employed,6.0,MNC,Rented,23200.0,5,4,0.0,0.0,9600.0,25800.0,16900.0,Yes,14200.0,657.0,631600.0,161800.0,Education EMI,445000.0,24,Not_Eligible,500.0
58.0,Male,Married,High School,13200.0,Private,24.9,Mid-size,Rented,4300.0,4,3,0.0,20300.0,1300.0,2500.0,1600.0,No,0.0,637.0,102800.0,34700.0,Vehicle EMI,614000.0,39,Not_Eligible,500.0
48.0,Female,Married,Graduate,18000.0,Private,26.0,Mid-size,Own,0.0,3,2,5600.0,0.0,2700.0,3100.0,3500.0,No,0.0,713.0,14500.0,8600.0,Vehicle EMI,1.116e+06,57,Not_Eligible,1240.0
27.0,Female,Single,High School,33300.0,Government,2.0,MNC,Family,0.0,3,2,0.0,0.0,3300.0,9300.0,2400.0,No,0.0,709.0,65100.0,21100.0,Home Appliances EMI,189000.0,12,Not_Eligible,7320.0
32.0,Male,Married,Professional,48200.0,Self-employed,4.2,MNC,Rented,9600.0,3,2,4100.0,0.0,2700.0,14500.0,4800.0,Yes,10000.0,708.0,43900.0,18000.0,Vehicle EMI,559000.0,78,Not_Eligible,630.0
38.0,Female,Single,Post Graduate,130400.0,Self-employed,2.8,Startup,Rented,44200.0,1,0,0.0,0.0,11500.0,28900.0,6600.0,No,0.0,797.0,231200.0,49000.0,Vehicle EMI,1.166e+06,70,Not_Eligible,16934.4
58.0,Male,Married,Professional,69900.0,Private,1.3,Startup,Rented,19900.0,3,2,11300.0,0.0,4500.0,19200.0,13200.0,Yes,14000.0,641.0,428000.0,141100.0,Personal Loan EMI,566000.0,34,Not_Eligible,500.0
48.0,Male,Married,Graduate,48000.0,Private,4.1,Large Indian,Rented,8200.0,3,2,5600.0,14400.0,6800.0,12400.0,8900.0,No,0.0,725.0,80100.0,46000.0,Education EMI,191000.0,19,Not_Eligible,500.0
48.0,Male,Married,Post Graduate,56100.0,Private,6.6,Large Indian,Rented,17900.0,3,2,14700.0,14400.0,6400.0,9600.0,7400.0,No,0.0,575.0,435600.0,133900.0,Vehicle EMI,146000.0,49,Not_Eligible,500.0
38.0,Male,Married,Professional,84100.0,Self-employed,0.5,MNC,Rented,,4,3,12300.0,22800.0,8800.0,16100.0,12900.0,Yes,23300.0,683.0,425600.0,162300.0,Personal Loan EMI,947000.0,48,Not_Eligible,500.0
27.0,Female,Single,Post Graduate,133900.0,Private,3.3,Startup,Rented,37400.0,3,2,13600.0,0.0,12800.0,37100.0,24500.0,Yes,29700.0,669.0,354100.0,97900.0,E-commerce Shopping EMI,58000.0,11,Not_Eligible,500.0
38.0,Male,Married,Graduate,61900.0,Private,10.0,Large Indian,Own,0.0,5,4,0.0,0.0,8900.0,12700.0,11400.0,No,0.0,742.0,248700.0,62700.0,E-commerce Shopping EMI,52000.0,23,Eligible,14450.0
38.0,Female,Married,Graduate,40100.0,Self-employed,5.9,MNC,Family,0.0,3,2,14200.0,0.0,5500.0,11200.0,7700.0,No,0.0,751.0,308400.0,115600.0,Education EMI,326000.0,44,Not_Eligible,891.0
38.0,Male,Married,Graduate,44700.0,Private,1.8,MNC,Family,0.0,4,3,0.0,0.0,4600.0,10800.0,4700.0,No,0.0,1200.0,205700.0,119600.0,E-commerce Shopping EMI,178000.0,16,Not_Eligible,12300.0
38.0,Male,Married,High School,46400.0,Private,12.6,Startup,Rented,7000.0,2,1,0.0,0.0,4000.0,9600.0,7800.0,No,0.0,689.0,241500.0,94900.0,Education EMI,168000.0,12,Not_Eligible,9000.0
32.0,Female,Married,Professional,130700.0,Private,0.5,Small,Own,0.0,3,2,8400.0,0.0,8200.0,27200.0,17300.0,Yes,25900.0,776.0,749100.0,225400.0,Personal Loan EMI,400000.0,60,Eligible,14683.2
32.0,Male,Married,Graduate,80500.0,Self-employed,1.8,Startup,Rented,15800.0,5,4,11500.0,0.0,10200.0,13500.0,4200.0,Yes,15600.0,683.0,429200.0,159200.0,Education EMI,340000.0,48,Not_Eligible,3055.5
38.0,Male,Married,Graduate,27300.0,Private,4.3,Mid-size,Rented,6100.0,5,4,13300.0,0.0,1800.0,7300.0,4600.0,Yes,5100.0,616.0,42100.0,14400.0,Vehicle EMI,100000.0,31,Not_Eligible,500.0
48.0,Female,Married,Post Graduate,65000.0,Private,26.0,Mid-size,Rented,21900.0,3,2,0.0,0.0,6500.0,13500.0,4300.0,No,0.0,714.0,241800.0,78000.0,E-commerce Shopping EMI,65000.0,10,Eligible,9400.0
32.0,Male,Single,Post Graduate,43500.0,Private,3.5,MNC,Rented,8700.0,2,1,0.0,0.0,4100.0,7900.0,6400.0,Yes,11300.0,665.0,181700.0,37500.0,Education EMI,264000.0,17,Not_Eligible,1785.0
48.0,Female,Married,Professional,71200.0,Government,7.5,Mid-size,Rented,12000.0,3,2,0.0,23900.0,8700.0,14300.0,13900.0,No,0.0,672.0,242400.0,113200.0,Home Appliances EMI,57000.0,11,Not_Eligible,500.0
32.0,Male,Married,High School,24100.0,Private,2.3,Large Indian,Own,0.0,5,4,11200.0,0.0,2300.0,4000.0,2700.0,No,0.0,651.0,68500.0,23000.0,Home Appliances EMI,156000.0,22,Not_Eligible,1950.0
48.0,Male,Single,Professional,79600.0,Self-employed,2.5,Large Indian,Rented,19700.0,1,0,0.0,0.0,7800.0,15600.0,12300.0,No,0.0,759.0,501200.0,172500.0,Vehicle EMI,1.24e+06,18,Not_Eligible,14374.8
58.0,Male,Married,Post Graduate,102300.0,Government,2.2,Large Indian,Rented,27400.0,3,2,12600.0,0.0,14500.0,26100.0,15700.0,Yes,21100.0,663.0,248900.0,141400.0,Home Appliances EMI,159000.0,17,Not_Eligible,500.0
32.0,Male,Married,High School,44000.0,Self-employed,2.8,Large Indian,Family,0.0,2,1,6900.0,24200.0,6000.0,11100.0,8700.0,No,0.0,694.0,93300.0,33700.0,Home Appliances EMI,252000.0,16,Not_Eligible,500.0
38.0,Male,Single,Professional,28600.0,Private,2.9,MNC,Own,0.0,1,0,0.0,0.0,2800.0,7900.0,5500.0,Yes,4900.0,612.0,117700.0,25100.0,Personal Loan EMI,685000.0,59,Not_Eligible,2100.0
38.0,Female,Married,Graduate,79500.0,Private,4.9,MNC,Own,0.0,4,3,0.0,0.0,4600.0,12700.0,15000.0,No,0.0,782.0,152400.0,51300.0,Home Appliances EMI,260000.0,28,Eligible,22656.0
27.0,Female,Single,Graduate,67900.0,Private,1.7,Large Indian,Family,0.0,1,0,0.0,0.0,8900.0,12100.0,9900.0,Yes,8700.0,797.0,499800.0,270000.0,Education EMI,414000.0,46,High_Risk,13074.6
38.0,Male,Married,Post Graduate,114400.0,Private,6.4,Mid-size,Own,0.0,4,3,14100.0,11900.0,10600.0,20800.0,22800.0,Yes,11800.0,731.0,596200.0,221500.0,Education EMI,488000.0,6,Not_Eligible,7840.0
48.0,Female,Single,High School,41800.0,Private,1.2,Large Indian,Rented,12700.0,1,0,0.0,0.0,3000.0,12500.0,7700.0,Yes,7900.0,673.0,137000.0,40300.0,E-commerce Shopping EMI,114000.0,18,Not_Eligible,500.0
48.0,Female,Married,High School,50800.0,Private,0.5,Large Indian,Family,0.0,5,4,11200.0,0.0,7200.0,10200.0,5400.0,No,0.0,748.0,64300.0,27100.0,Home Appliances EMI,252000.0,9,Not_Eligible,5376.0
32.0,Male,Married,Post Graduate,96200.0,Private,10.0,Large Indian,Family,0.0,3,2,7200.0,0.0,12900.0,21000.0,8100.0,No,0.0,641.0,61900.0,13700.0,E-commerce Shopping EMI,120000.0,17,Eligible,15040.0
27.0,Male,Single,Graduate,123400.0,Private,3.8,Mid-size,Own,0.0,1,0,0.0,0.0,9400.0,22300.0,20100.0,No,0.0,655.0,100500.0,31000.0,Home Appliances EMI,231000.0,12,Eligible,28640.0
48.0,Female,Married,High School,19100.0,Private,10.0,Mid-size,Rented,5600.0,3,2,2200.0,0.0,2500.0,3400.0,1500.0,No,0.0,800.0,90200.0,24800.0,Education EMI,351000.0,20,Not_Eligible,2340.0
48.0,Male,Married,Graduate,40200.0,Government,12.8,Mid-size,Own,0.0,4,3,0.0,9100.0,2400.0,11200.0,2100.0,Yes,7400.0,739.0,320300.0,145900.0,Home Appliances EMI,272000.0,32,Not_Eligible,3388.0
38.0,Male,Married,Graduate,58000.0,Private,1.0,MNC,Rented,16000.0,4,3,0.0,0.0,3700.0,12600.0,7200.0,No,0.0,718.0,230800.0,101700.0,Vehicle EMI,382000.0,67,High_Risk,9250.0
48.0,Female,Married,Graduate,18000.0,Self-employed,15.9,Startup,Own,0.0,4,3,7900.0,0.0,2300.0,3000.0,1500.0,No,0.0,781.0,85800.0,47500.0,Education EMI,374000.0,25,Not_Eligible,1782.0
32.0,Male,Married,Graduate,46100.0,Private,4.2,Large Indian,Rented,12200.0,3,2,0.0,22200.0,2700.0,10800.0,4100.0,Yes,6100.0,521.0,175900.0,54200.0,Vehicle EMI,448000.0,79,Not_Eligible,500.0
38.0,Male,Married,Graduate,48900.0,Private,2.9,Small,Own,0.0,3,2,6500.0,0.0,3500.0,12700.0,4500.0,No,0.0,693.0,127000.0,64100.0,Personal Loan EMI,420000.0,29,Not_Eligible,10850.0
48.0,Male,Single,Graduate,54500.0,Government,8.1,MNC,Rented,13500.0,2,1,5300.0,18200.0,3800.0,14400.0,8600.0,Yes,11900.0,649.0,61300.0,18100.0,Education EMI,234000.0,36,Not_Eligible,500.0
27.0,Female,Single,High School,32900.0,Private,0.5,Large Indian,Own,0.0,1,0,0.0,0.0,2400.0,5600.0,3100.0,No,0.0,745.0,192200.0,111200.0,Personal Loan EMI,999000.0,41,Not_Eligible,8720.0
48.0,Male,Married,Graduate,61100.0,Private,10.6,MNC,Own,0.0,4,3,0.0,0.0,4200.0,11400.0,10800.0,No,0.0,761.0,69800.0,25900.0,Home Appliances EMI,273000.0,36,Eligible,16656.0
27.0,Male,Single,Post Graduate,72900.0,Private,5.0,MNC,Family,0.0,1,0,0.0,0.0,3800.0,21300.0,6400.0,Yes,10200.0,711.0,344400.0,93200.0,Personal Loan EMI,967000.0,58,Not_Eligible,10920.0
38.0,Female,Married,Graduate,91500.0,Private,0.7,Startup,Rented,23900.0,3,2,11700.0,0.0,7200.0,18500.0,12100.0,Yes,24400.0,677.0,155400.0,76700.0,E-commerce Shopping EMI,40000.0,6,Not_Eligible,500.0
32.0,Female,Married,Professional,30100.0,Self-employed,2.1,Startup,Family,0.0,2,1,0.0,0.0,3700.0,8400.0,5300.0,No,0.0,686.0,29100.0,7700.0,Vehicle EMI,1.344e+06,42,Not_Eligible,4572.0
27.0,Female,Single,Graduate,65100.0,Private,3.8,Mid-size,Rented,13700.0,1,0,0.0,0.0,8900.0,19100.0,11900.0,No,0.0,666.0,145900.0,81300.0,Personal Loan EMI,836000.0,56,Not_Eligible,5750.0
38.0,Male,Married,Post Graduate,74200.0,Government,8.4,Mid-size,Rented,24700.0,3,2,14800.0,0.0,11000.0,13100.0,9300.0,No,0.0,651.0,103600.0,32400.0,Home Appliances EMI,267000.0,30,Not_Eligible,572.0
38.0,Male,Married,Graduate,38300.0,Private,1.4,Startup,Family,0.0,4,3,0.0,14700.0,2400.0,10100.0,4400.0,No,0.0,721.0,283200.0,116300.0,E-commerce Shopping EMI,29000.0,5,Not_Eligible,3685.0
38.0,Male,Married,Graduate,47900.0,Private,4.1,Mid-size,Family,0.0,4,3,12300.0,0.0,5000.0,9100.0,6800.0,Yes,11300.0,658.0,110800.0,62700.0,E-commerce Shopping EMI,178000.0,18,Not_Eligible,1190.0
38.0,Male,Married,Professional,55900.0,Private,0.5,MNC,Rented,19200.0,3,2,0.0,18700.0,4800.0,15400.0,7400.0,No,0.0,624.0,317200.0,134300.0,Vehicle EMI,1.426e+06,12,Not_Eligible,500.0
32.0,Female,Married,Professional,121800.0,Private,1.2,MNC,Own,0.0,2,1,6700.0,0.0,6200.0,20600.0,17800.0,No,0.0,850.0,529200.0,211800.0,Home Appliances EMI,50000.0,29,Eligible,42300.0
58.0,Female,Married,Graduate,66700.0,Private,1.6,Mid-size,Family,0.0,2,1,4100.0,0.0,9300.0,10600.0,4900.0,No,0.0,658.0,328000.0,155200.0,Vehicle EMI,1.262e+06,65,Not_Eligible,18900.0
32.0,Female,Married,Graduate,46600.0,Government,1.8,Large Indian,Own,0.0,2,1,0.0,0.0,3000.0,11200.0,2600.0,No,0.0,693.0,225300.0,55400.0,Home Appliances EMI,99000.0,31,Eligible,14900.0
48.0,Female,Married,Graduate,433332.0,Private,0.5,Large Indian,Family,0.0,4,3,0.0,0.0,2900.0,5000.0,4300.0,No,0.0,693.0,101700.0,43800.0,Home Appliances EMI,192000.0,25,Not_Eligible,6000.0
58.0,Male,Married,Graduate,98400.0,Private,1.1,Large Indian,Rented,26200.0,5,4,7300.0,0.0,11300.0,26300.0,16200.0,No,0.0,770.0,178300.0,97500.0,Personal Loan EMI,959000.0,45,Not_Eligible,5328.0
38.0,Male,Married,Post Graduate,68400.0,Private,5.6,Startup,Own,0.0,3,2,0.0,0.0,6200.0,20400.0,13500.0,Yes,9600.0,627.0,142300.0,78000.0,Vehicle EMI,987000.0,66,Not_Eligible,5236.0
32.0,Female,Married,Graduate,101800.0,Private,0.5,Mid-size,Own,0.0,3,2,8200.0,0.0,15200.0,22400.0,19900.0,No,0.0,679.0,293500.0,156500.0,Home Appliances EMI,175000.0,32,Eligible,14440.0
32.0,Female,Married,Graduate,26000.0,Private,0.7,MNC,Own,0.0,4,3,12400.0,0.0,2700.0,7300.0,4700.0,Yes,5300.0,635.0,21200.0,5400.0,Education EMI,181000.0,47,Not_Eligible,500.0
38.0,Male,Married,Post Graduate,33700.0,Private,0.5,MNC,Rented,10000.0,3,2,4400.0,0.0,3400.0,7300.0,4400.0,No,0.0,675.0,226700.0,56900.0,Vehicle EMI,1.43e+06,37,Not_Eligible,1848.0
48.0,M,Married,Graduate,54300.0,Private,3.2,Small,Own,0.0,4,3,0.0,0.0,3900.0,9900.0,4200.0,No,0.0,789.0,195700.0,74900.0,E-commerce Shopping EMI,107000.0,16,Eligible,21780.0
27.0,Male,Single,Graduate,23100.0,Private,0.7,MNC,Own,0.0,1,0,0.0,0.0,2400.0,5700.0,2100.0,No,0.0,728.0,35200.0,13800.0,E-commerce Shopping EMI,122000.0,18,Not_Eligible,4128.0
38.0,Male,Married,Graduate,74900.0,Private,7.9,Large Indian,Family,0.0,3,2,11100.0,15400.0,8800.0,11300.0,8100.0,Yes,11200.0,685.0,517000.0,301300.0,Home Appliances EMI,224000.0,17,Not_Eligible,3465.0
38.0,Female,Married,Graduate,31600.0,Government,4.5,Startup,Own,0.0,3,2,14500.0,18600.0,4700.0,7900.0,2100.0,No,0.0,662.0,76000.0,34500.0,Home Appliances EMI,129000.0,10,Not_Eligible,500.0
38.0,Male,Married,Professional,61900.0,Private,6.8,Mid-size,Rented,17400.0,3,2,6700.0,0.0,8500.0,13800.0,12000.0,Yes,13600.0,727.0,409100.0,214800.0,Home Appliances EMI,276000.0,18,Not_Eligible,500.0
38.0,Female,Married,Graduate,60100.0,Private,11.4,Large Indian,Own,0.0,2,1,5400.0,10500.0,4200.0,12900.0,6600.0,No,0.0,736.0,265500.0,109300.0,Home Appliances EMI,219000.0,26,High_Risk,10250.0
48.0,Male,Married,Graduate,77000.0,Private,2.3,Mid-size,Family,0.0,3,2,9300.0,0.0,5700.0,15000.0,4700.0,Yes,15600.0,753.0,148000.0,71000.0,Personal Loan EMI,112000.0,37,Eligible,8971.2
32.0,Male,Married,Post Graduate,73200.0,Private,4.8,MNC,Own,0.0,5,4,0.0,0.0,4500.0,12500.0,10600.0,No,0.0,703.0,565500.0,299900.0,Home Appliances EMI,42000.0,32,Eligible,25080.0
48.0,Male,Married,Post Graduate,122200.0,Private,17.1,Mid-size,Family,0.0,5,4,0.0,6200.0,14100.0,25800.0,19700.0,No,0.0,708.0,469000.0,245300.0,Personal Loan EMI,852000.0,60,Eligible,28200.0
38.0,Female,Married,Graduate,20700.0,Government,2.2,Mid-size,Own,0.0,5,4,0.0,10400.0,1700.0,5800.0,2400.0,No,0.0,744.0,149600.0,37600.0,E-commerce Shopping EMI,186000.0,16,Not_Eligible,500.0
32.0,Male,Married,Post Graduate,49900.0,Private,4.6,Large Indian,Rented,8700.0,4,3,14700.0,24900.0,7100.0,10600.0,5200.0,No,0.0,640.0,215800.0,51100.0,Vehicle EMI,150000.0,60,Not_Eligible,500.0
38.0,Male,Married,Graduate,32900.0,Government,0.7,Startup,Own,11394.0,3,2,0.0,0.0,3800.0,6900.0,3900.0,No,0.0,850.0,182700.0,69600.0,Home Appliances EMI,23000.0,23,Eligible,10980.0
27.0,Female,Married,Graduate,32600.0,Self-employed,4.0,MNC,Rented,9300.0,2,1,2300.0,20600.0,2600.0,6800.0,3000.0,No,0.0,727.0,40600.0,18400.0,Personal Loan EMI,796000.0,27,Not_Eligible,500.0
32.0,Female,Married,Post Graduate,57500.0,Government,0.5,Startup,Rented,8700.0,3,2,0.0,6100.0,3900.0,14400.0,3800.0,No,0.0,756.0,438800.0,214700.0,Education EMI,277000.0,40,Eligible,13596.0
38.0,Male,Married,Post Graduate,37100.0,Private,1.3,Large Indian,Rented,6700.0,2,1,10100.0,0.0,2800.0,8200.0,3300.0,No,0.0,805.0,172300.0,85900.0,Vehicle EMI,736000.0,58,Not_Eligible,3600.0
38.0,Female,Married,Graduate,56400.0,Private,11.3,Mid-size,Own,0.0,3,2,0.0,0.0,7700.0,9700.0,7100.0,Yes,12200.0,741.0,69600.0,32600.0,Vehicle EMI,302000.0,64,Not_Eligible,5516.0
32.0,Female,Single,High School,43300.0,Private,0.5,Startup,Own,0.0,2,1,14100.0,0.0,2800.0,8000.0,8500.0,No,0.0,806.0,199800.0,70600.0,Personal Loan EMI,974000.0,25,Not_Eligible,4752.0
27.0,Female,Single,Graduate,38300.0,Private,1.2,MNC,Rented,6100.0,2,1,14000.0,0.0,5400.0,6400.0,2500.0,Yes,10800.0,637.0,256200.0,126400.0,Personal Loan EMI,298000.0,17,Not_Eligible,500.0
32.0,Female,Married,Professional,48800.0,Private,0.5,MNC,Family,0.0,3,2,4300.0,0.0,5100.0,13800.0,6800.0,Yes,8000.0,749.0,217800.0,126900.0,Education EMI,200000.0,40,Not_Eligible,3024.0
32.0,Male,Married,Graduate,65800.0,Private,0.5,Startup,Own,0.0,2,1,0.0,0.0,3500.0,12200.0,4800.0,Yes,16700.0,745.0,398400.0,82600.0,Personal Loan EMI,283000.0,42,Not_Eligible,8808.8
48.0,Male,Married,Post Graduate,62500.0,Self-employed,12.2,MNC,Own,0.0,4,3,8600.0,0.0,4500.0,9500.0,5900.0,Yes,13400.0,557.0,201500.0,45600.0,Vehicle EMI,83000.0,70,Eligible,5191.2
27.0,Male,Single,Professional,38000.0,Private,5.0,MNC,Family,0.0,1,0,0.0,0.0,4800.0,10700.0,3300.0,Yes,5900.0,680.0,54600.0,20200.0,E-commerce Shopping EMI,147000.0,23,Not_Eligible,3724.0
48.0,Male,Married,High School,45400.0,Private,7.7,MNC,Own,0.0,5,4,0.0,0.0,2700.0,8500.0,3100.0,No,0.0,642.0,182400.0,106300.0,Personal Loan EMI,78000.0,44,Eligible,12440.0
58.0,Female,Single,Graduate,68000.0,Private,11.6,Mid-size,Family,0.0,1,0,0.0,0.0,10000.0,12500.0,8100.0,No,0.0,739.0,513300.0,253900.0,Personal Loan EMI,335000.0,28,Eligible,20570.0
38.0,Male,Married,Graduate,58000.0,Government,16.0,Startup,Own,0.0,3,2,0.0,0.0,8400.0,12800.0,8300.0,No,0.0,837.0,331200.0,68600.0,Personal Loan EMI,240000.0,54,Eligible,18810.0
32.0,Female,Single,Post Graduate,19500.0,Private,1.1,Mid-size,Own,0.0,2,1,0.0,21000.0,2200.0,3000.0,2200.0,Yes,3800.0,606.0,108400.0,50900.0,E-commerce Shopping EMI,53000.0,21,Not_Eligible,500.0
32.0,Female,Married,Post Graduate,48200.0,Private,1.2,Large Indian,Own,0.0,3,2,11100.0,8800.0,6400.0,9000.0,8700.0,No,0.0,721.0,315400.0,143500.0,E-commerce Shopping EMI,126000.0,4,Not_Eligible,2310.0
